CustomerID,Recency,Frequency,Monetary,TotalQuantity,R_Score,F_Score,M_Score,RFM,Segment,Priority,ImpactRate,PotentialImpactRevenue
12346,326,12,77556.46,74285,2,5,5,255,High Value At Risk,P1 - Immediate Retention,0.35,27144.761000000002
12347,2,8,5633.32,3286,5,4,5,545,VIP Loyal,P2 - Maintain Loyalty,0.1,563.332
12348,75,5,2019.4,2714,3,4,4,344,Growth Potential,P3 - Upsell Opportunity,0.15,302.91
12349,19,4,4428.69,1624,5,3,5,535,VIP Loyal,P2 - Maintain Loyalty,0.1,442.86899999999997
12350,310,1,334.4,197,2,1,2,212,Low Priority,P5 - Minimal Effort,0.0,0.0
12351,375,1,300.93,261,2,1,2,212,Low Priority,P5 - Minimal Effort,0.0,0.0
12352,36,10,2849.84,724,4,5,4,454,VIP Loyal,P2 - Maintain Loyalty,0.1,284.98400000000004
12353,204,2,406.76,212,2,2,2,222,Low Priority,P5 - Minimal Effort,0.0,0.0
12354,232,1,1079.4,530,2,1,3,213,Low Priority,P5 - Minimal Effort,0.0,0.0
12355,214,2,947.61,543,2,2,3,223,Low Priority,P5 - Minimal Effort,0.0,0.0
12356,23,6,6373.68,3417,4,4,5,445,VIP Loyal,P2 - Maintain Loyalty,0.1,637.368
12357,33,3,18287.66,6587,4,3,5,435,VIP Loyal,P2 - Maintain Loyalty,0.1,1828.766
12358,2,5,3887.07,1079,5,4,5,545,VIP Loyal,P2 - Maintain Loyalty,0.1,388.70700000000005
12359,58,10,8935.94,2752,4,5,5,455,VIP Loyal,P2 - Maintain Loyalty,0.1,893.594
12360,52,8,4252.89,2459,4,4,5,445,VIP Loyal,P2 - Maintain Loyalty,0.1,425.28900000000004
12361,287,4,511.25,235,2,3,2,232,Low Priority,P5 - Minimal Effort,0.0,0.0
12362,3,11,5356.23,2230,5,5,5,555,VIP Loyal,P2 - Maintain Loyalty,0.1,535.6229999999999
12363,110,2,552.0,408,3,2,2,322,Low Priority,P5 - Minimal Effort,0.0,0.0
12364,8,4,1313.1,1506,5,3,4,534,VIP Loyal,P2 - Maintain Loyalty,0.1,131.31
12365,291,2,641.38,174,2,2,3,223,Low Priority,P5 - Minimal Effort,0.0,0.0
12366,634,1,500.24,296,1,1,2,112,Low Priority,P5 - Minimal Effort,0.0,0.0
12367,4,1,168.9,173,5,1,1,511,New/Low Spend Active,P4 - Nurture,0.05,8.445
12368,628,1,917.6999999999999,330,1,1,3,113,Low Priority,P5 - Minimal Effort,0.0,0.0
12369,413,3,1791.15,1241,1,3,4,134,High Value At Risk,P1 - Immediate Retention,0.35,626.9025
12370,51,7,4320.31,2605,4,4,5,445,VIP Loyal,P2 - Maintain Loyalty,0.1,432.03100000000006
12371,45,5,4067.38,1436,4,4,5,445,VIP Loyal,P2 - Maintain Loyalty,0.1,406.73800000000006
12372,72,3,1298.04,794,3,3,4,334,Growth Potential,P3 - Upsell Opportunity,0.15,194.706
12373,311,3,1127.65,516,2,3,3,233,Growth Potential,P3 - Upsell Opportunity,0.15,169.1475
12374,25,4,2989.2200000000003,1362,4,3,5,435,VIP Loyal,P2 - Maintain Loyalty,0.1,298.922
12375,11,2,457.5,178,5,2,2,522,New/Low Spend Active,P4 - Nurture,0.05,22.875
12376,390,2,503.15,240,2,2,2,222,Low Priority,P5 - Minimal Effort,0.0,0.0
12377,315,4,3426.32,2105,2,3,5,235,High Value At Risk,P1 - Immediate Retention,0.35,1199.212
12378,130,2,5416.32,3316,3,2,5,325,Low Priority,P5 - Minimal Effort,0.0,0.0
12379,82,4,1620.22,815,3,3,4,334,Growth Potential,P3 - Upsell Opportunity,0.15,243.033
12380,22,11,9676.300000000001,3355,4,5,5,455,VIP Loyal,P2 - Maintain Loyalty,0.1,967.6300000000001
12381,5,5,1845.31,808,5,4,4,544,VIP Loyal,P2 - Maintain Loyalty,0.1,184.531
12383,185,5,1850.56,1532,3,4,4,344,Growth Potential,P3 - Upsell Opportunity,0.15,277.584
12384,29,2,585.27,126,4,2,2,422,New/Low Spend Active,P4 - Nurture,0.05,29.2635
12385,379,1,1938.4,612,2,1,4,214,High Value At Risk,P1 - Immediate Retention,0.35,678.4399999999999
12386,338,2,660.8,568,2,2,3,223,Low Priority,P5 - Minimal Effort,0.0,0.0
12387,415,1,143.94,134,1,1,1,111,Low Priority,P5 - Minimal Effort,0.0,0.0
12388,16,8,3901.11,2001,5,4,5,545,VIP Loyal,P2 - Maintain Loyalty,0.1,390.11100000000005
12389,403,3,1433.33,614,2,3,4,234,High Value At Risk,P1 - Immediate Retention,0.35,501.66549999999995
12390,80,1,549.84,353,3,1,2,312,Low Priority,P5 - Minimal Effort,0.0,0.0
12391,22,6,2773.42,1220,4,4,4,444,VIP Loyal,P2 - Maintain Loyalty,0.1,277.34200000000004
12392,591,1,234.75000000000003,73,1,1,1,111,Low Priority,P5 - Minimal Effort,0.0,0.0
12393,72,6,2399.4500000000003,1311,3,4,4,344,Growth Potential,P3 - Upsell Opportunity,0.15,359.9175
12394,64,2,1272.48,819,3,2,4,324,Low Priority,P5 - Minimal Effort,0.0,0.0
12395,19,15,5067.27,3733,5,5,5,555,VIP Loyal,P2 - Maintain Loyalty,0.1,506.7270000000001
12396,674,1,931.43,591,1,1,3,113,Low Priority,P5 - Minimal Effort,0.0,0.0
12397,36,2,2409.9,1263,4,2,4,424,VIP Loyal,P2 - Maintain Loyalty,0.1,240.99
12398,46,1,1635.6599999999999,1394,4,1,4,414,VIP Loyal,P2 - Maintain Loyalty,0.1,163.566
12399,119,7,1962.3,2198,3,4,4,344,Growth Potential,P3 - Upsell Opportunity,0.15,294.34499999999997
12400,414,1,205.25,91,1,1,1,111,Low Priority,P5 - Minimal Effort,0.0,0.0
12401,303,1,84.3,11,2,1,1,211,Low Priority,P5 - Minimal Effort,0.0,0.0
12402,323,6,1256.9,584,2,4,4,244,High Value At Risk,P1 - Immediate Retention,0.35,439.915
12403,50,2,1019.36,260,4,2,3,423,Low Priority,P5 - Minimal Effort,0.0,0.0
12404,682,1,63.24,1,1,1,1,111,Low Priority,P5 - Minimal Effort,0.0,0.0
12405,149,1,1710.39,857,3,1,4,314,Low Priority,P5 - Minimal Effort,0.0,0.0
12406,22,5,6390.36,3416,4,4,5,445,VIP Loyal,P2 - Maintain Loyalty,0.1,639.0360000000001
12407,50,5,1708.1200000000001,1416,4,4,4,444,VIP Loyal,P2 - Maintain Loyalty,0.1,170.812
12408,33,8,4340.7699999999995,2229,4,4,5,445,VIP Loyal,P2 - Maintain Loyalty,0.1,434.077
12409,79,7,23419.29,13143,3,4,5,345,Growth Potential,P3 - Upsell Opportunity,0.15,3512.8935
12410,309,3,1013.71,341,2,3,3,233,Growth Potential,P3 - Upsell Opportunity,0.15,152.0565
12411,410,1,346.9,138,2,1,2,212,Low Priority,P5 - Minimal Effort,0.0,0.0
12412,75,6,2596.93,1997,3,4,4,344,Growth Potential,P3 - Upsell Opportunity,0.15,389.5395
12413,67,4,999.45,319,3,3,3,333,Growth Potential,P3 - Upsell Opportunity,0.15,149.9175
12414,217,6,952.41,495,2,4,3,243,Growth Potential,P3 - Upsell Opportunity,0.15,142.86149999999998
12415,24,28,144458.37,91447,4,5,5,455,VIP Loyal,P2 - Maintain Loyalty,0.1,14445.837
12416,657,1,202.56,132,1,1,1,111,Low Priority,P5 - Minimal Effort,0.0,0.0
12417,3,20,6816.91,2890,5,5,5,555,VIP Loyal,P2 - Maintain Loyalty,0.1,681.691
12418,113,4,2021.2,1088,3,3,4,334,Growth Potential,P3 - Upsell Opportunity,0.15,303.18
12419,386,2,503.01,231,2,2,2,222,Low Priority,P5 - Minimal Effort,0.0,0.0
12420,64,1,600.39,345,3,1,2,312,Low Priority,P5 - Minimal Effort,0.0,0.0
12421,16,6,1098.6,652,5,4,3,543,Growth Potential,P3 - Upsell Opportunity,0.15,164.79
12422,96,17,5231.8,2596,3,5,5,355,Growth Potential,P3 - Upsell Opportunity,0.15,784.77
12423,1,10,2622.39,1793,5,5,4,554,VIP Loyal,P2 - Maintain Loyalty,0.1,262.239
12424,163,4,3340.03,2025,3,3,5,335,Growth Potential,P3 - Upsell Opportunity,0.15,501.0045
12425,78,2,1741.41,1147,3,2,4,324,Low Priority,P5 - Minimal Effort,0.0,0.0
12426,195,2,1345.21,584,2,2,4,224,High Value At Risk,P1 - Immediate Retention,0.35,470.82349999999997
12427,22,3,1129.3,612,4,3,3,433,Growth Potential,P3 - Upsell Opportunity,0.15,169.39499999999998
12428,26,9,7956.46,3536,4,5,5,455,VIP Loyal,P2 - Maintain Loyalty,0.1,795.6460000000001
12429,9,8,7485.91,3344,5,4,5,545,VIP Loyal,P2 - Maintain Loyalty,0.1,748.591
12430,43,1,256.4,117,4,1,1,411,New/Low Spend Active,P4 - Nurture,0.05,12.82
12431,36,27,10857.97,4717,4,5,5,455,VIP Loyal,P2 - Maintain Loyalty,0.1,1085.797
12432,43,5,5059.32,1801,4,4,5,445,VIP Loyal,P2 - Maintain Loyalty,0.1,505.932
12433,1,10,20581.26,17116,5,5,5,555,VIP Loyal,P2 - Maintain Loyalty,0.1,2058.1259999999997
12434,85,3,1103.43,532,3,3,3,333,Growth Potential,P3 - Upsell Opportunity,0.15,165.5145
12435,80,6,13925.93,4958,3,4,5,345,Growth Potential,P3 - Upsell Opportunity,0.15,2088.8894999999998
12436,100,1,509.01,211,3,1,2,312,Low Priority,P5 - Minimal Effort,0.0,0.0
12437,2,39,12683.4,8000,5,5,5,555,VIP Loyal,P2 - Maintain Loyalty,0.1,1268.3400000000001
12438,14,2,2906.85,1180,5,2,4,524,VIP Loyal,P2 - Maintain Loyalty,0.1,290.685
12439,683,2,1158.18,484,1,2,3,123,Low Priority,P5 - Minimal Effort,0.0,0.0
12440,462,2,859.2,331,1,2,3,123,Low Priority,P5 - Minimal Effort,0.0,0.0
12441,367,1,347.1,242,2,1,2,212,Low Priority,P5 - Minimal Effort,0.0,0.0
12442,3,1,172.06,182,5,1,1,511,New/Low Spend Active,P4 - Nurture,0.05,8.603
12443,732,1,485.31,182,1,1,2,112,Low Priority,P5 - Minimal Effort,0.0,0.0
12444,21,5,5005.46,1153,4,4,5,445,VIP Loyal,P2 - Maintain Loyalty,0.1,500.54600000000005
12445,22,2,434.98,206,4,2,2,422,New/Low Spend Active,P4 - Nurture,0.05,21.749000000000002
12446,58,1,1002.3100000000001,351,4,1,3,413,Low Priority,P5 - Minimal Effort,0.0,0.0
12447,243,1,476.49,190,2,1,2,212,Low Priority,P5 - Minimal Effort,0.0,0.0
12448,44,1,449.45,243,4,1,2,412,New/Low Spend Active,P4 - Nurture,0.05,22.4725
12449,22,6,4835.89,2282,4,4,5,445,VIP Loyal,P2 - Maintain Loyalty,0.1,483.58900000000006
12450,156,5,688.2,442,3,4,3,343,Growth Potential,P3 - Upsell Opportunity,0.15,103.23
12451,11,8,12669.88,9359,5,4,5,545,VIP Loyal,P2 - Maintain Loyalty,0.1,1266.988
12452,17,2,430.57,185,5,2,2,522,New/Low Spend Active,P4 - Nurture,0.05,21.5285
12453,134,1,707.09,473,3,1,3,313,Low Priority,P5 - Minimal Effort,0.0,0.0
12454,56,5,16679.78,7703,4,4,5,445,VIP Loyal,P2 - Maintain Loyalty,0.1,1667.978
12455,73,10,5879.95,3302,3,5,5,355,Growth Potential,P3 - Upsell Opportunity,0.15,881.9925
12456,44,3,3181.04,1633,4,3,5,435,VIP Loyal,P2 - Maintain Loyalty,0.1,318.10400000000004
12457,66,8,2995.91,1094,3,4,5,345,Growth Potential,P3 - Upsell Opportunity,0.15,449.38649999999996
12458,71,4,1777.49,986,3,3,4,334,Growth Potential,P3 - Upsell Opportunity,0.15,266.6235
12459,605,1,454.36,258,1,1,2,112,Low Priority,P5 - Minimal Effort,0.0,0.0
12460,456,1,326.65,170,1,1,2,112,Low Priority,P5 - Minimal Effort,0.0,0.0
12461,94,2,826.88,287,3,2,3,323,Low Priority,P5 - Minimal Effort,0.0,0.0
12462,19,2,1189.59,536,5,2,3,523,Low Priority,P5 - Minimal Effort,0.0,0.0
12463,53,4,1344.78,776,4,3,4,434,VIP Loyal,P2 - Maintain Loyalty,0.1,134.478
12464,10,8,1212.05,112,5,4,3,543,Growth Potential,P3 - Upsell Opportunity,0.15,181.80749999999998
12465,17,2,742.1899999999999,479,5,2,3,523,Low Priority,P5 - Minimal Effort,0.0,0.0
12466,682,1,56.73,1,1,1,1,111,Low Priority,P5 - Minimal Effort,0.0,0.0
12467,423,1,132.8,129,1,1,1,111,Low Priority,P5 - Minimal Effort,0.0,0.0
12468,188,5,3670.74,2201,3,4,5,345,Growth Potential,P3 - Upsell Opportunity,0.15,550.611
12469,523,2,3070.54,2552,1,2,5,125,High Value At Risk,P1 - Immediate Retention,0.35,1074.6889999999999
12470,690,1,211.95,95,1,1,1,111,Low Priority,P5 - Minimal Effort,0.0,0.0
12471,2,79,39963.79,16882,5,5,5,555,VIP Loyal,P2 - Maintain Loyalty,0.1,3996.3790000000004
12472,32,19,17880.59,11350,4,5,5,455,VIP Loyal,P2 - Maintain Loyalty,0.1,1788.0590000000002
12473,29,5,3938.5499999999997,2439,4,4,5,445,VIP Loyal,P2 - Maintain Loyalty,0.1,393.855
12474,17,31,12424.45,7954,5,5,5,555,VIP Loyal,P2 - Maintain Loyalty,0.1,1242.4450000000002
12475,54,2,1149.64,771,4,2,3,423,Low Priority,P5 - Minimal Effort,0.0,0.0
12476,16,23,14115.41,5645,5,5,5,555,VIP Loyal,P2 - Maintain Loyalty,0.1,1411.5410000000002
12477,23,9,20276.37,6119,4,5,5,455,VIP Loyal,P2 - Maintain Loyalty,0.1,2027.637
12478,4,1,680.99,236,5,1,3,513,Low Priority,P5 - Minimal Effort,0.0,0.0
12479,11,1,527.2,385,5,1,2,512,New/Low Spend Active,P4 - Nurture,0.05,26.360000000000003
12480,28,7,5464.85,2952,4,4,5,445,VIP Loyal,P2 - Maintain Loyalty,0.1,546.485
12481,23,15,12361.39,7253,4,5,5,455,VIP Loyal,P2 - Maintain Loyalty,0.1,1236.1390000000001
12482,576,29,23691.4,27042,1,5,5,155,High Value At Risk,P1 - Immediate Retention,0.35,8291.99
12483,17,19,5120.58,2172,5,5,5,555,VIP Loyal,P2 - Maintain Loyalty,0.1,512.058
12484,33,12,6370.15,3271,4,5,5,455,VIP Loyal,P2 - Maintain Loyalty,0.1,637.015
12485,529,1,708.1,414,1,1,3,113,Low Priority,P5 - Minimal Effort,0.0,0.0
12486,432,1,1037.28,523,1,1,3,113,Low Priority,P5 - Minimal Effort,0.0,0.0
12487,731,1,285.29999999999995,174,1,1,1,111,Low Priority,P5 - Minimal Effort,0.0,0.0
12488,10,3,1298.66,529,5,3,4,534,VIP Loyal,P2 - Maintain Loyalty,0.1,129.866
12489,336,1,334.93,105,2,1,2,212,Low Priority,P5 - Minimal Effort,0.0,0.0
12490,5,21,9823.64,5906,5,5,5,555,VIP Loyal,P2 - Maintain Loyalty,0.1,982.364
12491,39,1,460.40000000000003,260,4,1,2,412,New/Low Spend Active,P4 - Nurture,0.05,23.020000000000003
12492,63,3,715.21,444,3,3,3,333,Growth Potential,P3 - Upsell Opportunity,0.15,107.28150000000001
12493,166,2,433.74,207,3,2,2,322,Low Priority,P5 - Minimal Effort,0.0,0.0
12494,16,9,1872.8700000000001,988,5,5,4,554,VIP Loyal,P2 - Maintain Loyalty,0.1,187.28700000000003
12495,641,1,357.4,130,1,1,2,112,Low Priority,P5 - Minimal Effort,0.0,0.0
12496,620,2,54.09,33,1,2,1,121,Low Priority,P5 - Minimal Effort,0.0,0.0
12497,82,3,6248.5,5685,3,3,5,335,Growth Potential,P3 - Upsell Opportunity,0.15,937.275
12498,21,3,403.70000000000005,159,4,3,2,432,New/Low Spend Active,P4 - Nurture,0.05,20.185000000000002
12499,560,1,393.72,302,1,1,2,112,Low Priority,P5 - Minimal Effort,0.0,0.0
12500,23,19,5955.21,3377,4,5,5,455,VIP Loyal,P2 - Maintain Loyalty,0.1,595.5210000000001
12501,337,1,2169.39,1783,2,1,4,214,High Value At Risk,P1 - Immediate Retention,0.35,759.2864999999999
12502,96,5,3723.87,820,3,4,5,345,Growth Potential,P3 - Upsell Opportunity,0.15,558.5804999999999
12503,584,1,1126.0,561,1,1,3,113,Low Priority,P5 - Minimal Effort,0.0,0.0
12504,18,4,779.05,458,5,3,3,533,Growth Potential,P3 - Upsell Opportunity,0.15,116.85749999999999
12505,409,1,955.2,324,2,1,3,213,Low Priority,P5 - Minimal Effort,0.0,0.0
12506,233,1,73.5,23,2,1,1,211,Low Priority,P5 - Minimal Effort,0.0,0.0
12507,134,4,1844.06,1256,3,3,4,334,Growth Potential,P3 - Upsell Opportunity,0.15,276.609
12508,26,2,398.27,272,4,2,2,422,New/Low Spend Active,P4 - Nurture,0.05,19.9135
12509,284,1,176.5,55,2,1,1,211,Low Priority,P5 - Minimal Effort,0.0,0.0
12510,143,9,5178.02,2049,3,5,5,355,Growth Potential,P3 - Upsell Opportunity,0.15,776.7030000000001
12511,429,1,3084.02,1753,1,1,5,115,High Value At Risk,P1 - Immediate Retention,0.35,1079.407
12512,66,2,138.03,99,3,2,1,321,Low Priority,P5 - Minimal Effort,0.0,0.0
12513,113,1,612.29,462,3,1,2,312,Low Priority,P5 - Minimal Effort,0.0,0.0
12514,267,2,1597.76,840,2,2,4,224,High Value At Risk,P1 - Immediate Retention,0.35,559.216
12515,353,1,383.7,131,2,1,2,212,Low Priority,P5 - Minimal Effort,0.0,0.0
12516,78,4,2648.62,1952,3,3,4,334,Growth Potential,P3 - Upsell Opportunity,0.15,397.29299999999995
12517,28,5,2502.84,1371,4,4,4,444,VIP Loyal,P2 - Maintain Loyalty,0.1,250.28400000000002
12518,1,5,2056.89,1318,5,4,4,544,VIP Loyal,P2 - Maintain Loyalty,0.1,205.689
12519,64,2,726.54,395,3,2,3,323,Low Priority,P5 - Minimal Effort,0.0,0.0
12520,79,5,2634.26,1439,3,4,4,344,Growth Potential,P3 - Upsell Opportunity,0.15,395.139
12521,143,1,599.68,309,3,1,2,312,Low Priority,P5 - Minimal Effort,0.0,0.0
12522,39,2,192.72,194,4,2,1,421,New/Low Spend Active,P4 - Nurture,0.05,9.636000000000001
12523,19,23,4372.15,2275,5,5,5,555,VIP Loyal,P2 - Maintain Loyalty,0.1,437.215
12524,9,17,11126.11,7178,5,5,5,555,VIP Loyal,P2 - Maintain Loyalty,0.1,1112.611
12525,498,3,973.73,509,1,3,3,133,Growth Potential,P3 - Upsell Opportunity,0.15,146.05949999999999
12526,1,3,1316.66,632,5,3,4,534,VIP Loyal,P2 - Maintain Loyalty,0.1,131.66600000000003
12527,82,5,735.51,526,3,4,3,343,Growth Potential,P3 - Upsell Opportunity,0.15,110.3265
12528,9,6,1933.48,756,5,4,4,544,VIP Loyal,P2 - Maintain Loyalty,0.1,193.348
12529,528,1,316.48,192,1,1,2,112,Low Priority,P5 - Minimal Effort,0.0,0.0
12530,60,9,3759.26,2713,3,5,5,355,Growth Potential,P3 - Upsell Opportunity,0.15,563.889
12531,15,2,1933.2,1119,5,2,4,524,VIP Loyal,P2 - Maintain Loyalty,0.1,193.32000000000002
12532,30,1,349.83000000000004,153,4,1,2,412,New/Low Spend Active,P4 - Nurture,0.05,17.491500000000002
12533,628,2,1367.89,704,1,2,4,124,High Value At Risk,P1 - Immediate Retention,0.35,478.7615
12534,131,1,1089.18,651,3,1,3,313,Low Priority,P5 - Minimal Effort,0.0,0.0
12535,92,2,716.35,219,3,2,3,323,Low Priority,P5 - Minimal Effort,0.0,0.0
12536,43,3,12601.830000000002,2803,4,3,5,435,VIP Loyal,P2 - Maintain Loyalty,0.1,1260.1830000000002
12537,409,1,732.94,449,2,1,3,213,Low Priority,P5 - Minimal Effort,0.0,0.0
12538,29,2,640.45,336,4,2,3,423,Low Priority,P5 - Minimal Effort,0.0,0.0
12539,22,7,11214.75,4535,4,4,5,445,VIP Loyal,P2 - Maintain Loyalty,0.1,1121.4750000000001
12540,20,33,22254.49,11019,4,5,5,455,VIP Loyal,P2 - Maintain Loyalty,0.1,2225.449
12541,30,3,981.18,680,4,3,3,433,Growth Potential,P3 - Upsell Opportunity,0.15,147.177
12542,484,2,481.88,522,1,2,2,122,Low Priority,P5 - Minimal Effort,0.0,0.0
12543,448,1,980.25,688,1,1,3,113,Low Priority,P5 - Minimal Effort,0.0,0.0
12544,36,1,372.7,136,4,1,2,412,New/Low Spend Active,P4 - Nurture,0.05,18.635
12545,75,2,1000.39,523,3,2,3,323,Low Priority,P5 - Minimal Effort,0.0,0.0
12546,47,2,1161.5,633,4,2,3,423,Low Priority,P5 - Minimal Effort,0.0,0.0
12547,198,3,383.58,309,2,3,2,232,Low Priority,P5 - Minimal Effort,0.0,0.0
12548,166,1,95.19999999999999,49,3,1,1,311,Low Priority,P5 - Minimal Effort,0.0,0.0
12549,576,6,1575.68,1366,1,4,4,144,High Value At Risk,P1 - Immediate Retention,0.35,551.4879999999999
12550,79,1,964.83,569,3,1,3,313,Low Priority,P5 - Minimal Effort,0.0,0.0
12551,358,1,168.0,100,2,1,1,211,Low Priority,P5 - Minimal Effort,0.0,0.0
12552,39,2,437.82,88,4,2,2,422,New/Low Spend Active,P4 - Nurture,0.05,21.891000000000002
12553,8,12,4608.75,2325,5,5,5,555,VIP Loyal,P2 - Maintain Loyalty,0.1,460.875
12554,449,1,468.5,240,1,1,2,112,Low Priority,P5 - Minimal Effort,0.0,0.0
12555,682,1,129.23,1,1,1,1,111,Low Priority,P5 - Minimal Effort,0.0,0.0
12556,50,2,603.71,358,4,2,2,422,New/Low Spend Active,P4 - Nurture,0.05,30.185500000000005
12557,16,8,18716.14,6782,5,4,5,545,VIP Loyal,P2 - Maintain Loyalty,0.1,1871.614
12558,8,1,269.96,196,5,1,1,511,New/Low Spend Active,P4 - Nurture,0.05,13.498
12559,311,2,561.71,283,2,2,2,222,Low Priority,P5 - Minimal Effort,0.0,0.0
12560,5,3,2134.01,1110,5,3,4,534,VIP Loyal,P2 - Maintain Loyalty,0.1,213.40100000000004
12561,303,1,238.85,177,2,1,1,211,Low Priority,P5 - Minimal Effort,0.0,0.0
12562,8,9,4966.92,2327,5,5,5,555,VIP Loyal,P2 - Maintain Loyalty,0.1,496.692
12563,409,1,249.24,113,2,1,1,211,Low Priority,P5 - Minimal Effort,0.0,0.0
12564,261,1,456.9,133,2,1,2,212,Low Priority,P5 - Minimal Effort,0.0,0.0
12565,289,1,145.92,80,2,1,1,211,Low Priority,P5 - Minimal Effort,0.0,0.0
12566,86,1,351.65,265,3,1,2,312,Low Priority,P5 - Minimal Effort,0.0,0.0
12567,23,15,13709.86,6086,4,5,5,455,VIP Loyal,P2 - Maintain Loyalty,0.1,1370.986
12568,645,1,70.0,48,1,1,1,111,Low Priority,P5 - Minimal Effort,0.0,0.0
12569,2,32,4124.69,1801,5,5,5,555,VIP Loyal,P2 - Maintain Loyalty,0.1,412.469
12570,682,1,77.52,1,1,1,1,111,Low Priority,P5 - Minimal Effort,0.0,0.0
12571,40,2,519.61,523,4,2,2,422,New/Low Spend Active,P4 - Nurture,0.05,25.980500000000003
12572,9,2,1020.42,452,5,2,3,523,Low Priority,P5 - Minimal Effort,0.0,0.0
12573,227,5,717.41,479,2,4,3,243,Growth Potential,P3 - Upsell Opportunity,0.15,107.61149999999999
12574,316,1,218.45,61,2,1,1,211,Low Priority,P5 - Minimal Effort,0.0,0.0
12575,457,2,622.8199999999999,315,1,2,3,123,Low Priority,P5 - Minimal Effort,0.0,0.0
12576,36,8,2142.72,1494,4,4,4,444,VIP Loyal,P2 - Maintain Loyalty,0.1,214.272
12577,35,8,1653.75,1197,4,4,4,444,VIP Loyal,P2 - Maintain Loyalty,0.1,165.375
12578,21,4,4642.45,2380,4,3,5,435,VIP Loyal,P2 - Maintain Loyalty,0.1,464.245
12579,78,1,440.42,285,3,1,2,312,Low Priority,P5 - Minimal Effort,0.0,0.0
12580,247,2,1052.9,569,2,2,3,223,Low Priority,P5 - Minimal Effort,0.0,0.0
12581,40,1,197.71,161,4,1,1,411,New/Low Spend Active,P4 - Nurture,0.05,9.8855
12582,239,4,1980.4,985,2,3,4,234,High Value At Risk,P1 - Immediate Retention,0.35,693.14
12583,3,27,14447.44,8984,5,5,5,555,VIP Loyal,P2 - Maintain Loyalty,0.1,1444.7440000000001
12584,4,9,2338.15,416,5,5,4,554,VIP Loyal,P2 - Maintain Loyalty,0.1,233.81500000000003
12585,234,2,2040.1,1279,2,2,4,224,High Value At Risk,P1 - Immediate Retention,0.35,714.035
12586,17,4,2062.67,687,5,3,4,534,VIP Loyal,P2 - Maintain Loyalty,0.1,206.26700000000002
12587,8,1,144.0,51,5,1,1,511,New/Low Spend Active,P4 - Nurture,0.05,7.2
12588,39,4,958.78,438,4,3,3,433,Growth Potential,P3 - Upsell Opportunity,0.15,143.81699999999998
12589,29,8,4695.66,1764,4,4,5,445,VIP Loyal,P2 - Maintain Loyalty,0.1,469.56600000000003
12590,211,2,9864.26,4283,2,2,5,225,High Value At Risk,P1 - Immediate Retention,0.35,3452.491
12591,317,3,1352.15,677,2,3,4,234,High Value At Risk,P1 - Immediate Retention,0.35,473.2525
12592,92,5,2582.66,1875,3,4,4,344,Growth Potential,P3 - Upsell Opportunity,0.15,387.39899999999994
12593,109,3,418.09999999999997,206,3,3,2,332,Low Priority,P5 - Minimal Effort,0.0,0.0
12594,38,15,5090.110000000001,2768,4,5,5,455,VIP Loyal,P2 - Maintain Loyalty,0.1,509.0110000000001
12595,505,1,299.02,271,1,1,2,112,Low Priority,P5 - Minimal Effort,0.0,0.0
12596,51,2,618.27,474,4,2,3,423,Low Priority,P5 - Minimal Effort,0.0,0.0
12597,19,4,3811.22,2236,5,3,5,535,VIP Loyal,P2 - Maintain Loyalty,0.1,381.122
12598,10,11,4534.09,2906,5,5,5,555,VIP Loyal,P2 - Maintain Loyalty,0.1,453.40900000000005
12599,29,13,2296.72,2189,4,5,4,454,VIP Loyal,P2 - Maintain Loyalty,0.1,229.672
12600,29,21,5043.92,1414,4,5,5,455,VIP Loyal,P2 - Maintain Loyalty,0.1,504.39200000000005
12601,190,6,681.26,290,2,4,3,243,Growth Potential,P3 - Upsell Opportunity,0.15,102.189
12602,59,1,153.12,162,4,1,1,411,New/Low Spend Active,P4 - Nurture,0.05,7.656000000000001
12603,22,1,739.1999999999999,63,4,1,3,413,Low Priority,P5 - Minimal Effort,0.0,0.0
12604,79,2,254.18,201,3,2,1,321,Low Priority,P5 - Minimal Effort,0.0,0.0
12605,376,4,1232.95,929,2,3,3,233,Growth Potential,P3 - Upsell Opportunity,0.15,184.9425
12606,682,1,21.0,1,1,1,1,111,Low Priority,P5 - Minimal Effort,0.0,0.0
12607,60,1,1579.51,1228,3,1,4,314,Low Priority,P5 - Minimal Effort,0.0,0.0
12608,405,1,415.79,323,2,1,2,212,Low Priority,P5 - Minimal Effort,0.0,0.0
12609,78,9,3435.86,1553,3,5,5,355,Growth Potential,P3 - Upsell Opportunity,0.15,515.379
12610,23,5,2099.54,1049,4,4,4,444,VIP Loyal,P2 - Maintain Loyalty,0.1,209.954
12611,52,1,1193.32,846,4,1,3,413,Low Priority,P5 - Minimal Effort,0.0,0.0
12612,74,1,704.0400000000001,262,3,1,3,313,Low Priority,P5 - Minimal Effort,0.0,0.0
12613,57,10,6835.07,4163,4,5,5,455,VIP Loyal,P2 - Maintain Loyalty,0.1,683.5070000000001
12614,278,1,315.6,76,2,1,2,212,Low Priority,P5 - Minimal Effort,0.0,0.0
12615,2,8,5740.98,3317,5,4,5,545,VIP Loyal,P2 - Maintain Loyalty,0.1,574.098
12616,95,3,1131.1,498,3,3,3,333,Growth Potential,P3 - Upsell Opportunity,0.15,169.665
12617,29,1,355.53,213,4,1,2,412,New/Low Spend Active,P4 - Nurture,0.05,17.7765
12618,22,1,177.31,96,4,1,1,411,New/Low Spend Active,P4 - Nurture,0.05,8.8655
12619,16,10,3781.38,3518,5,5,5,555,VIP Loyal,P2 - Maintain Loyalty,0.1,378.13800000000003
12620,15,3,1339.41,1181,5,3,4,534,VIP Loyal,P2 - Maintain Loyalty,0.1,133.941
12621,2,35,24775.81,13933,5,5,5,555,VIP Loyal,P2 - Maintain Loyalty,0.1,2477.581
12622,232,1,180.1,69,2,1,1,211,Low Priority,P5 - Minimal Effort,0.0,0.0
12623,276,7,3747.84,1971,2,4,5,245,High Value At Risk,P1 - Immediate Retention,0.35,1311.744
12624,106,2,641.13,355,3,2,3,323,Low Priority,P5 - Minimal Effort,0.0,0.0
12625,212,4,5164.88,3309,2,3,5,235,High Value At Risk,P1 - Immediate Retention,0.35,1807.7079999999999
12626,23,9,6620.48,3453,4,5,5,455,VIP Loyal,P2 - Maintain Loyalty,0.1,662.048
12627,11,7,4478.53,2752,5,4,5,545,VIP Loyal,P2 - Maintain Loyalty,0.1,447.853
12628,4,3,786.46,448,5,3,3,533,Growth Potential,P3 - Upsell Opportunity,0.15,117.969
12629,386,2,1558.22,722,2,2,4,224,High Value At Risk,P1 - Immediate Retention,0.35,545.377
12630,10,2,1270.88,548,5,2,4,524,VIP Loyal,P2 - Maintain Loyalty,0.1,127.08800000000002
12631,57,6,3481.57,1607,4,4,5,445,VIP Loyal,P2 - Maintain Loyalty,0.1,348.15700000000004
12632,521,2,804.88,694,1,2,3,123,Low Priority,P5 - Minimal Effort,0.0,0.0
12633,59,7,5678.16,3238,4,4,5,445,VIP Loyal,P2 - Maintain Loyalty,0.1,567.816
12634,536,2,490.0,337,1,2,2,122,Low Priority,P5 - Minimal Effort,0.0,0.0
12635,90,4,2930.41,1949,3,3,4,334,Growth Potential,P3 - Upsell Opportunity,0.15,439.56149999999997
12636,739,1,141.0,1,1,1,1,111,Low Priority,P5 - Minimal Effort,0.0,0.0
12637,67,12,8340.31,4284,3,5,5,355,Growth Potential,P3 - Upsell Opportunity,0.15,1251.0465
12638,33,2,921.49,663,4,2,3,423,Low Priority,P5 - Minimal Effort,0.0,0.0
12639,239,3,1312.37,631,2,3,4,234,High Value At Risk,P1 - Immediate Retention,0.35,459.32949999999994
12640,24,3,1174.58,311,4,3,3,433,Growth Potential,P3 - Upsell Opportunity,0.15,176.18699999999998
12641,115,1,185.9,72,3,1,1,311,Low Priority,P5 - Minimal Effort,0.0,0.0
12642,25,3,1013.26,552,4,3,3,433,Growth Potential,P3 - Upsell Opportunity,0.15,151.989
12643,128,12,8350.42,4785,3,5,5,355,Growth Potential,P3 - Upsell Opportunity,0.15,1252.5629999999999
12644,130,4,1918.49,1032,3,3,4,334,Growth Potential,P3 - Upsell Opportunity,0.15,287.7735
12645,34,8,3539.3,2125,4,4,5,445,VIP Loyal,P2 - Maintain Loyalty,0.1,353.93000000000006
12646,5,2,1346.97,897,5,2,4,524,VIP Loyal,P2 - Maintain Loyalty,0.1,134.697
12647,22,36,17924.35,6878,4,5,5,455,VIP Loyal,P2 - Maintain Loyalty,0.1,1792.435
12648,155,4,1112.0,518,3,3,3,333,Growth Potential,P3 - Upsell Opportunity,0.15,166.79999999999998
12649,107,8,2294.65,1959,3,4,4,344,Growth Potential,P3 - Upsell Opportunity,0.15,344.1975
12650,3,1,314.44,254,5,1,2,512,New/Low Spend Active,P4 - Nurture,0.05,15.722000000000001
12651,335,4,377.75,265,2,3,2,232,Low Priority,P5 - Minimal Effort,0.0,0.0
12652,331,2,1017.03,536,2,2,3,223,Low Priority,P5 - Minimal Effort,0.0,0.0
12653,149,3,4160.83,1681,3,3,5,335,Growth Potential,P3 - Upsell Opportunity,0.15,624.1245
12654,11,5,601.98,264,5,4,2,542,New/Low Spend Active,P4 - Nurture,0.05,30.099000000000004
12655,424,1,261.35,80,1,1,1,111,Low Priority,P5 - Minimal Effort,0.0,0.0
12656,17,8,6407.83,2860,5,4,5,545,VIP Loyal,P2 - Maintain Loyalty,0.1,640.783
12657,11,4,1643.18,1044,5,3,4,534,VIP Loyal,P2 - Maintain Loyalty,0.1,164.318
12658,19,1,686.05,320,5,1,3,513,Low Priority,P5 - Minimal Effort,0.0,0.0
12659,30,1,91.68,105,4,1,1,411,New/Low Spend Active,P4 - Nurture,0.05,4.5840000000000005
12660,11,1,245.1,127,5,1,1,511,New/Low Spend Active,P4 - Nurture,0.05,12.255
12661,436,1,162.0,216,1,1,1,111,Low Priority,P5 - Minimal Effort,0.0,0.0
12662,1,20,6988.02,3581,5,5,5,555,VIP Loyal,P2 - Maintain Loyalty,0.1,698.8020000000001
12663,625,2,239.4,181,1,2,1,121,Low Priority,P5 - Minimal Effort,0.0,0.0
12664,8,11,6070.04,1495,5,5,5,555,VIP Loyal,P2 - Maintain Loyalty,0.1,607.004
12665,325,3,313.6,165,2,3,2,232,Low Priority,P5 - Minimal Effort,0.0,0.0
12666,394,1,1248.42,370,2,1,3,213,Low Priority,P5 - Minimal Effort,0.0,0.0
12667,58,1,620.13,395,4,1,3,413,Low Priority,P5 - Minimal Effort,0.0,0.0
12668,12,10,11444.68,5076,5,5,5,555,VIP Loyal,P2 - Maintain Loyalty,0.1,1144.468
12669,151,3,2744.0299999999997,1115,3,3,4,334,Growth Potential,P3 - Upsell Opportunity,0.15,411.6045
12670,10,7,3760.29,1627,5,4,5,545,VIP Loyal,P2 - Maintain Loyalty,0.1,376.029
12671,606,1,2622.481,1460,1,1,4,114,High Value At Risk,P1 - Immediate Retention,0.35,917.86835
12672,330,2,437.05,138,2,2,2,222,Low Priority,P5 - Minimal Effort,0.0,0.0
12673,5,3,1230.02,700,5,3,3,533,Growth Potential,P3 - Upsell Opportunity,0.15,184.503
12674,39,4,1970.6,1133,4,3,4,434,VIP Loyal,P2 - Maintain Loyalty,0.1,197.06
12675,554,2,958.5,337,1,2,3,123,Low Priority,P5 - Minimal Effort,0.0,0.0
12676,25,11,2843.09,1867,4,5,4,454,VIP Loyal,P2 - Maintain Loyalty,0.1,284.309
12677,555,2,395.1,176,1,2,2,122,Low Priority,P5 - Minimal Effort,0.0,0.0
12678,42,21,34281.18,22372,4,5,5,455,VIP Loyal,P2 - Maintain Loyalty,0.1,3428.1180000000004
12679,59,4,1113.02,554,4,3,3,433,Growth Potential,P3 - Upsell Opportunity,0.15,166.953
12680,1,4,880.81,444,5,3,3,533,Growth Potential,P3 - Upsell Opportunity,0.15,132.1215
12681,15,45,30868.28,17596,5,5,5,555,VIP Loyal,P2 - Maintain Loyalty,0.1,3086.828
12682,4,52,24033.91,11018,5,5,5,555,VIP Loyal,P2 - Maintain Loyalty,0.1,2403.391
12683,4,21,12696.78,7683,5,5,5,555,VIP Loyal,P2 - Maintain Loyalty,0.1,1269.678
12684,8,7,2283.63,1985,5,4,4,544,VIP Loyal,P2 - Maintain Loyalty,0.1,228.36300000000003
12685,28,6,2863.08,1523,4,4,4,444,VIP Loyal,P2 - Maintain Loyalty,0.1,286.308
12686,372,1,178.28,214,2,1,1,211,Low Priority,P5 - Minimal Effort,0.0,0.0
12687,481,2,2138.91,1403,1,2,4,124,High Value At Risk,P1 - Immediate Retention,0.35,748.6184999999999
12688,114,1,4873.8099999999995,3028,3,1,5,315,Low Priority,P5 - Minimal Effort,0.0,0.0
12689,26,2,1247.61,628,4,2,3,423,Low Priority,P5 - Minimal Effort,0.0,0.0
12690,206,1,389.01,106,2,1,2,212,Low Priority,P5 - Minimal Effort,0.0,0.0
12691,28,7,1170.4,445,4,4,3,443,Growth Potential,P3 - Upsell Opportunity,0.15,175.56
12692,637,1,110.95,36,1,1,1,111,Low Priority,P5 - Minimal Effort,0.0,0.0
12693,127,7,1703.02,536,3,4,4,344,Growth Potential,P3 - Upsell Opportunity,0.15,255.45299999999997
12694,70,3,1843.35,1355,3,3,4,334,Growth Potential,P3 - Upsell Opportunity,0.15,276.5025
12695,7,7,1407.1200000000001,454,5,4,4,544,VIP Loyal,P2 - Maintain Loyalty,0.1,140.71200000000002
12696,435,2,851.91,564,1,2,3,123,Low Priority,P5 - Minimal Effort,0.0,0.0
12697,29,3,957.59,508,4,3,3,433,Growth Potential,P3 - Upsell Opportunity,0.15,143.6385
12698,590,1,339.75,111,1,1,2,112,Low Priority,P5 - Minimal Effort,0.0,0.0
12699,418,1,638.11,373,1,1,3,113,Low Priority,P5 - Minimal Effort,0.0,0.0
12700,8,4,4939.99,2967,5,3,5,535,VIP Loyal,P2 - Maintain Loyalty,0.1,493.999
12701,80,6,2446.41,1727,3,4,4,344,Growth Potential,P3 - Upsell Opportunity,0.15,366.96149999999994
12702,20,1,219.0,53,4,1,1,411,New/Low Spend Active,P4 - Nurture,0.05,10.950000000000001
12703,71,4,1006.53,595,3,3,3,333,Growth Potential,P3 - Upsell Opportunity,0.15,150.9795
12704,7,8,2340.84,1006,5,4,4,544,VIP Loyal,P2 - Maintain Loyalty,0.1,234.08400000000003
12705,15,14,11762.1,7188,5,5,5,555,VIP Loyal,P2 - Maintain Loyalty,0.1,1176.21
12707,292,1,603.42,256,2,1,2,212,Low Priority,P5 - Minimal Effort,0.0,0.0
12708,30,18,5314.1,2521,4,5,5,455,VIP Loyal,P2 - Maintain Loyalty,0.1,531.4100000000001
12709,15,34,31093.34,13983,5,5,5,555,VIP Loyal,P2 - Maintain Loyalty,0.1,3109.3340000000003
12710,97,3,1149.02,851,3,3,3,333,Growth Potential,P3 - Upsell Opportunity,0.15,172.35299999999998
12711,612,2,1339.05,770,1,2,4,124,High Value At Risk,P1 - Immediate Retention,0.35,468.66749999999996
12712,29,21,7193.66,2349,4,5,5,455,VIP Loyal,P2 - Maintain Loyalty,0.1,719.366
12713,1,1,848.55,508,5,1,3,513,Low Priority,P5 - Minimal Effort,0.0,0.0
12714,9,12,14093.71,8774,5,5,5,555,VIP Loyal,P2 - Maintain Loyalty,0.1,1409.371
12715,106,1,353.86,197,3,1,2,312,Low Priority,P5 - Minimal Effort,0.0,0.0
12716,4,2,1053.49,708,5,2,3,523,Low Priority,P5 - Minimal Effort,0.0,0.0
12717,151,3,1308.91,600,3,3,4,334,Growth Potential,P3 - Upsell Opportunity,0.15,196.3365
12718,71,1,238.25,203,3,1,1,311,Low Priority,P5 - Minimal Effort,0.0,0.0
12719,5,2,644.95,374,5,2,3,523,Low Priority,P5 - Minimal Effort,0.0,0.0
12720,3,30,8260.67,6317,5,5,5,555,VIP Loyal,P2 - Maintain Loyalty,0.1,826.067
12721,32,8,4013.08,2655,4,4,5,445,VIP Loyal,P2 - Maintain Loyalty,0.1,401.308
12722,85,4,997.63,566,3,3,3,333,Growth Potential,P3 - Upsell Opportunity,0.15,149.6445
12723,4,5,725.07,434,5,4,3,543,Growth Potential,P3 - Upsell Opportunity,0.15,108.76050000000001
12724,5,7,2317.52,1379,5,4,4,544,VIP Loyal,P2 - Maintain Loyalty,0.1,231.752
12725,371,4,2694.56,1306,2,3,4,234,High Value At Risk,P1 - Immediate Retention,0.35,943.0959999999999
12726,28,11,4014.6,4618,4,5,5,455,VIP Loyal,P2 - Maintain Loyalty,0.1,401.46000000000004
12727,11,10,5679.53,2832,5,5,5,555,VIP Loyal,P2 - Maintain Loyalty,0.1,567.953
12728,71,5,1070.17,543,3,4,3,343,Growth Potential,P3 - Upsell Opportunity,0.15,160.5255
12729,114,1,453.01,233,3,1,2,312,Low Priority,P5 - Minimal Effort,0.0,0.0
12730,522,1,829.25,234,1,1,3,113,Low Priority,P5 - Minimal Effort,0.0,0.0
12731,24,17,25775.71,11641,4,5,5,455,VIP Loyal,P2 - Maintain Loyalty,0.1,2577.571
12732,180,1,236.26000000000002,111,3,1,1,311,Low Priority,P5 - Minimal Effort,0.0,0.0
12733,234,4,2424.87,896,2,3,4,234,High Value At Risk,P1 - Immediate Retention,0.35,848.7044999999999
12734,353,3,639.65,265,2,3,3,233,Growth Potential,P3 - Upsell Opportunity,0.15,95.94749999999999
12735,315,2,779.5699999999999,368,2,2,3,223,Low Priority,P5 - Minimal Effort,0.0,0.0
12736,333,1,234.0,173,2,1,1,211,Low Priority,P5 - Minimal Effort,0.0,0.0
12737,499,2,3710.5,2,1,2,5,125,High Value At Risk,P1 - Immediate Retention,0.35,1298.675
12738,372,1,310.7,296,2,1,2,212,Low Priority,P5 - Minimal Effort,0.0,0.0
12739,78,4,2726.73,951,3,3,4,334,Growth Potential,P3 - Upsell Opportunity,0.15,409.0095
12740,64,1,427.6,342,3,1,2,312,Low Priority,P5 - Minimal Effort,0.0,0.0
12741,529,2,406.07,214,1,2,2,122,Low Priority,P5 - Minimal Effort,0.0,0.0
12742,626,1,1201.52,1359,1,1,3,113,Low Priority,P5 - Minimal Effort,0.0,0.0
12743,134,2,546.43,319,3,2,2,322,Low Priority,P5 - Minimal Effort,0.0,0.0
12744,52,11,25317.06,6994,4,5,5,455,VIP Loyal,P2 - Maintain Loyalty,0.1,2531.706
12745,487,3,925.41,468,1,3,3,133,Growth Potential,P3 - Upsell Opportunity,0.15,138.8115
12746,541,1,254.55,97,1,1,1,111,Low Priority,P5 - Minimal Effort,0.0,0.0
12747,2,26,9276.539999999999,2758,5,5,5,555,VIP Loyal,P2 - Maintain Loyalty,0.1,927.654
12748,1,336,56599.39,39108,5,5,5,555,VIP Loyal,P2 - Maintain Loyalty,0.1,5659.939
12749,4,9,6897.36,2360,5,5,5,555,VIP Loyal,P2 - Maintain Loyalty,0.1,689.736
12750,129,1,275.88,137,3,1,1,311,Low Priority,P5 - Minimal Effort,0.0,0.0
12751,445,1,268.27,189,1,1,1,111,Low Priority,P5 - Minimal Effort,0.0,0.0
12752,81,1,4366.78,2262,3,1,5,315,Low Priority,P5 - Minimal Effort,0.0,0.0
12753,23,6,21429.39,11421,4,4,5,445,VIP Loyal,P2 - Maintain Loyalty,0.1,2142.939
12754,236,3,3010.74,6481,2,3,5,235,High Value At Risk,P1 - Immediate Retention,0.35,1053.7589999999998
12755,281,11,9030.66,3781,2,5,5,255,High Value At Risk,P1 - Immediate Retention,0.35,3160.7309999999998
12756,87,1,112.07999999999998,144,3,1,1,311,Low Priority,P5 - Minimal Effort,0.0,0.0
12757,16,13,7857.1,2402,5,5,5,555,VIP Loyal,P2 - Maintain Loyalty,0.1,785.71
12758,117,7,9903.24,6155,3,4,5,345,Growth Potential,P3 - Upsell Opportunity,0.15,1485.4859999999999
12759,52,8,5020.74,3202,4,4,5,445,VIP Loyal,P2 - Maintain Loyalty,0.1,502.074
12760,456,1,347.8,198,1,1,2,112,Low Priority,P5 - Minimal Effort,0.0,0.0
12761,458,2,782.95,281,1,2,3,123,Low Priority,P5 - Minimal Effort,0.0,0.0
12762,8,2,1898.52,1227,5,2,4,524,VIP Loyal,P2 - Maintain Loyalty,0.1,189.852
12763,138,2,814.16,512,3,2,3,323,Low Priority,P5 - Minimal Effort,0.0,0.0
12764,317,1,1693.88,386,2,1,4,214,High Value At Risk,P1 - Immediate Retention,0.35,592.858
12765,472,6,1404.58,1009,1,4,4,144,High Value At Risk,P1 - Immediate Retention,0.35,491.60299999999995
12766,4,9,10068.28,5446,5,5,5,555,VIP Loyal,P2 - Maintain Loyalty,0.1,1006.8280000000001
12767,376,1,949.82,598,2,1,3,213,Low Priority,P5 - Minimal Effort,0.0,0.0
12768,451,1,168.69000000000003,102,1,1,1,111,Low Priority,P5 - Minimal Effort,0.0,0.0
12769,239,1,1143.6,356,2,1,3,213,Low Priority,P5 - Minimal Effort,0.0,0.0
12770,211,2,3246.45,1843,2,2,5,225,High Value At Risk,P1 - Immediate Retention,0.35,1136.2575
12771,486,1,282.3,104,1,1,1,111,Low Priority,P5 - Minimal Effort,0.0,0.0
12772,60,1,892.47,556,3,1,3,313,Low Priority,P5 - Minimal Effort,0.0,0.0
12773,564,1,124.25,109,1,1,1,111,Low Priority,P5 - Minimal Effort,0.0,0.0
12774,536,1,98.7,53,1,1,1,111,Low Priority,P5 - Minimal Effort,0.0,0.0
12775,17,7,1686.12,1083,5,4,4,544,VIP Loyal,P2 - Maintain Loyalty,0.1,168.612
12776,668,1,55.5,46,1,1,1,111,Low Priority,P5 - Minimal Effort,0.0,0.0
12777,458,1,519.45,458,1,1,2,112,Low Priority,P5 - Minimal Effort,0.0,0.0
12778,20,9,1775.68,1735,4,5,4,454,VIP Loyal,P2 - Maintain Loyalty,0.1,177.568
12779,38,14,6722.2699999999995,3641,4,5,5,455,VIP Loyal,P2 - Maintain Loyalty,0.1,672.227
12780,599,1,337.4,285,1,1,2,112,Low Priority,P5 - Minimal Effort,0.0,0.0
12781,64,2,826.74,671,3,2,3,323,Low Priority,P5 - Minimal Effort,0.0,0.0
12782,5,11,4618.24,2017,5,5,5,555,VIP Loyal,P2 - Maintain Loyalty,0.1,461.824
12783,2,6,2225.91,624,5,4,4,544,VIP Loyal,P2 - Maintain Loyalty,0.1,222.591
12784,9,3,1804.75,882,5,3,4,534,VIP Loyal,P2 - Maintain Loyalty,0.1,180.47500000000002
12785,364,3,1100.4,453,2,3,3,233,Growth Potential,P3 - Upsell Opportunity,0.15,165.06
12786,610,1,728.5,324,1,1,3,113,Low Priority,P5 - Minimal Effort,0.0,0.0
12787,10,4,862.18,510,5,3,3,533,Growth Potential,P3 - Upsell Opportunity,0.15,129.327
12788,463,4,444.9,194,1,3,2,132,Low Priority,P5 - Minimal Effort,0.0,0.0
12789,65,3,273.35,36,3,3,1,331,Low Priority,P5 - Minimal Effort,0.0,0.0
12790,192,2,591.85,306,2,2,2,222,Low Priority,P5 - Minimal Effort,0.0,0.0
12791,374,6,1056.1100000000001,450,2,4,3,243,Growth Potential,P3 - Upsell Opportunity,0.15,158.4165
12792,257,2,827.01,394,2,2,3,223,Low Priority,P5 - Minimal Effort,0.0,0.0
12793,335,3,1017.33,526,2,3,3,233,Growth Potential,P3 - Upsell Opportunity,0.15,152.5995
12794,53,2,860.41,592,4,2,3,423,Low Priority,P5 - Minimal Effort,0.0,0.0
12795,19,1,430.48,68,5,1,2,512,New/Low Spend Active,P4 - Nurture,0.05,21.524
12796,628,1,381.0,182,1,1,2,112,Low Priority,P5 - Minimal Effort,0.0,0.0
12797,366,2,806.11,333,2,2,3,223,Low Priority,P5 - Minimal Effort,0.0,0.0
12798,10,4,8510.93,8455,5,3,5,535,VIP Loyal,P2 - Maintain Loyalty,0.1,851.0930000000001
12799,529,1,219.35,137,1,1,1,111,Low Priority,P5 - Minimal Effort,0.0,0.0
12800,470,3,584.25,284,1,3,2,132,Low Priority,P5 - Minimal Effort,0.0,0.0
12801,501,1,1071.82,505,1,1,3,113,Low Priority,P5 - Minimal Effort,0.0,0.0
12802,187,7,2416.42,1972,3,4,4,344,Growth Potential,P3 - Upsell Opportunity,0.15,362.463
12803,393,1,1092.81,872,2,1,3,213,Low Priority,P5 - Minimal Effort,0.0,0.0
12804,466,2,327.02,271,1,2,2,122,Low Priority,P5 - Minimal Effort,0.0,0.0
12805,382,4,1434.95,593,2,3,4,234,High Value At Risk,P1 - Immediate Retention,0.35,502.23249999999996
12806,435,4,2878.96,2087,1,3,4,134,High Value At Risk,P1 - Immediate Retention,0.35,1007.636
12807,383,1,330.35,145,2,1,2,212,Low Priority,P5 - Minimal Effort,0.0,0.0
12808,37,5,906.1,375,4,4,3,443,Growth Potential,P3 - Upsell Opportunity,0.15,135.915
12809,178,3,1755.94,518,3,3,4,334,Growth Potential,P3 - Upsell Opportunity,0.15,263.391
12810,535,2,534.99,389,1,2,2,122,Low Priority,P5 - Minimal Effort,0.0,0.0
12811,261,5,1033.9,435,2,4,3,243,Growth Potential,P3 - Upsell Opportunity,0.15,155.085
12812,45,1,229.64000000000001,164,4,1,1,411,New/Low Spend Active,P4 - Nurture,0.05,11.482000000000001
12813,502,3,1687.8,1141,1,3,4,134,High Value At Risk,P1 - Immediate Retention,0.35,590.7299999999999
12814,102,1,125.92,49,3,1,1,311,Low Priority,P5 - Minimal Effort,0.0,0.0
12815,148,2,1063.46,379,3,2,3,323,Low Priority,P5 - Minimal Effort,0.0,0.0
12816,96,2,572.2,128,3,2,2,322,Low Priority,P5 - Minimal Effort,0.0,0.0
12817,281,3,690.98,219,2,3,3,233,Growth Potential,P3 - Upsell Opportunity,0.15,103.647
12818,262,1,1542.08,929,2,1,4,214,High Value At Risk,P1 - Immediate Retention,0.35,539.728
12819,458,1,540.52,344,1,1,2,112,Low Priority,P5 - Minimal Effort,0.0,0.0
12820,3,11,2689.52,1964,5,5,4,554,VIP Loyal,P2 - Maintain Loyalty,0.1,268.952
12821,214,2,220.8,162,2,2,1,221,Low Priority,P5 - Minimal Effort,0.0,0.0
12822,71,2,948.88,550,3,2,3,323,Low Priority,P5 - Minimal Effort,0.0,0.0
12823,75,18,6501.5,930,3,5,5,355,Growth Potential,P3 - Upsell Opportunity,0.15,975.2249999999999
12824,60,1,397.12,232,3,1,2,312,Low Priority,P5 - Minimal Effort,0.0,0.0
12825,521,2,518.63,139,1,2,2,122,Low Priority,P5 - Minimal Effort,0.0,0.0
12826,3,12,2955.75,1995,5,5,4,554,VIP Loyal,P2 - Maintain Loyalty,0.1,295.575
12827,6,3,430.15000000000003,197,5,3,2,532,New/Low Spend Active,P4 - Nurture,0.05,21.507500000000004
12828,3,6,1018.71,494,5,4,3,543,Growth Potential,P3 - Upsell Opportunity,0.15,152.8065
12829,337,3,385.3,550,2,3,2,232,Low Priority,P5 - Minimal Effort,0.0,0.0
12830,38,6,6814.64,9848,4,4,5,445,VIP Loyal,P2 - Maintain Loyalty,0.1,681.464
12831,262,3,451.11,303,2,3,2,232,Low Priority,P5 - Minimal Effort,0.0,0.0
12832,32,2,383.03,195,4,2,2,422,New/Low Spend Active,P4 - Nurture,0.05,19.1515
12833,145,1,417.38,156,3,1,2,312,Low Priority,P5 - Minimal Effort,0.0,0.0
12834,283,1,312.38,110,2,1,2,212,Low Priority,P5 - Minimal Effort,0.0,0.0
12835,428,41,6043.31,2357,1,5,5,155,High Value At Risk,P1 - Immediate Retention,0.35,2115.1585
12836,59,15,6585.62,2236,4,5,5,455,VIP Loyal,P2 - Maintain Loyalty,0.1,658.562
12837,173,2,688.41,209,3,2,3,323,Low Priority,P5 - Minimal Effort,0.0,0.0
12838,34,10,3398.48,1845,4,5,5,455,VIP Loyal,P2 - Maintain Loyalty,0.1,339.848
12839,3,26,10071.73,6849,5,5,5,555,VIP Loyal,P2 - Maintain Loyalty,0.1,1007.173
12840,144,7,4041.97,2258,3,4,5,345,Growth Potential,P3 - Upsell Opportunity,0.15,606.2955
12841,5,40,7540.68,5414,5,5,5,555,VIP Loyal,P2 - Maintain Loyalty,0.1,754.0680000000001
12842,70,4,1917.99,887,3,3,4,334,Growth Potential,P3 - Upsell Opportunity,0.15,287.69849999999997
12843,66,30,6588.41,3031,3,5,5,355,Growth Potential,P3 - Upsell Opportunity,0.15,988.2615
12844,29,4,648.6,223,4,3,3,433,Growth Potential,P3 - Upsell Opportunity,0.15,97.29
12845,267,4,354.09,204,2,3,2,232,Low Priority,P5 - Minimal Effort,0.0,0.0
12846,682,1,15.58,1,1,1,1,111,Low Priority,P5 - Minimal Effort,0.0,0.0
12847,22,2,1636.8999999999999,1533,4,2,4,424,VIP Loyal,P2 - Maintain Loyalty,0.1,163.69
12848,676,1,208.0,58,1,1,1,111,Low Priority,P5 - Minimal Effort,0.0,0.0
12849,31,6,3090.56,1882,4,4,5,445,VIP Loyal,P2 - Maintain Loyalty,0.1,309.05600000000004
12850,446,1,330.0,200,1,1,2,112,Low Priority,P5 - Minimal Effort,0.0,0.0
12851,97,2,284.13,160,3,2,1,321,Low Priority,P5 - Minimal Effort,0.0,0.0
12852,295,1,311.55,149,2,1,2,212,Low Priority,P5 - Minimal Effort,0.0,0.0
12853,135,11,3907.5,1668,3,5,5,355,Growth Potential,P3 - Upsell Opportunity,0.15,586.125
12854,79,7,2994.02,1635,3,4,5,345,Growth Potential,P3 - Upsell Opportunity,0.15,449.103
12855,373,4,650.9399999999999,270,2,3,3,233,Growth Potential,P3 - Upsell Opportunity,0.15,97.64099999999999
12856,8,6,2179.93,1079,5,4,4,544,VIP Loyal,P2 - Maintain Loyalty,0.1,217.993
12857,211,6,3688.0,1420,2,4,5,245,High Value At Risk,P1 - Immediate Retention,0.35,1290.8
12858,383,1,177.92,63,2,1,1,211,Low Priority,P5 - Minimal Effort,0.0,0.0
12859,459,1,575.1,292,1,1,2,112,Low Priority,P5 - Minimal Effort,0.0,0.0
12860,693,1,55.47,27,1,1,1,111,Low Priority,P5 - Minimal Effort,0.0,0.0
12861,620,1,68.25,27,1,1,1,111,Low Priority,P5 - Minimal Effort,0.0,0.0
12862,426,2,1008.3199999999999,613,1,2,3,123,Low Priority,P5 - Minimal Effort,0.0,0.0
12863,52,6,2792.5499999999997,895,4,4,4,444,VIP Loyal,P2 - Maintain Loyalty,0.1,279.255
12864,138,2,299.57,447,3,2,2,322,Low Priority,P5 - Minimal Effort,0.0,0.0
12865,26,4,3323.47,1973,4,3,5,435,VIP Loyal,P2 - Maintain Loyalty,0.1,332.347
12866,283,3,1227.35,553,2,3,3,233,Growth Potential,P3 - Upsell Opportunity,0.15,184.1025
12867,26,13,7913.29,7939,4,5,5,455,VIP Loyal,P2 - Maintain Loyalty,0.1,791.3290000000001
12868,186,8,2247.06,1282,3,4,4,344,Growth Potential,P3 - Upsell Opportunity,0.15,337.05899999999997
12869,682,1,337.66999999999996,144,1,1,2,112,Low Priority,P5 - Minimal Effort,0.0,0.0
12870,375,3,1676.95,906,2,3,4,234,High Value At Risk,P1 - Immediate Retention,0.35,586.9325
12871,84,3,744.02,484,3,3,3,333,Growth Potential,P3 - Upsell Opportunity,0.15,111.603
12872,327,12,3685.4900000000002,1855,2,5,5,255,High Value At Risk,P1 - Immediate Retention,0.35,1289.9215
12873,282,3,2027.3,786,2,3,4,234,High Value At Risk,P1 - Immediate Retention,0.35,709.555
12874,385,2,948.42,623,2,2,3,223,Low Priority,P5 - Minimal Effort,0.0,0.0
12875,143,5,1356.99,5187,3,4,4,344,Growth Potential,P3 - Upsell Opportunity,0.15,203.5485
12876,58,4,4081.79,3047,4,3,5,435,VIP Loyal,P2 - Maintain Loyalty,0.1,408.17900000000003
12877,4,20,2955.17,2262,5,5,4,554,VIP Loyal,P2 - Maintain Loyalty,0.1,295.517
12878,236,2,854.99,547,2,2,3,223,Low Priority,P5 - Minimal Effort,0.0,0.0
12879,45,3,573.22,370,4,3,2,432,New/Low Spend Active,P4 - Nurture,0.05,28.661
12880,382,2,640.13,279,2,2,3,223,Low Priority,P5 - Minimal Effort,0.0,0.0
12881,276,1,298.0,21,2,1,2,212,Low Priority,P5 - Minimal Effort,0.0,0.0
12882,9,2,1463.04,246,5,2,4,524,VIP Loyal,P2 - Maintain Loyalty,0.1,146.304
12883,25,4,703.47,196,4,3,3,433,Growth Potential,P3 - Upsell Opportunity,0.15,105.5205
12884,88,1,309.05,43,3,1,2,312,Low Priority,P5 - Minimal Effort,0.0,0.0
12885,63,3,1175.22,655,3,3,3,333,Growth Potential,P3 - Upsell Opportunity,0.15,176.283
12886,68,2,1378.4,770,3,2,4,324,Low Priority,P5 - Minimal Effort,0.0,0.0
12887,384,1,222.4,100,2,1,1,211,Low Priority,P5 - Minimal Effort,0.0,0.0
12888,214,2,354.12,76,2,2,2,222,Low Priority,P5 - Minimal Effort,0.0,0.0
12889,381,4,385.46000000000004,124,2,3,2,232,Low Priority,P5 - Minimal Effort,0.0,0.0
12890,24,2,717.27,466,4,2,3,423,Low Priority,P5 - Minimal Effort,0.0,0.0
12891,186,11,840.5,2325,3,5,3,353,Growth Potential,P3 - Upsell Opportunity,0.15,126.07499999999999
12892,397,1,263.38,140,2,1,1,211,Low Priority,P5 - Minimal Effort,0.0,0.0
12893,31,1,188.14,96,4,1,1,411,New/Low Spend Active,P4 - Nurture,0.05,9.407
12894,575,1,157.35,33,1,1,1,111,Low Priority,P5 - Minimal Effort,0.0,0.0
12895,42,2,372.8,210,4,2,2,422,New/Low Spend Active,P4 - Nurture,0.05,18.64
12897,205,4,514.25,249,2,3,2,232,Low Priority,P5 - Minimal Effort,0.0,0.0
12898,464,2,310.96000000000004,240,1,2,2,122,Low Priority,P5 - Minimal Effort,0.0,0.0
12899,414,1,366.4,108,1,1,2,112,Low Priority,P5 - Minimal Effort,0.0,0.0
12900,422,1,340.33,139,1,1,2,112,Low Priority,P5 - Minimal Effort,0.0,0.0
12901,9,28,17654.54,23075,5,5,5,555,VIP Loyal,P2 - Maintain Loyalty,0.1,1765.4540000000002
12902,265,1,138.68,66,2,1,1,211,Low Priority,P5 - Minimal Effort,0.0,0.0
12903,429,1,833.53,493,1,1,3,113,Low Priority,P5 - Minimal Effort,0.0,0.0
12904,18,2,509.58,302,5,2,2,522,New/Low Spend Active,P4 - Nurture,0.05,25.479
12905,577,2,1018.42,532,1,2,3,123,Low Priority,P5 - Minimal Effort,0.0,0.0
12906,12,5,2919.81,1749,5,4,4,544,VIP Loyal,P2 - Maintain Loyalty,0.1,291.981
12907,396,2,508.91,177,2,2,2,222,Low Priority,P5 - Minimal Effort,0.0,0.0
12908,176,5,1776.0,3000,3,4,4,344,Growth Potential,P3 - Upsell Opportunity,0.15,266.4
12909,40,8,3103.19,1948,4,4,5,445,VIP Loyal,P2 - Maintain Loyalty,0.1,310.319
12910,23,13,5796.52,3632,4,5,5,455,VIP Loyal,P2 - Maintain Loyalty,0.1,579.652
12911,552,1,1680.47,820,1,1,4,114,High Value At Risk,P1 - Immediate Retention,0.35,588.1645
12912,3,5,1662.3,670,5,4,4,544,VIP Loyal,P2 - Maintain Loyalty,0.1,166.23000000000002
12913,5,13,6700.860000000001,3232,5,5,5,555,VIP Loyal,P2 - Maintain Loyalty,0.1,670.0860000000001
12914,401,1,223.98,336,2,1,1,211,Low Priority,P5 - Minimal Effort,0.0,0.0
12915,149,4,1174.75,452,3,3,3,333,Growth Potential,P3 - Upsell Opportunity,0.15,176.2125
12916,139,7,4654.0199999999995,1774,3,4,5,345,Growth Potential,P3 - Upsell Opportunity,0.15,698.103
12917,128,6,4359.2,1104,3,4,5,345,Growth Potential,P3 - Upsell Opportunity,0.15,653.88
12918,626,1,10953.5,1,1,1,5,115,High Value At Risk,P1 - Immediate Retention,0.35,3833.725
12919,8,6,1335.19,673,5,4,4,544,VIP Loyal,P2 - Maintain Loyalty,0.1,133.519
12920,17,4,488.09000000000003,421,5,3,2,532,New/Low Spend Active,P4 - Nurture,0.05,24.404500000000002
12921,9,74,35921.04,21708,5,5,5,555,VIP Loyal,P2 - Maintain Loyalty,0.1,3592.1040000000003
12922,161,1,405.38,370,3,1,2,312,Low Priority,P5 - Minimal Effort,0.0,0.0
12923,64,3,789.87,237,3,3,3,333,Growth Potential,P3 - Upsell Opportunity,0.15,118.48049999999999
12924,88,12,2469.4,1423,3,5,4,354,Growth Potential,P3 - Upsell Opportunity,0.15,370.41
12925,5,3,729.3299999999999,649,5,3,3,533,Growth Potential,P3 - Upsell Opportunity,0.15,109.39949999999999
12926,411,4,1548.46,766,1,3,4,134,High Value At Risk,P1 - Immediate Retention,0.35,541.961
12927,395,1,197.31,145,2,1,1,211,Low Priority,P5 - Minimal Effort,0.0,0.0
12928,35,12,4304.89,2899,4,5,5,455,VIP Loyal,P2 - Maintain Loyalty,0.1,430.48900000000003
12929,312,1,117.85,37,2,1,1,211,Low Priority,P5 - Minimal Effort,0.0,0.0
12930,78,2,415.8,252,3,2,2,322,Low Priority,P5 - Minimal Effort,0.0,0.0
12931,22,57,92347.34,62906,4,5,5,455,VIP Loyal,P2 - Maintain Loyalty,0.1,9234.734
12932,539,8,1698.56,1609,1,4,4,144,High Value At Risk,P1 - Immediate Retention,0.35,594.496
12933,24,8,1687.03,959,4,4,4,444,VIP Loyal,P2 - Maintain Loyalty,0.1,168.703
12934,737,1,181.65,31,1,1,1,111,Low Priority,P5 - Minimal Effort,0.0,0.0
12935,2,15,4243.86,3201,5,5,5,555,VIP Loyal,P2 - Maintain Loyalty,0.1,424.38599999999997
12936,17,4,1063.9,559,5,3,3,533,Growth Potential,P3 - Upsell Opportunity,0.15,159.585
12937,15,9,3097.61,1983,5,5,5,555,VIP Loyal,P2 - Maintain Loyalty,0.1,309.761
12938,26,1,114.14,140,4,1,1,411,New/Low Spend Active,P4 - Nurture,0.05,5.707000000000001
12939,64,20,25264.8,10328,3,5,5,355,Growth Potential,P3 - Upsell Opportunity,0.15,3789.72
12940,55,2,913.54,411,4,2,3,423,Low Priority,P5 - Minimal Effort,0.0,0.0
12941,724,1,377.49,381,1,1,2,112,Low Priority,P5 - Minimal Effort,0.0,0.0
12942,131,3,942.65,272,3,3,3,333,Growth Potential,P3 - Upsell Opportunity,0.15,141.39749999999998
12943,558,2,496.5,222,1,2,2,122,Low Priority,P5 - Minimal Effort,0.0,0.0
12944,36,2,604.51,289,4,2,2,422,New/Low Spend Active,P4 - Nurture,0.05,30.2255
12945,288,2,900.11,446,2,2,3,223,Low Priority,P5 - Minimal Effort,0.0,0.0
12946,437,1,324.45,149,1,1,2,112,Low Priority,P5 - Minimal Effort,0.0,0.0
12947,144,6,1908.03,1349,3,4,4,344,Growth Potential,P3 - Upsell Opportunity,0.15,286.2045
12948,16,9,2317.43,1304,5,5,4,554,VIP Loyal,P2 - Maintain Loyalty,0.1,231.743
12949,31,22,15526.7,8233,4,5,5,455,VIP Loyal,P2 - Maintain Loyalty,0.1,1552.67
12950,2,3,1843.0,1380,5,3,4,534,VIP Loyal,P2 - Maintain Loyalty,0.1,184.3
12951,9,15,3213.7200000000003,1662,5,5,5,555,VIP Loyal,P2 - Maintain Loyalty,0.1,321.37200000000007
12952,6,4,1387.79,653,5,3,4,534,VIP Loyal,P2 - Maintain Loyalty,0.1,138.779
12953,10,2,828.8100000000001,364,5,2,3,523,Low Priority,P5 - Minimal Effort,0.0,0.0
12954,639,1,162.45,83,1,1,1,111,Low Priority,P5 - Minimal Effort,0.0,0.0
12955,1,11,4757.16,3664,5,5,5,555,VIP Loyal,P2 - Maintain Loyalty,0.1,475.716
12956,306,4,521.89,340,2,3,2,232,Low Priority,P5 - Minimal Effort,0.0,0.0
12957,10,13,8706.97,4686,5,5,5,555,VIP Loyal,P2 - Maintain Loyalty,0.1,870.697
12958,400,2,539.49,131,2,2,2,222,Low Priority,P5 - Minimal Effort,0.0,0.0
12959,484,1,150.95,109,1,1,1,111,Low Priority,P5 - Minimal Effort,0.0,0.0
12960,414,4,1322.07,1379,1,3,4,134,High Value At Risk,P1 - Immediate Retention,0.35,462.7244999999999
12961,379,1,211.99,180,2,1,1,211,Low Priority,P5 - Minimal Effort,0.0,0.0
12962,7,2,266.39,129,5,2,1,521,New/Low Spend Active,P4 - Nurture,0.05,13.3195
12963,8,12,3601.59,1809,5,5,5,555,VIP Loyal,P2 - Maintain Loyalty,0.1,360.15900000000005
12964,437,1,132.24,56,1,1,1,111,Low Priority,P5 - Minimal Effort,0.0,0.0
12965,89,1,771.91,283,3,1,3,313,Low Priority,P5 - Minimal Effort,0.0,0.0
12966,10,1,160.18,75,5,1,1,511,New/Low Spend Active,P4 - Nurture,0.05,8.009
12967,358,3,4306.92,1272,2,3,5,235,High Value At Risk,P1 - Immediate Retention,0.35,1507.422
12968,112,1,135.95,73,3,1,1,311,Low Priority,P5 - Minimal Effort,0.0,0.0
12969,603,1,122.45,55,1,1,1,111,Low Priority,P5 - Minimal Effort,0.0,0.0
12970,7,10,1524.97,1014,5,5,4,554,VIP Loyal,P2 - Maintain Loyalty,0.1,152.497
12971,4,116,15972.79,14587,5,5,5,555,VIP Loyal,P2 - Maintain Loyalty,0.1,1597.2790000000002
12972,414,4,1161.2,844,1,3,3,133,Growth Potential,P3 - Upsell Opportunity,0.15,174.18
12973,414,1,385.55,31,1,1,2,112,Low Priority,P5 - Minimal Effort,0.0,0.0
12974,198,2,408.95,104,2,2,2,222,Low Priority,P5 - Minimal Effort,0.0,0.0
12975,437,6,2100.09,911,1,4,4,144,High Value At Risk,P1 - Immediate Retention,0.35,735.0315
12976,212,8,3156.38,2684,2,4,5,245,High Value At Risk,P1 - Immediate Retention,0.35,1104.733
12977,156,4,517.63,131,3,3,2,332,Low Priority,P5 - Minimal Effort,0.0,0.0
12978,385,5,2502.82,1394,2,4,4,244,High Value At Risk,P1 - Immediate Retention,0.35,875.987
12979,729,1,517.7,520,1,1,2,112,Low Priority,P5 - Minimal Effort,0.0,0.0
12980,158,21,16245.78,1910,3,5,5,355,Growth Potential,P3 - Upsell Opportunity,0.15,2436.867
12981,30,2,372.21999999999997,242,4,2,2,422,New/Low Spend Active,P4 - Nurture,0.05,18.611
12982,243,8,2744.81,1729,2,4,4,244,High Value At Risk,P1 - Immediate Retention,0.35,960.6834999999999
12983,598,1,490.08000000000004,638,1,1,2,112,Low Priority,P5 - Minimal Effort,0.0,0.0
12984,19,1,97.5,26,5,1,1,511,New/Low Spend Active,P4 - Nurture,0.05,4.875
12985,1,2,1239.38,1533,5,2,3,523,Low Priority,P5 - Minimal Effort,0.0,0.0
12986,429,10,2729.84,1164,1,5,4,154,High Value At Risk,P1 - Immediate Retention,0.35,955.444
12987,74,5,1312.21,585,3,4,4,344,Growth Potential,P3 - Upsell Opportunity,0.15,196.8315
12988,292,1,535.32,136,2,1,2,212,Low Priority,P5 - Minimal Effort,0.0,0.0
12989,3,33,13551.75,6935,5,5,5,555,VIP Loyal,P2 - Maintain Loyalty,0.1,1355.1750000000002
12990,31,7,955.5,480,4,4,3,443,Growth Potential,P3 - Upsell Opportunity,0.15,143.325
12991,23,3,764.82,483,4,3,3,433,Growth Potential,P3 - Upsell Opportunity,0.15,114.723
12992,725,1,93.35000000000001,21,1,1,1,111,Low Priority,P5 - Minimal Effort,0.0,0.0
12993,23,8,1259.6299999999999,751,4,4,4,444,VIP Loyal,P2 - Maintain Loyalty,0.1,125.963
12994,4,3,974.4200000000001,459,5,3,3,533,Growth Potential,P3 - Upsell Opportunity,0.15,146.163
12995,85,1,211.32,108,3,1,1,311,Low Priority,P5 - Minimal Effort,0.0,0.0
12996,376,1,355.5,122,2,1,2,212,Low Priority,P5 - Minimal Effort,0.0,0.0
12997,22,8,2110.91,1186,4,4,4,444,VIP Loyal,P2 - Maintain Loyalty,0.1,211.091
12998,493,3,920.08,1124,1,3,3,133,Growth Potential,P3 - Upsell Opportunity,0.15,138.012
12999,196,3,455.88,342,2,3,2,232,Low Priority,P5 - Minimal Effort,0.0,0.0
13000,107,4,1032.5,548,3,3,3,333,Growth Potential,P3 - Upsell Opportunity,0.15,154.875
13001,4,33,24172.100000000002,13539,5,5,5,555,VIP Loyal,P2 - Maintain Loyalty,0.1,2417.2100000000005
13002,318,3,414.13,201,2,3,2,232,Low Priority,P5 - Minimal Effort,0.0,0.0
13003,106,3,149.05,103,3,3,1,331,Low Priority,P5 - Minimal Effort,0.0,0.0
13004,12,36,11650.85,8768,5,5,5,555,VIP Loyal,P2 - Maintain Loyalty,0.1,1165.085
13005,174,4,999.68,462,3,3,3,333,Growth Potential,P3 - Upsell Opportunity,0.15,149.952
13006,56,1,81.57,55,4,1,1,411,New/Low Spend Active,P4 - Nurture,0.05,4.0785
13007,580,1,175.25,59,1,1,1,111,Low Priority,P5 - Minimal Effort,0.0,0.0
13008,323,3,612.13,379,2,3,2,232,Low Priority,P5 - Minimal Effort,0.0,0.0
13009,673,1,234.0,120,1,1,1,111,Low Priority,P5 - Minimal Effort,0.0,0.0
13010,374,2,330.12,323,2,2,2,222,Low Priority,P5 - Minimal Effort,0.0,0.0
13011,372,1,101.10000000000001,26,2,1,1,211,Low Priority,P5 - Minimal Effort,0.0,0.0
13012,9,11,2972.83,1563,5,5,5,555,VIP Loyal,P2 - Maintain Loyalty,0.1,297.283
13013,1,29,12625.77,6463,5,5,5,555,VIP Loyal,P2 - Maintain Loyalty,0.1,1262.5770000000002
13014,11,11,5381.08,1979,5,5,5,555,VIP Loyal,P2 - Maintain Loyalty,0.1,538.1080000000001
13015,53,11,6586.42,3535,4,5,5,455,VIP Loyal,P2 - Maintain Loyalty,0.1,658.642
13016,73,3,789.89,527,3,3,3,333,Growth Potential,P3 - Upsell Opportunity,0.15,118.48349999999999
13017,7,1,204.0,48,5,1,1,511,New/Low Spend Active,P4 - Nurture,0.05,10.200000000000001
13018,16,35,9763.16,6746,5,5,5,555,VIP Loyal,P2 - Maintain Loyalty,0.1,976.316
13019,379,6,1229.95,397,2,4,3,243,Growth Potential,P3 - Upsell Opportunity,0.15,184.4925
13020,563,2,618.96,278,1,2,3,123,Low Priority,P5 - Minimal Effort,0.0,0.0
13021,4,17,4887.24,2546,5,5,5,555,VIP Loyal,P2 - Maintain Loyalty,0.1,488.724
13022,430,1,65.3,35,1,1,1,111,Low Priority,P5 - Minimal Effort,0.0,0.0
13023,64,3,1449.03,585,3,3,4,334,Growth Potential,P3 - Upsell Opportunity,0.15,217.3545
13024,471,2,555.87,181,1,2,2,122,Low Priority,P5 - Minimal Effort,0.0,0.0
13025,732,1,323.39,241,1,1,2,112,Low Priority,P5 - Minimal Effort,0.0,0.0
13026,1,9,1733.08,2466,5,5,4,554,VIP Loyal,P2 - Maintain Loyalty,0.1,173.308
13027,114,19,17335.2,43080,3,5,5,355,Growth Potential,P3 - Upsell Opportunity,0.15,2600.28
13028,23,2,661.3199999999999,798,4,2,3,423,Low Priority,P5 - Minimal Effort,0.0,0.0
13029,31,5,1927.3,194,4,4,4,444,VIP Loyal,P2 - Maintain Loyalty,0.1,192.73000000000002
13030,11,2,1227.22,598,5,2,3,523,Low Priority,P5 - Minimal Effort,0.0,0.0
13031,407,5,3419.27,2399,2,4,5,245,High Value At Risk,P1 - Immediate Retention,0.35,1196.7445
13032,52,9,2843.55,1281,4,5,4,454,VIP Loyal,P2 - Maintain Loyalty,0.1,284.355
13033,357,2,220.55,98,2,2,1,221,Low Priority,P5 - Minimal Effort,0.0,0.0
13034,55,3,922.68,522,4,3,3,433,Growth Potential,P3 - Upsell Opportunity,0.15,138.402
13035,74,3,1364.2,926,3,3,4,334,Growth Potential,P3 - Upsell Opportunity,0.15,204.63
13036,685,1,307.1,38,1,1,2,112,Low Priority,P5 - Minimal Effort,0.0,0.0
13037,138,12,3914.9500000000003,2130,3,5,5,355,Growth Potential,P3 - Upsell Opportunity,0.15,587.2425000000001
13038,80,3,908.46,360,3,3,3,333,Growth Potential,P3 - Upsell Opportunity,0.15,136.269
13039,584,4,1010.73,290,1,3,3,133,Growth Potential,P3 - Upsell Opportunity,0.15,151.6095
13040,9,2,676.99,355,5,2,3,523,Low Priority,P5 - Minimal Effort,0.0,0.0
13041,451,4,799.13,335,1,3,3,133,Growth Potential,P3 - Upsell Opportunity,0.15,119.86949999999999
13042,598,3,1556.54,830,1,3,4,134,High Value At Risk,P1 - Immediate Retention,0.35,544.789
13043,273,1,516.42,254,2,1,2,212,Low Priority,P5 - Minimal Effort,0.0,0.0
13044,291,11,4853.9,2553,2,5,5,255,High Value At Risk,P1 - Immediate Retention,0.35,1698.8649999999998
13045,99,3,808.92,405,3,3,3,333,Growth Potential,P3 - Upsell Opportunity,0.15,121.338
13046,31,3,949.25,505,4,3,3,433,Growth Potential,P3 - Upsell Opportunity,0.15,142.3875
13047,32,24,8795.16,3429,4,5,5,455,VIP Loyal,P2 - Maintain Loyalty,0.1,879.5160000000001
13048,14,9,4084.21,2705,5,5,5,555,VIP Loyal,P2 - Maintain Loyalty,0.1,408.42100000000005
13049,64,4,1408.24,620,3,3,4,334,Growth Potential,P3 - Upsell Opportunity,0.15,211.236
13050,15,35,12344.53,7206,5,5,5,555,VIP Loyal,P2 - Maintain Loyalty,0.1,1234.4530000000002
13051,579,2,155.8,72,1,2,1,121,Low Priority,P5 - Minimal Effort,0.0,0.0
13052,212,7,3168.53,1454,2,4,5,245,High Value At Risk,P1 - Immediate Retention,0.35,1108.9855
13053,622,1,127.65,47,1,1,1,111,Low Priority,P5 - Minimal Effort,0.0,0.0
13055,78,4,2321.11,1821,3,3,4,334,Growth Potential,P3 - Upsell Opportunity,0.15,348.1665
13056,551,1,209.48,158,1,1,1,111,Low Priority,P5 - Minimal Effort,0.0,0.0
13057,530,3,722.09,466,1,3,3,133,Growth Potential,P3 - Upsell Opportunity,0.15,108.3135
13058,25,3,271.40000000000003,52,4,3,1,431,New/Low Spend Active,P4 - Nurture,0.05,13.570000000000002
13059,250,10,2303.17,864,2,5,4,254,High Value At Risk,P1 - Immediate Retention,0.35,806.1095
13060,254,1,307.53,123,2,1,2,212,Low Priority,P5 - Minimal Effort,0.0,0.0
13061,72,1,248.61,107,3,1,1,311,Low Priority,P5 - Minimal Effort,0.0,0.0
13062,191,1,346.98,343,2,1,2,212,Low Priority,P5 - Minimal Effort,0.0,0.0
13063,481,1,188.4,116,1,1,1,111,Low Priority,P5 - Minimal Effort,0.0,0.0
13064,13,6,1680.74,670,5,4,4,544,VIP Loyal,P2 - Maintain Loyalty,0.1,168.074
13065,373,5,1260.91,455,2,4,4,244,High Value At Risk,P1 - Immediate Retention,0.35,441.31850000000003
13066,24,2,470.8,322,4,2,2,422,New/Low Spend Active,P4 - Nurture,0.05,23.540000000000003
13067,82,3,508.51,131,3,3,2,332,Low Priority,P5 - Minimal Effort,0.0,0.0
13068,10,2,344.0,200,5,2,2,522,New/Low Spend Active,P4 - Nurture,0.05,17.2
13069,1,38,9683.13,15404,5,5,5,555,VIP Loyal,P2 - Maintain Loyalty,0.1,968.313
13070,192,4,751.7,372,2,3,3,233,Growth Potential,P3 - Upsell Opportunity,0.15,112.75500000000001
13071,612,1,129.22,30,1,1,1,111,Low Priority,P5 - Minimal Effort,0.0,0.0
13072,267,1,177.15,69,2,1,1,211,Low Priority,P5 - Minimal Effort,0.0,0.0
13073,411,2,418.08,261,1,2,2,122,Low Priority,P5 - Minimal Effort,0.0,0.0
13074,511,4,1378.74,826,1,3,4,134,High Value At Risk,P1 - Immediate Retention,0.35,482.55899999999997
13075,130,1,919.61,485,3,1,3,313,Low Priority,P5 - Minimal Effort,0.0,0.0
13076,458,1,135.4,44,1,1,1,111,Low Priority,P5 - Minimal Effort,0.0,0.0
13077,1,11,3064.67,2785,5,5,5,555,VIP Loyal,P2 - Maintain Loyalty,0.1,306.46700000000004
13078,3,57,29532.45,12183,5,5,5,555,VIP Loyal,P2 - Maintain Loyalty,0.1,2953.2450000000003
13079,4,6,419.18,158,5,4,2,542,New/Low Spend Active,P4 - Nurture,0.05,20.959000000000003
13080,179,4,280.73,193,3,3,1,331,Low Priority,P5 - Minimal Effort,0.0,0.0
13081,12,28,59205.15,41423,5,5,5,555,VIP Loyal,P2 - Maintain Loyalty,0.1,5920.515
13082,126,21,7335.75,8466,3,5,5,355,Growth Potential,P3 - Upsell Opportunity,0.15,1100.3625
13083,4,3,395.43,307,5,3,2,532,New/Low Spend Active,P4 - Nurture,0.05,19.771500000000003
13084,492,1,122.39999999999999,144,1,1,1,111,Low Priority,P5 - Minimal Effort,0.0,0.0
13085,158,8,2433.28,944,3,4,4,344,Growth Potential,P3 - Upsell Opportunity,0.15,364.992
13086,383,1,439.33000000000004,155,2,1,2,212,Low Priority,P5 - Minimal Effort,0.0,0.0
13087,726,1,313.64,86,1,1,2,112,Low Priority,P5 - Minimal Effort,0.0,0.0
13088,417,1,236.11,76,1,1,1,111,Low Priority,P5 - Minimal Effort,0.0,0.0
13089,3,203,116737.86,60229,5,5,5,555,VIP Loyal,P2 - Maintain Loyalty,0.1,11673.786
13090,9,24,14103.09,3445,5,5,5,555,VIP Loyal,P2 - Maintain Loyalty,0.1,1410.3090000000002
13091,28,3,2321.82,1339,4,3,4,434,VIP Loyal,P2 - Maintain Loyalty,0.1,232.18200000000002
13092,71,12,2140.28,664,3,5,4,354,Growth Potential,P3 - Upsell Opportunity,0.15,321.04200000000003
13093,276,55,54943.65,26227,2,5,5,255,High Value At Risk,P1 - Immediate Retention,0.35,19230.2775
13094,21,13,2433.1200000000003,2088,4,5,4,454,VIP Loyal,P2 - Maintain Loyalty,0.1,243.31200000000004
13095,71,1,74.39999999999999,144,3,1,1,311,Low Priority,P5 - Minimal Effort,0.0,0.0
13096,394,1,419.70000000000005,6,2,1,2,212,Low Priority,P5 - Minimal Effort,0.0,0.0
13097,33,28,13389.22,5396,4,5,5,455,VIP Loyal,P2 - Maintain Loyalty,0.1,1338.922
13098,1,28,28882.44,15968,5,5,5,555,VIP Loyal,P2 - Maintain Loyalty,0.1,2888.244
13099,99,1,207.35999999999999,288,3,1,1,311,Low Priority,P5 - Minimal Effort,0.0,0.0
13101,234,4,695.4,478,2,3,3,233,Growth Potential,P3 - Upsell Opportunity,0.15,104.30999999999999
13102,1,37,11696.92,6576,5,5,5,555,VIP Loyal,P2 - Maintain Loyalty,0.1,1169.692
13103,40,3,709.64,426,4,3,3,433,Growth Potential,P3 - Upsell Opportunity,0.15,106.446
13104,3,9,1709.1,834,5,5,4,554,VIP Loyal,P2 - Maintain Loyalty,0.1,170.91
13105,436,1,72.0,100,1,1,1,111,Low Priority,P5 - Minimal Effort,0.0,0.0
13106,133,2,603.46,231,3,2,2,322,Low Priority,P5 - Minimal Effort,0.0,0.0
13107,44,9,5253.07,4316,4,5,5,455,VIP Loyal,P2 - Maintain Loyalty,0.1,525.307
13108,373,2,1098.52,1043,2,2,3,223,Low Priority,P5 - Minimal Effort,0.0,0.0
13109,60,3,1134.03,757,3,3,3,333,Growth Potential,P3 - Upsell Opportunity,0.15,170.1045
13110,31,12,2957.4700000000003,763,4,5,4,454,VIP Loyal,P2 - Maintain Loyalty,0.1,295.747
13111,719,1,321.88000000000005,180,1,1,2,112,Low Priority,P5 - Minimal Effort,0.0,0.0
13112,541,1,20.6,11,1,1,1,111,Low Priority,P5 - Minimal Effort,0.0,0.0
13113,1,37,18625.73,4545,5,5,5,555,VIP Loyal,P2 - Maintain Loyalty,0.1,1862.573
13114,731,1,234.38,74,1,1,1,111,Low Priority,P5 - Minimal Effort,0.0,0.0
13115,12,10,5494.7,3934,5,5,5,555,VIP Loyal,P2 - Maintain Loyalty,0.1,549.47
13116,138,1,501.14,291,3,1,2,312,Low Priority,P5 - Minimal Effort,0.0,0.0
13117,22,18,2643.81,2067,4,5,4,454,VIP Loyal,P2 - Maintain Loyalty,0.1,264.38100000000003
13118,20,9,2415.41,834,4,5,4,454,VIP Loyal,P2 - Maintain Loyalty,0.1,241.541
13119,669,1,134.9,110,1,1,1,111,Low Priority,P5 - Minimal Effort,0.0,0.0
13120,239,1,30.599999999999998,12,2,1,1,211,Low Priority,P5 - Minimal Effort,0.0,0.0
13121,269,1,283.73,252,2,1,1,211,Low Priority,P5 - Minimal Effort,0.0,0.0
13122,94,2,922.39,585,3,2,3,323,Low Priority,P5 - Minimal Effort,0.0,0.0
13123,473,2,506.75,268,1,2,2,122,Low Priority,P5 - Minimal Effort,0.0,0.0
13124,90,4,4782.45,2783,3,3,5,335,Growth Potential,P3 - Upsell Opportunity,0.15,717.3675
13125,524,1,158.57,54,1,1,1,111,Low Priority,P5 - Minimal Effort,0.0,0.0
13126,5,13,3998.25,3409,5,5,5,555,VIP Loyal,P2 - Maintain Loyalty,0.1,399.82500000000005
13127,78,1,259.17,127,3,1,1,311,Low Priority,P5 - Minimal Effort,0.0,0.0
13128,631,1,263.5,31,1,1,1,111,Low Priority,P5 - Minimal Effort,0.0,0.0
13129,452,2,233.25,296,1,2,1,121,Low Priority,P5 - Minimal Effort,0.0,0.0
13130,94,1,64.0,32,3,1,1,311,Low Priority,P5 - Minimal Effort,0.0,0.0
13131,23,7,3313.77,1523,4,4,5,445,VIP Loyal,P2 - Maintain Loyalty,0.1,331.377
13132,262,1,77.3,20,2,1,1,211,Low Priority,P5 - Minimal Effort,0.0,0.0
13133,274,3,200.45000000000002,55,2,3,1,231,Low Priority,P5 - Minimal Effort,0.0,0.0
13134,86,6,2475.23,1364,3,4,4,344,Growth Potential,P3 - Upsell Opportunity,0.15,371.2845
13135,197,2,3371.45,4423,2,2,5,225,High Value At Risk,P1 - Immediate Retention,0.35,1180.0075
13136,56,13,6274.56,3109,4,5,5,455,VIP Loyal,P2 - Maintain Loyalty,0.1,627.4560000000001
13137,11,16,7712.7,4294,5,5,5,555,VIP Loyal,P2 - Maintain Loyalty,0.1,771.27
13138,22,7,1467.24,718,4,4,4,444,VIP Loyal,P2 - Maintain Loyalty,0.1,146.72400000000002
13139,16,8,8202.98,4614,5,4,5,545,VIP Loyal,P2 - Maintain Loyalty,0.1,820.298
13140,108,5,1215.68,648,3,4,3,343,Growth Potential,P3 - Upsell Opportunity,0.15,182.352
13141,85,17,7668.58,5169,3,5,5,355,Growth Potential,P3 - Upsell Opportunity,0.15,1150.287
13142,19,1,307.09,258,5,1,2,512,New/Low Spend Active,P4 - Nurture,0.05,15.3545
13143,585,1,405.1,198,1,1,2,112,Low Priority,P5 - Minimal Effort,0.0,0.0
13144,333,2,135.35,29,2,2,1,221,Low Priority,P5 - Minimal Effort,0.0,0.0
13145,40,7,1423.52,266,4,4,4,444,VIP Loyal,P2 - Maintain Loyalty,0.1,142.352
13146,26,1,228.91,154,4,1,1,411,New/Low Spend Active,P4 - Nurture,0.05,11.445500000000001
13147,10,4,712.8000000000001,144,5,3,3,533,Growth Potential,P3 - Upsell Opportunity,0.15,106.92
13148,29,26,8621.81,4571,4,5,5,455,VIP Loyal,P2 - Maintain Loyalty,0.1,862.181
13149,14,4,1676.06,1280,5,3,4,534,VIP Loyal,P2 - Maintain Loyalty,0.1,167.606
13150,484,3,449.96999999999997,171,1,3,2,132,Low Priority,P5 - Minimal Effort,0.0,0.0
13151,296,3,2580.7400000000002,832,2,3,4,234,High Value At Risk,P1 - Immediate Retention,0.35,903.259
13152,417,7,2146.38,977,1,4,4,144,High Value At Risk,P1 - Immediate Retention,0.35,751.233
13153,6,1,486.22,418,5,1,2,512,New/Low Spend Active,P4 - Nurture,0.05,24.311000000000003
13154,399,3,1624.84,976,2,3,4,234,High Value At Risk,P1 - Immediate Retention,0.35,568.694
13155,33,6,1750.18,909,4,4,4,444,VIP Loyal,P2 - Maintain Loyalty,0.1,175.01800000000003
13156,385,3,1586.54,914,2,3,4,234,High Value At Risk,P1 - Immediate Retention,0.35,555.289
13157,49,9,5687.36,4762,4,5,5,455,VIP Loyal,P2 - Maintain Loyalty,0.1,568.736
13158,95,5,1508.18,992,3,4,4,344,Growth Potential,P3 - Upsell Opportunity,0.15,226.227
13159,9,4,1437.85,1059,5,3,4,534,VIP Loyal,P2 - Maintain Loyalty,0.1,143.785
13160,22,1,91.8,56,4,1,1,411,New/Low Spend Active,P4 - Nurture,0.05,4.59
13161,313,2,478.88,106,2,2,2,222,Low Priority,P5 - Minimal Effort,0.0,0.0
13162,122,16,9275.49,5755,3,5,5,355,Growth Potential,P3 - Upsell Opportunity,0.15,1391.3235
13163,610,1,17.65,3,1,1,1,111,Low Priority,P5 - Minimal Effort,0.0,0.0
13164,569,2,372.2,120,1,2,2,122,Low Priority,P5 - Minimal Effort,0.0,0.0
13165,46,3,1451.16,1736,4,3,4,434,VIP Loyal,P2 - Maintain Loyalty,0.1,145.116
13166,283,2,884.18,527,2,2,3,223,Low Priority,P5 - Minimal Effort,0.0,0.0
13167,19,5,1125.15,1007,5,4,3,543,Growth Potential,P3 - Upsell Opportunity,0.15,168.7725
13168,36,5,1875.31,912,4,4,4,444,VIP Loyal,P2 - Maintain Loyalty,0.1,187.531
13169,64,3,840.08,296,3,3,3,333,Growth Potential,P3 - Upsell Opportunity,0.15,126.012
13170,27,1,116.00999999999999,147,4,1,1,411,New/Low Spend Active,P4 - Nurture,0.05,5.8004999999999995
13171,22,3,468.41,229,4,3,2,432,New/Low Spend Active,P4 - Nurture,0.05,23.420500000000004
13172,400,1,69.6,48,2,1,1,211,Low Priority,P5 - Minimal Effort,0.0,0.0
13173,4,11,2639.35,1620,5,5,4,554,VIP Loyal,P2 - Maintain Loyalty,0.1,263.935
13174,16,12,9494.84,4541,5,5,5,555,VIP Loyal,P2 - Maintain Loyalty,0.1,949.484
13175,582,2,831.45,423,1,2,3,123,Low Priority,P5 - Minimal Effort,0.0,0.0
13176,46,1,492.84,453,4,1,2,412,New/Low Spend Active,P4 - Nurture,0.05,24.642
13177,65,2,512.2,180,3,2,2,322,Low Priority,P5 - Minimal Effort,0.0,0.0
13178,26,21,14059.19,8778,4,5,5,455,VIP Loyal,P2 - Maintain Loyalty,0.1,1405.919
13179,619,1,572.3100000000001,368,1,1,2,112,Low Priority,P5 - Minimal Effort,0.0,0.0
13180,607,1,86.10000000000001,42,1,1,1,111,Low Priority,P5 - Minimal Effort,0.0,0.0
13181,381,1,359.69,171,2,1,2,212,Low Priority,P5 - Minimal Effort,0.0,0.0
13182,45,1,121.18,201,4,1,1,411,New/Low Spend Active,P4 - Nurture,0.05,6.059000000000001
13183,8,15,7036.18,4027,5,5,5,555,VIP Loyal,P2 - Maintain Loyalty,0.1,703.618
13184,15,10,1701.29,1692,5,5,4,554,VIP Loyal,P2 - Maintain Loyalty,0.1,170.12900000000002
13185,268,1,71.4,12,2,1,1,211,Low Priority,P5 - Minimal Effort,0.0,0.0
13186,40,3,1575.89,820,4,3,4,434,VIP Loyal,P2 - Maintain Loyalty,0.1,157.58900000000003
13187,337,4,367.01,375,2,3,2,232,Low Priority,P5 - Minimal Effort,0.0,0.0
13188,11,1,114.60000000000001,25,5,1,1,511,New/Low Spend Active,P4 - Nurture,0.05,5.73
13189,19,2,260.68,842,5,2,1,521,New/Low Spend Active,P4 - Nurture,0.05,13.034
13190,544,3,570.66,308,1,3,2,132,Low Priority,P5 - Minimal Effort,0.0,0.0
13191,658,1,164.69,115,1,1,1,111,Low Priority,P5 - Minimal Effort,0.0,0.0
13192,95,6,2558.58,1629,3,4,4,344,Growth Potential,P3 - Upsell Opportunity,0.15,383.787
13193,61,1,117.88,50,3,1,1,311,Low Priority,P5 - Minimal Effort,0.0,0.0
13194,136,2,472.78,326,3,2,2,322,Low Priority,P5 - Minimal Effort,0.0,0.0
13195,414,1,172.38,83,1,1,1,111,Low Priority,P5 - Minimal Effort,0.0,0.0
13196,11,7,3068.84,2006,5,4,5,545,VIP Loyal,P2 - Maintain Loyalty,0.1,306.884
13197,610,1,373.01000000000005,204,1,1,2,112,Low Priority,P5 - Minimal Effort,0.0,0.0
13198,10,8,4974.2300000000005,3449,5,4,5,545,VIP Loyal,P2 - Maintain Loyalty,0.1,497.42300000000006
13199,4,67,16432.89,12019,5,5,5,555,VIP Loyal,P2 - Maintain Loyalty,0.1,1643.289
13200,19,4,870.09,516,5,3,3,533,Growth Potential,P3 - Upsell Opportunity,0.15,130.5135
13201,502,4,1240.6100000000001,1039,1,3,3,133,Growth Potential,P3 - Upsell Opportunity,0.15,186.09150000000002
13202,394,7,1580.3,572,2,4,4,244,High Value At Risk,P1 - Immediate Retention,0.35,553.1049999999999
13203,10,10,2648.25,2413,5,5,4,554,VIP Loyal,P2 - Maintain Loyalty,0.1,264.825
13204,731,1,966.6600000000001,428,1,1,3,113,Low Priority,P5 - Minimal Effort,0.0,0.0
13205,443,1,2803.2,256,1,1,4,114,High Value At Risk,P1 - Immediate Retention,0.35,981.1199999999999
13206,400,13,8377.32,7155,2,5,5,255,High Value At Risk,P1 - Immediate Retention,0.35,2932.062
13207,15,4,535.86,178,5,3,2,532,New/Low Spend Active,P4 - Nurture,0.05,26.793000000000003
13208,59,9,1988.5,1345,4,5,4,454,VIP Loyal,P2 - Maintain Loyalty,0.1,198.85000000000002
13209,30,13,8509.51,5781,4,5,5,455,VIP Loyal,P2 - Maintain Loyalty,0.1,850.951
13210,94,1,353.48,316,3,1,2,312,Low Priority,P5 - Minimal Effort,0.0,0.0
13211,10,10,2729.32,1890,5,5,4,554,VIP Loyal,P2 - Maintain Loyalty,0.1,272.932
13212,20,3,788.08,310,4,3,3,433,Growth Potential,P3 - Upsell Opportunity,0.15,118.212
13213,57,11,3851.52,2962,4,5,5,455,VIP Loyal,P2 - Maintain Loyalty,0.1,385.15200000000004
13214,418,7,3264.23,2966,1,4,5,145,High Value At Risk,P1 - Immediate Retention,0.35,1142.4805
13215,402,1,81.6,96,2,1,1,211,Low Priority,P5 - Minimal Effort,0.0,0.0
13216,268,1,333.74,297,2,1,2,212,Low Priority,P5 - Minimal Effort,0.0,0.0
13217,122,4,666.48,512,3,3,3,333,Growth Potential,P3 - Upsell Opportunity,0.15,99.972
13218,127,1,62.63999999999999,88,3,1,1,311,Low Priority,P5 - Minimal Effort,0.0,0.0
13219,618,1,76.23,11,1,1,1,111,Low Priority,P5 - Minimal Effort,0.0,0.0
13220,78,5,1336.0900000000001,396,3,4,4,344,Growth Potential,P3 - Upsell Opportunity,0.15,200.41350000000003
13221,240,2,847.41,244,2,2,3,223,Low Priority,P5 - Minimal Effort,0.0,0.0
13222,577,1,88.5,30,1,1,1,111,Low Priority,P5 - Minimal Effort,0.0,0.0
13223,200,6,969.1200000000001,568,2,4,3,243,Growth Potential,P3 - Upsell Opportunity,0.15,145.36800000000002
13224,60,2,2155.95,1518,3,2,4,324,Low Priority,P5 - Minimal Effort,0.0,0.0
13225,3,16,16260.07,7401,5,5,5,555,VIP Loyal,P2 - Maintain Loyalty,0.1,1626.007
13226,273,2,312.46,179,2,2,2,222,Low Priority,P5 - Minimal Effort,0.0,0.0
13227,202,1,257.7,99,2,1,1,211,Low Priority,P5 - Minimal Effort,0.0,0.0
13228,81,1,358.0,200,3,1,2,312,Low Priority,P5 - Minimal Effort,0.0,0.0
13229,226,1,160.95,63,2,1,1,211,Low Priority,P5 - Minimal Effort,0.0,0.0
13230,4,30,6360.78,3635,5,5,5,555,VIP Loyal,P2 - Maintain Loyalty,0.1,636.078
13232,13,7,1357.6,778,5,4,4,544,VIP Loyal,P2 - Maintain Loyalty,0.1,135.76
13233,74,4,1176.46,1604,3,3,3,333,Growth Potential,P3 - Upsell Opportunity,0.15,176.469
13234,673,2,356.95,162,1,2,2,122,Low Priority,P5 - Minimal Effort,0.0,0.0
13235,212,1,1031.07,441,2,1,3,213,Low Priority,P5 - Minimal Effort,0.0,0.0
13236,25,2,744.85,416,4,2,3,423,Low Priority,P5 - Minimal Effort,0.0,0.0
13237,388,1,643.0,128,2,1,3,213,Low Priority,P5 - Minimal Effort,0.0,0.0
13238,17,6,1006.63,442,5,4,3,543,Growth Potential,P3 - Upsell Opportunity,0.15,150.9945
13239,262,5,1594.69,1151,2,4,4,244,High Value At Risk,P1 - Immediate Retention,0.35,558.1415
13240,96,8,1738.52,859,3,4,4,344,Growth Potential,P3 - Upsell Opportunity,0.15,260.77799999999996
13241,412,1,115.58,48,1,1,1,111,Low Priority,P5 - Minimal Effort,0.0,0.0
13242,112,7,699.4,350,3,4,3,343,Growth Potential,P3 - Upsell Opportunity,0.15,104.91
13243,203,5,1278.04,579,2,4,4,244,High Value At Risk,P1 - Immediate Retention,0.35,447.31399999999996
13244,93,1,121.74000000000001,38,3,1,1,311,Low Priority,P5 - Minimal Effort,0.0,0.0
13245,51,2,989.22,371,4,2,3,423,Low Priority,P5 - Minimal Effort,0.0,0.0
13246,18,11,3387.43,2815,5,5,5,555,VIP Loyal,P2 - Maintain Loyalty,0.1,338.743
13247,18,4,501.12,328,5,3,2,532,New/Low Spend Active,P4 - Nurture,0.05,25.056
13248,125,2,465.68,305,3,2,2,322,Low Priority,P5 - Minimal Effort,0.0,0.0
13249,92,9,1608.93,1246,3,5,4,354,Growth Potential,P3 - Upsell Opportunity,0.15,241.3395
13250,461,2,256.04,108,1,2,1,121,Low Priority,P5 - Minimal Effort,0.0,0.0
13251,402,1,252.68,215,2,1,1,211,Low Priority,P5 - Minimal Effort,0.0,0.0
13252,394,2,399.3,134,2,2,2,222,Low Priority,P5 - Minimal Effort,0.0,0.0
13253,157,4,2951.11,3015,3,3,4,334,Growth Potential,P3 - Upsell Opportunity,0.15,442.6665
13254,376,1,51.410000000000004,43,2,1,1,211,Low Priority,P5 - Minimal Effort,0.0,0.0
13255,9,3,904.46,517,5,3,3,533,Growth Potential,P3 - Upsell Opportunity,0.15,135.669
13257,436,1,149.75,33,1,1,1,111,Low Priority,P5 - Minimal Effort,0.0,0.0
13258,12,5,1035.18,451,5,4,3,543,Growth Potential,P3 - Upsell Opportunity,0.15,155.27700000000002
13259,62,9,1433.38,517,3,5,4,354,Growth Potential,P3 - Upsell Opportunity,0.15,215.007
13260,61,1,557.62,142,3,1,2,312,Low Priority,P5 - Minimal Effort,0.0,0.0
13261,269,2,944.1,210,2,2,3,223,Low Priority,P5 - Minimal Effort,0.0,0.0
13262,263,3,573.45,247,2,3,2,232,Low Priority,P5 - Minimal Effort,0.0,0.0
13263,1,39,8704.69,5390,5,5,5,555,VIP Loyal,P2 - Maintain Loyalty,0.1,870.469
13264,443,1,722.5600000000001,375,1,1,3,113,Low Priority,P5 - Minimal Effort,0.0,0.0
13265,53,5,2107.66,1752,4,4,4,444,VIP Loyal,P2 - Maintain Loyalty,0.1,210.766
13266,11,19,6135.04,6837,5,5,5,555,VIP Loyal,P2 - Maintain Loyalty,0.1,613.504
13267,3,36,9758.26,4104,5,5,5,555,VIP Loyal,P2 - Maintain Loyalty,0.1,975.826
13268,18,11,3214.69,3658,5,5,5,555,VIP Loyal,P2 - Maintain Loyalty,0.1,321.46900000000005
13269,1,28,8891.7,6564,5,5,5,555,VIP Loyal,P2 - Maintain Loyalty,0.1,889.1700000000001
13270,366,1,1180.0,400,2,1,3,213,Low Priority,P5 - Minimal Effort,0.0,0.0
13271,37,1,217.38,253,4,1,1,411,New/Low Spend Active,P4 - Nurture,0.05,10.869
13272,31,2,276.56,96,4,2,1,421,New/Low Spend Active,P4 - Nurture,0.05,13.828000000000001
13273,113,1,138.98,153,3,1,1,311,Low Priority,P5 - Minimal Effort,0.0,0.0
13274,409,1,360.85,199,2,1,2,212,Low Priority,P5 - Minimal Effort,0.0,0.0
13275,384,2,241.66,140,2,2,1,221,Low Priority,P5 - Minimal Effort,0.0,0.0
13276,64,5,1939.26,855,3,4,4,344,Growth Potential,P3 - Upsell Opportunity,0.15,290.889
13277,16,7,523.3,382,5,4,2,542,New/Low Spend Active,P4 - Nurture,0.05,26.165
13278,41,4,1435.85,1358,4,3,4,434,VIP Loyal,P2 - Maintain Loyalty,0.1,143.585
13279,78,1,137.75,73,3,1,1,311,Low Priority,P5 - Minimal Effort,0.0,0.0
13280,122,7,2322.63,1495,3,4,4,344,Growth Potential,P3 - Upsell Opportunity,0.15,348.3945
13281,439,1,350.85,201,1,1,2,112,Low Priority,P5 - Minimal Effort,0.0,0.0
13282,18,4,1313.19,410,5,3,4,534,VIP Loyal,P2 - Maintain Loyalty,0.1,131.31900000000002
13283,60,4,373.36,204,3,3,2,332,Low Priority,P5 - Minimal Effort,0.0,0.0
13284,331,1,201.19,91,2,1,1,211,Low Priority,P5 - Minimal Effort,0.0,0.0
13285,23,6,3364.59,2457,4,4,5,445,VIP Loyal,P2 - Maintain Loyalty,0.1,336.45900000000006
13286,600,1,734.91,274,1,1,3,113,Low Priority,P5 - Minimal Effort,0.0,0.0
13287,603,3,781.59,429,1,3,3,133,Growth Potential,P3 - Upsell Opportunity,0.15,117.2385
13288,443,5,927.61,379,1,4,3,143,Growth Potential,P3 - Upsell Opportunity,0.15,139.1415
13289,724,1,307.95,119,1,1,2,112,Low Priority,P5 - Minimal Effort,0.0,0.0
13290,438,1,208.63,1,1,1,1,111,Low Priority,P5 - Minimal Effort,0.0,0.0
13291,156,11,3320.84,1619,3,5,5,355,Growth Potential,P3 - Upsell Opportunity,0.15,498.126
13292,39,5,994.51,530,4,4,3,443,Growth Potential,P3 - Upsell Opportunity,0.15,149.1765
13293,392,6,1192.94,555,2,4,3,243,Growth Potential,P3 - Upsell Opportunity,0.15,178.941
13294,190,3,1689.53,996,2,3,4,234,High Value At Risk,P1 - Immediate Retention,0.35,591.3354999999999
13295,360,4,1101.97,733,2,3,3,233,Growth Potential,P3 - Upsell Opportunity,0.15,165.2955
13296,137,6,792.51,653,3,4,3,343,Growth Potential,P3 - Upsell Opportunity,0.15,118.8765
13297,8,7,4368.62,2694,5,4,5,545,VIP Loyal,P2 - Maintain Loyalty,0.1,436.862
13298,1,1,360.0,96,5,1,2,512,New/Low Spend Active,P4 - Nurture,0.05,18.0
13299,268,3,1218.7,416,2,3,3,233,Growth Potential,P3 - Upsell Opportunity,0.15,182.805
13300,169,3,1285.51,455,3,3,4,334,Growth Potential,P3 - Upsell Opportunity,0.15,192.82649999999998
13301,104,4,618.09,345,3,3,2,332,Low Priority,P5 - Minimal Effort,0.0,0.0
13302,155,2,159.2,12,3,2,1,321,Low Priority,P5 - Minimal Effort,0.0,0.0
13303,400,1,61.72,26,2,1,1,211,Low Priority,P5 - Minimal Effort,0.0,0.0
13304,351,4,1217.99,716,2,3,3,233,Growth Potential,P3 - Upsell Opportunity,0.15,182.6985
13305,4,16,3754.71,2361,5,5,5,555,VIP Loyal,P2 - Maintain Loyalty,0.1,375.471
13306,430,1,53.65,74,1,1,1,111,Low Priority,P5 - Minimal Effort,0.0,0.0
13307,120,3,273.34,140,3,3,1,331,Low Priority,P5 - Minimal Effort,0.0,0.0
13308,23,4,1670.3700000000001,1073,4,3,4,434,VIP Loyal,P2 - Maintain Loyalty,0.1,167.03700000000003
13309,7,6,1706.3700000000001,1914,5,4,4,544,VIP Loyal,P2 - Maintain Loyalty,0.1,170.63700000000003
13310,28,5,1541.2,816,4,4,4,444,VIP Loyal,P2 - Maintain Loyalty,0.1,154.12
13311,4,2,598.57,305,5,2,2,522,New/Low Spend Active,P4 - Nurture,0.05,29.928500000000003
13312,451,1,124.75,41,1,1,1,111,Low Priority,P5 - Minimal Effort,0.0,0.0
13313,22,12,3445.32,2308,4,5,5,455,VIP Loyal,P2 - Maintain Loyalty,0.1,344.53200000000004
13314,2,3,775.94,560,5,3,3,533,Growth Potential,P3 - Upsell Opportunity,0.15,116.391
13315,689,1,310.26,232,1,1,2,112,Low Priority,P5 - Minimal Effort,0.0,0.0
13316,37,10,13191.57,21372,4,5,5,455,VIP Loyal,P2 - Maintain Loyalty,0.1,1319.1570000000002
13317,66,19,6486.091,3149,3,5,5,355,Growth Potential,P3 - Upsell Opportunity,0.15,972.91365
13318,1,3,640.76,304,5,3,3,533,Growth Potential,P3 - Upsell Opportunity,0.15,96.11399999999999
13319,5,58,22082.5,9270,5,5,5,555,VIP Loyal,P2 - Maintain Loyalty,0.1,2208.25
13320,78,6,2228.1,1519,3,4,4,344,Growth Potential,P3 - Upsell Opportunity,0.15,334.215
13321,72,2,567.36,372,3,2,2,322,Low Priority,P5 - Minimal Effort,0.0,0.0
13322,17,1,199.48000000000002,117,5,1,1,511,New/Low Spend Active,P4 - Nurture,0.05,9.974000000000002
13323,3,5,787.85,175,5,4,3,543,Growth Potential,P3 - Upsell Opportunity,0.15,118.1775
13324,36,18,10513.47,8448,4,5,5,455,VIP Loyal,P2 - Maintain Loyalty,0.1,1051.347
13325,82,1,675.3,240,3,1,3,313,Low Priority,P5 - Minimal Effort,0.0,0.0
13326,432,1,281.76,140,1,1,1,111,Low Priority,P5 - Minimal Effort,0.0,0.0
13327,39,20,9879.48,4479,4,5,5,455,VIP Loyal,P2 - Maintain Loyalty,0.1,987.948
13328,316,1,1308.48,680,2,1,4,214,High Value At Risk,P1 - Immediate Retention,0.35,457.96799999999996
13329,32,8,5112.97,3486,4,4,5,445,VIP Loyal,P2 - Maintain Loyalty,0.1,511.297
13330,93,6,2806.18,1975,3,4,4,344,Growth Potential,P3 - Upsell Opportunity,0.15,420.92699999999996
13331,402,1,262.4,54,2,1,1,211,Low Priority,P5 - Minimal Effort,0.0,0.0
13332,14,1,350.9,179,5,1,2,512,New/Low Spend Active,P4 - Nurture,0.05,17.544999999999998
13333,411,3,1015.74,685,1,3,3,133,Growth Potential,P3 - Upsell Opportunity,0.15,152.361
13334,82,5,6263.75,3227,3,4,5,345,Growth Potential,P3 - Upsell Opportunity,0.15,939.5625
13336,77,1,795.12,559,3,1,3,313,Low Priority,P5 - Minimal Effort,0.0,0.0
13337,546,1,1575.26,980,1,1,4,114,High Value At Risk,P1 - Immediate Retention,0.35,551.341
13338,158,4,2445.62,1151,3,3,4,334,Growth Potential,P3 - Upsell Opportunity,0.15,366.84299999999996
13339,201,1,860.12,326,2,1,3,213,Low Priority,P5 - Minimal Effort,0.0,0.0
13340,45,12,22100.56,9636,4,5,5,455,VIP Loyal,P2 - Maintain Loyalty,0.1,2210.056
13341,261,1,775.85,301,2,1,3,213,Low Priority,P5 - Minimal Effort,0.0,0.0
13343,178,1,353.43,135,3,1,2,312,Low Priority,P5 - Minimal Effort,0.0,0.0
13344,68,3,2543.72,971,3,3,4,334,Growth Potential,P3 - Upsell Opportunity,0.15,381.55799999999994
13345,288,1,389.5,141,2,1,2,212,Low Priority,P5 - Minimal Effort,0.0,0.0
13346,463,6,299.4,180,1,4,2,142,Low Priority,P5 - Minimal Effort,0.0,0.0
13347,70,1,341.36,205,3,1,2,312,Low Priority,P5 - Minimal Effort,0.0,0.0
13348,64,1,233.76,136,3,1,1,311,Low Priority,P5 - Minimal Effort,0.0,0.0
13349,11,1,247.32,225,5,1,1,511,New/Low Spend Active,P4 - Nurture,0.05,12.366
13350,16,2,979.12,287,5,2,3,523,Low Priority,P5 - Minimal Effort,0.0,0.0
13351,66,1,373.94,117,3,1,2,312,Low Priority,P5 - Minimal Effort,0.0,0.0
13352,60,1,397.97999999999996,321,3,1,2,312,Low Priority,P5 - Minimal Effort,0.0,0.0
13354,71,1,743.53,604,3,1,3,313,Low Priority,P5 - Minimal Effort,0.0,0.0
13355,122,1,674.7,314,3,1,3,313,Low Priority,P5 - Minimal Effort,0.0,0.0
13356,80,1,768.24,325,3,1,3,313,Low Priority,P5 - Minimal Effort,0.0,0.0
13357,257,5,3838.36,2142,2,4,5,245,High Value At Risk,P1 - Immediate Retention,0.35,1343.426
13358,269,1,439.03,285,2,1,2,212,Low Priority,P5 - Minimal Effort,0.0,0.0
13359,64,2,1043.31,381,3,2,3,323,Low Priority,P5 - Minimal Effort,0.0,0.0
13360,432,4,1553.65,942,1,3,4,134,High Value At Risk,P1 - Immediate Retention,0.35,543.7775
13361,472,2,1450.5,324,1,2,4,124,High Value At Risk,P1 - Immediate Retention,0.35,507.67499999999995
13362,9,7,5394.07,2481,5,4,5,545,VIP Loyal,P2 - Maintain Loyalty,0.1,539.407
13363,18,3,1723.86,1146,5,3,4,534,VIP Loyal,P2 - Maintain Loyalty,0.1,172.386
13364,71,1,134.95999999999998,71,3,1,1,311,Low Priority,P5 - Minimal Effort,0.0,0.0
13365,34,2,2225.37,1247,4,2,4,424,VIP Loyal,P2 - Maintain Loyalty,0.1,222.537
13366,50,1,56.160000000000004,144,4,1,1,411,New/Low Spend Active,P4 - Nurture,0.05,2.8080000000000003
13367,432,1,510.20000000000005,253,1,1,2,112,Low Priority,P5 - Minimal Effort,0.0,0.0
13368,257,4,1121.5,606,2,3,3,233,Growth Potential,P3 - Upsell Opportunity,0.15,168.225
13369,366,1,616.5600000000001,298,2,1,2,212,Low Priority,P5 - Minimal Effort,0.0,0.0
13370,372,1,1509.74,686,2,1,4,214,High Value At Risk,P1 - Immediate Retention,0.35,528.409
13371,505,2,2297.66,1019,1,2,4,124,High Value At Risk,P1 - Immediate Retention,0.35,804.1809999999999
13372,90,1,378.64,159,3,1,2,312,Low Priority,P5 - Minimal Effort,0.0,0.0
13373,61,6,7587.1900000000005,4263,3,4,5,345,Growth Potential,P3 - Upsell Opportunity,0.15,1138.0785
13374,415,2,422.8,135,1,2,2,122,Low Priority,P5 - Minimal Effort,0.0,0.0
13375,89,2,1792.23,1124,3,2,4,324,Low Priority,P5 - Minimal Effort,0.0,0.0
13376,99,3,1019.76,493,3,3,3,333,Growth Potential,P3 - Upsell Opportunity,0.15,152.964
13377,397,2,1552.88,748,2,2,4,224,High Value At Risk,P1 - Immediate Retention,0.35,543.508
13379,26,3,572.56,601,4,3,2,432,New/Low Spend Active,P4 - Nurture,0.05,28.628
13380,433,1,62.4,48,1,1,1,111,Low Priority,P5 - Minimal Effort,0.0,0.0
13381,32,12,8224.37,5125,4,5,5,455,VIP Loyal,P2 - Maintain Loyalty,0.1,822.4370000000001
13382,281,5,1387.58,863,2,4,4,244,High Value At Risk,P1 - Immediate Retention,0.35,485.65299999999996
13383,544,1,305.28000000000003,288,1,1,2,112,Low Priority,P5 - Minimal Effort,0.0,0.0
13384,31,11,6680.83,4142,4,5,5,455,VIP Loyal,P2 - Maintain Loyalty,0.1,668.0830000000001
13385,330,1,534.57,281,2,1,2,212,Low Priority,P5 - Minimal Effort,0.0,0.0
13386,414,2,835.46,514,1,2,3,123,Low Priority,P5 - Minimal Effort,0.0,0.0
13387,417,1,189.44,125,1,1,1,111,Low Priority,P5 - Minimal Effort,0.0,0.0
13388,131,3,1185.65,701,3,3,3,333,Growth Potential,P3 - Upsell Opportunity,0.15,177.8475
13389,11,3,797.96,429,5,3,3,533,Growth Potential,P3 - Upsell Opportunity,0.15,119.694
13390,75,1,544.08,224,3,1,2,312,Low Priority,P5 - Minimal Effort,0.0,0.0
13391,204,1,59.8,4,2,1,1,211,Low Priority,P5 - Minimal Effort,0.0,0.0
13392,677,1,91.14,82,1,1,1,111,Low Priority,P5 - Minimal Effort,0.0,0.0
13393,584,4,1131.45,662,1,3,3,133,Growth Potential,P3 - Upsell Opportunity,0.15,169.7175
13394,2,19,6621.7,5354,5,5,5,555,VIP Loyal,P2 - Maintain Loyalty,0.1,662.1700000000001
13395,185,3,1180.23,1660,3,3,3,333,Growth Potential,P3 - Upsell Opportunity,0.15,177.0345
13396,29,2,1360.99,600,4,2,4,424,VIP Loyal,P2 - Maintain Loyalty,0.1,136.09900000000002
13397,73,10,3191.87,1336,3,5,5,355,Growth Potential,P3 - Upsell Opportunity,0.15,478.78049999999996
13398,192,2,670.34,341,2,2,3,223,Low Priority,P5 - Minimal Effort,0.0,0.0
13399,464,3,275.4,120,1,3,1,131,Low Priority,P5 - Minimal Effort,0.0,0.0
13400,583,1,310.83,284,1,1,2,112,Low Priority,P5 - Minimal Effort,0.0,0.0
13402,127,4,1535.13,1107,3,3,4,334,Growth Potential,P3 - Upsell Opportunity,0.15,230.26950000000002
13403,18,3,229.5,114,5,3,1,531,New/Low Spend Active,P4 - Nurture,0.05,11.475000000000001
13404,1,2,252.49,111,5,2,1,521,New/Low Spend Active,P4 - Nurture,0.05,12.624500000000001
13405,74,6,1213.811,855,3,4,3,343,Growth Potential,P3 - Upsell Opportunity,0.15,182.07164999999998
13406,427,2,568.92,292,1,2,2,122,Low Priority,P5 - Minimal Effort,0.0,0.0
13407,579,3,2244.7,1690,1,3,4,134,High Value At Risk,P1 - Immediate Retention,0.35,785.6449999999999
13408,2,106,51733.462,29499,5,5,5,555,VIP Loyal,P2 - Maintain Loyalty,0.1,5173.3462
13410,24,9,2201.96,1244,4,5,4,454,VIP Loyal,P2 - Maintain Loyalty,0.1,220.19600000000003
13411,107,1,213.55,72,3,1,1,311,Low Priority,P5 - Minimal Effort,0.0,0.0
13412,620,1,487.34999999999997,176,1,1,2,112,Low Priority,P5 - Minimal Effort,0.0,0.0
13413,640,6,429.44,455,1,4,2,142,Low Priority,P5 - Minimal Effort,0.0,0.0
13414,134,6,2494.14,2702,3,4,4,344,Growth Potential,P3 - Upsell Opportunity,0.15,374.121
13415,473,4,800.67,502,1,3,3,133,Growth Potential,P3 - Upsell Opportunity,0.15,120.10049999999998
13416,44,3,940.8000000000001,208,4,3,3,433,Growth Potential,P3 - Upsell Opportunity,0.15,141.12
13417,5,6,1669.49,532,5,4,4,544,VIP Loyal,P2 - Maintain Loyalty,0.1,166.949
13418,12,31,12233.6,7606,5,5,5,555,VIP Loyal,P2 - Maintain Loyalty,0.1,1223.3600000000001
13419,64,1,221.06,275,3,1,1,311,Low Priority,P5 - Minimal Effort,0.0,0.0
13420,150,2,159.85,101,3,2,1,321,Low Priority,P5 - Minimal Effort,0.0,0.0
13421,40,8,4103.12,2420,4,4,5,445,VIP Loyal,P2 - Maintain Loyalty,0.1,410.312
13422,64,1,2626.3,1326,3,1,4,314,Low Priority,P5 - Minimal Effort,0.0,0.0
13423,429,1,217.03,141,1,1,1,111,Low Priority,P5 - Minimal Effort,0.0,0.0
13424,450,1,572.77,529,1,1,2,112,Low Priority,P5 - Minimal Effort,0.0,0.0
13425,108,5,3403.63,2382,3,4,5,345,Growth Potential,P3 - Upsell Opportunity,0.15,510.54449999999997
13426,1,22,8167.38,4868,5,5,5,555,VIP Loyal,P2 - Maintain Loyalty,0.1,816.738
13427,19,6,1006.53,880,5,4,3,543,Growth Potential,P3 - Upsell Opportunity,0.15,150.9795
13428,10,3,499.98,366,5,3,2,532,New/Low Spend Active,P4 - Nurture,0.05,24.999000000000002
13429,11,4,1006.8,1390,5,3,3,533,Growth Potential,P3 - Upsell Opportunity,0.15,151.01999999999998
13430,19,2,679.45,751,5,2,3,523,Low Priority,P5 - Minimal Effort,0.0,0.0
13431,67,8,3316.24,1570,3,4,5,345,Growth Potential,P3 - Upsell Opportunity,0.15,497.4359999999999
13432,571,2,439.1,217,1,2,2,122,Low Priority,P5 - Minimal Effort,0.0,0.0
13433,501,4,658.3199999999999,190,1,3,3,133,Growth Potential,P3 - Upsell Opportunity,0.15,98.74799999999999
13434,74,5,1666.8600000000001,864,3,4,4,344,Growth Potential,P3 - Upsell Opportunity,0.15,250.029
13435,5,9,4475.2300000000005,2791,5,5,5,555,VIP Loyal,P2 - Maintain Loyalty,0.1,447.5230000000001
13436,2,1,196.89,76,5,1,1,511,New/Low Spend Active,P4 - Nurture,0.05,9.8445
13437,14,7,3408.06,1283,5,4,5,545,VIP Loyal,P2 - Maintain Loyalty,0.1,340.80600000000004
13438,547,1,46.5,10,1,1,1,111,Low Priority,P5 - Minimal Effort,0.0,0.0
13439,255,3,986.61,952,2,3,3,233,Growth Potential,P3 - Upsell Opportunity,0.15,147.9915
13440,423,7,1295.25,573,1,4,4,144,High Value At Risk,P1 - Immediate Retention,0.35,453.3375
13441,92,2,720.9,520,3,2,3,323,Low Priority,P5 - Minimal Effort,0.0,0.0
13442,667,3,419.87,115,1,3,2,132,Low Priority,P5 - Minimal Effort,0.0,0.0
13443,449,6,1280.16,809,1,4,4,144,High Value At Risk,P1 - Immediate Retention,0.35,448.056
13444,374,2,631.6800000000001,337,2,2,3,223,Low Priority,P5 - Minimal Effort,0.0,0.0
13445,626,1,241.89999999999998,198,1,1,1,111,Low Priority,P5 - Minimal Effort,0.0,0.0
13446,430,11,3881.89,2403,1,5,5,155,High Value At Risk,P1 - Immediate Retention,0.35,1358.6615
13447,23,3,1129.14,584,4,3,3,433,Growth Potential,P3 - Upsell Opportunity,0.15,169.371
13448,17,13,9240.87,4404,5,5,5,555,VIP Loyal,P2 - Maintain Loyalty,0.1,924.0870000000001
13449,24,1,291.88,222,4,1,2,412,New/Low Spend Active,P4 - Nurture,0.05,14.594000000000001
13450,27,13,4120.04,4318,4,5,5,455,VIP Loyal,P2 - Maintain Loyalty,0.1,412.004
13451,26,11,7190.92,5268,4,5,5,455,VIP Loyal,P2 - Maintain Loyalty,0.1,719.0920000000001
13452,259,3,729.8,6,2,3,3,233,Growth Potential,P3 - Upsell Opportunity,0.15,109.46999999999998
13453,166,3,781.6899999999999,341,3,3,3,333,Growth Potential,P3 - Upsell Opportunity,0.15,117.25349999999999
13454,641,1,219.87,198,1,1,1,111,Low Priority,P5 - Minimal Effort,0.0,0.0
13455,25,6,2905.93,985,4,4,4,444,VIP Loyal,P2 - Maintain Loyalty,0.1,290.593
13456,18,6,1766.72,765,5,4,4,544,VIP Loyal,P2 - Maintain Loyalty,0.1,176.67200000000003
13457,689,2,148.22,96,1,2,1,121,Low Priority,P5 - Minimal Effort,0.0,0.0
13458,7,16,11959.27,6760,5,5,5,555,VIP Loyal,P2 - Maintain Loyalty,0.1,1195.9270000000001
13459,625,2,1160.4099999999999,986,1,2,3,123,Low Priority,P5 - Minimal Effort,0.0,0.0
13460,29,2,183.44,286,4,2,1,421,New/Low Spend Active,P4 - Nurture,0.05,9.172
13461,39,6,4160.0,3132,4,4,5,445,VIP Loyal,P2 - Maintain Loyalty,0.1,416.0
13462,253,5,1153.85,697,2,4,3,243,Growth Potential,P3 - Upsell Opportunity,0.15,173.0775
13464,58,6,3097.64,1440,4,4,5,445,VIP Loyal,P2 - Maintain Loyalty,0.1,309.764
13465,446,2,931.12,584,1,2,3,123,Low Priority,P5 - Minimal Effort,0.0,0.0
13466,184,5,1013.35,660,3,4,3,343,Growth Potential,P3 - Upsell Opportunity,0.15,152.0025
13467,11,2,1083.71,584,5,2,3,523,Low Priority,P5 - Minimal Effort,0.0,0.0
13468,2,72,13390.51,5824,5,5,5,555,VIP Loyal,P2 - Maintain Loyalty,0.1,1339.0510000000002
13469,653,1,82.4,52,1,1,1,111,Low Priority,P5 - Minimal Effort,0.0,0.0
13470,99,2,165.0,100,3,2,1,321,Low Priority,P5 - Minimal Effort,0.0,0.0
13471,1,4,2531.58,1590,5,3,4,534,VIP Loyal,P2 - Maintain Loyalty,0.1,253.15800000000002
13472,464,2,592.24,310,1,2,2,122,Low Priority,P5 - Minimal Effort,0.0,0.0
13473,61,8,2657.7599999999998,1000,3,4,4,344,Growth Potential,P3 - Upsell Opportunity,0.15,398.66399999999993
13474,236,3,663.79,334,2,3,3,233,Growth Potential,P3 - Upsell Opportunity,0.15,99.56849999999999
13475,191,4,1431.78,1012,2,3,4,234,High Value At Risk,P1 - Immediate Retention,0.35,501.12299999999993
13476,179,5,2061.4700000000003,713,3,4,4,344,Growth Potential,P3 - Upsell Opportunity,0.15,309.2205
13477,38,11,2834.17,2095,4,5,4,454,VIP Loyal,P2 - Maintain Loyalty,0.1,283.41700000000003
13478,469,5,2215.78,1189,1,4,4,144,High Value At Risk,P1 - Immediate Retention,0.35,775.523
13479,201,4,851.37,716,2,3,3,233,Growth Potential,P3 - Upsell Opportunity,0.15,127.7055
13480,417,2,627.82,362,1,2,3,123,Low Priority,P5 - Minimal Effort,0.0,0.0
13481,46,11,3830.84,2055,4,5,5,455,VIP Loyal,P2 - Maintain Loyalty,0.1,383.08400000000006
13482,232,2,336.09,187,2,2,2,222,Low Priority,P5 - Minimal Effort,0.0,0.0
13483,66,1,140.34,160,3,1,1,311,Low Priority,P5 - Minimal Effort,0.0,0.0
13484,241,3,790.72,224,2,3,3,233,Growth Potential,P3 - Upsell Opportunity,0.15,118.608
13485,233,11,3019.2200000000003,1798,2,5,5,255,High Value At Risk,P1 - Immediate Retention,0.35,1056.727
13486,78,3,1122.41,669,3,3,3,333,Growth Potential,P3 - Upsell Opportunity,0.15,168.3615
13487,58,5,846.87,362,4,4,3,443,Growth Potential,P3 - Upsell Opportunity,0.15,127.03049999999999
13488,17,23,15587.88,7891,5,5,5,555,VIP Loyal,P2 - Maintain Loyalty,0.1,1558.788
13489,105,4,449.52,560,3,3,2,332,Low Priority,P5 - Minimal Effort,0.0,0.0
13490,654,1,154.25,25,1,1,1,111,Low Priority,P5 - Minimal Effort,0.0,0.0
13491,52,27,4566.56,2385,4,5,5,455,VIP Loyal,P2 - Maintain Loyalty,0.1,456.65600000000006
13492,136,3,1269.84,408,3,3,4,334,Growth Potential,P3 - Upsell Opportunity,0.15,190.47599999999997
13493,275,2,618.63,380,2,2,3,223,Low Priority,P5 - Minimal Effort,0.0,0.0
13494,312,1,316.26000000000005,162,2,1,2,212,Low Priority,P5 - Minimal Effort,0.0,0.0
13495,8,10,5374.26,2674,5,5,5,555,VIP Loyal,P2 - Maintain Loyalty,0.1,537.426
13496,11,2,653.33,341,5,2,3,523,Low Priority,P5 - Minimal Effort,0.0,0.0
13497,283,6,1320.33,579,2,4,4,244,High Value At Risk,P1 - Immediate Retention,0.35,462.11549999999994
13498,730,1,327.38,362,1,1,2,112,Low Priority,P5 - Minimal Effort,0.0,0.0
13499,18,5,1159.11,1365,5,4,3,543,Growth Potential,P3 - Upsell Opportunity,0.15,173.86649999999997
13500,23,4,1466.3,838,4,3,4,434,VIP Loyal,P2 - Maintain Loyalty,0.1,146.63
13501,288,3,2885.11,1253,2,3,4,234,High Value At Risk,P1 - Immediate Retention,0.35,1009.7885
13502,17,5,780.5,490,5,4,3,543,Growth Potential,P3 - Upsell Opportunity,0.15,117.07499999999999
13503,71,6,1905.39,1118,3,4,4,344,Growth Potential,P3 - Upsell Opportunity,0.15,285.8085
13504,64,1,295.93,178,3,1,2,312,Low Priority,P5 - Minimal Effort,0.0,0.0
13505,73,4,4393.63,2486,3,3,5,335,Growth Potential,P3 - Upsell Opportunity,0.15,659.0445
13506,316,5,1639.2,1174,2,4,4,244,High Value At Risk,P1 - Immediate Retention,0.35,573.72
13507,3,4,2479.16,1597,5,3,4,534,VIP Loyal,P2 - Maintain Loyalty,0.1,247.916
13508,244,2,287.05,180,2,2,1,221,Low Priority,P5 - Minimal Effort,0.0,0.0
13509,9,8,1114.72,1214,5,4,3,543,Growth Potential,P3 - Upsell Opportunity,0.15,167.208
13510,1,11,4558.29,3044,5,5,5,555,VIP Loyal,P2 - Maintain Loyalty,0.1,455.829
13511,677,1,282.76,60,1,1,1,111,Low Priority,P5 - Minimal Effort,0.0,0.0
13512,261,4,713.39,419,2,3,3,233,Growth Potential,P3 - Upsell Opportunity,0.15,107.0085
13513,127,3,824.59,364,3,3,3,333,Growth Potential,P3 - Upsell Opportunity,0.15,123.6885
13514,74,4,815.9000000000001,288,3,3,3,333,Growth Potential,P3 - Upsell Opportunity,0.15,122.385
13515,73,6,1265.82,819,3,4,4,344,Growth Potential,P3 - Upsell Opportunity,0.15,189.873
13516,21,4,1685.26,1114,4,3,4,434,VIP Loyal,P2 - Maintain Loyalty,0.1,168.526
13517,60,3,2128.42,1369,3,3,4,334,Growth Potential,P3 - Upsell Opportunity,0.15,319.263
13518,86,1,659.4399999999999,392,3,1,3,313,Low Priority,P5 - Minimal Effort,0.0,0.0
13519,78,2,343.21,133,3,2,2,322,Low Priority,P5 - Minimal Effort,0.0,0.0
13520,59,11,6909.4,3289,4,5,5,455,VIP Loyal,P2 - Maintain Loyalty,0.1,690.94
13521,1,3,1093.65,736,5,3,3,533,Growth Potential,P3 - Upsell Opportunity,0.15,164.0475
13522,30,1,125.80000000000001,44,4,1,1,411,New/Low Spend Active,P4 - Nurture,0.05,6.290000000000001
13523,33,6,5101.52,2354,4,4,5,445,VIP Loyal,P2 - Maintain Loyalty,0.1,510.15200000000004
13524,41,5,680.1800000000001,324,4,4,3,443,Growth Potential,P3 - Upsell Opportunity,0.15,102.027
13525,15,2,628.78,394,5,2,3,523,Low Priority,P5 - Minimal Effort,0.0,0.0
13526,738,2,1182.0,1911,1,2,3,123,Low Priority,P5 - Minimal Effort,0.0,0.0
13527,34,12,4683.74,2762,4,5,5,455,VIP Loyal,P2 - Maintain Loyalty,0.1,468.374
13529,79,2,307.76,74,3,2,2,322,Low Priority,P5 - Minimal Effort,0.0,0.0
13530,634,1,402.97999999999996,272,1,1,2,112,Low Priority,P5 - Minimal Effort,0.0,0.0
13531,205,6,1738.52,600,2,4,4,244,High Value At Risk,P1 - Immediate Retention,0.35,608.482
13532,34,1,210.31,129,4,1,1,411,New/Low Spend Active,P4 - Nurture,0.05,10.515500000000001
13533,183,3,270.79,204,3,3,1,331,Low Priority,P5 - Minimal Effort,0.0,0.0
13534,2,35,7720.9,3869,5,5,5,555,VIP Loyal,P2 - Maintain Loyalty,0.1,772.09
13535,403,1,89.5,10,2,1,1,211,Low Priority,P5 - Minimal Effort,0.0,0.0
13536,1,7,3448.29,2136,5,4,5,545,VIP Loyal,P2 - Maintain Loyalty,0.1,344.829
13537,426,2,717.85,337,1,2,3,123,Low Priority,P5 - Minimal Effort,0.0,0.0
13538,43,12,3112.73,963,4,5,5,455,VIP Loyal,P2 - Maintain Loyalty,0.1,311.273
13539,86,7,1569.3600000000001,710,3,4,4,344,Growth Potential,P3 - Upsell Opportunity,0.15,235.404
13540,467,3,632.39,189,1,3,3,133,Growth Potential,P3 - Upsell Opportunity,0.15,94.85849999999999
13541,427,2,785.25,279,1,2,3,123,Low Priority,P5 - Minimal Effort,0.0,0.0
13542,377,17,4006.17,815,2,5,5,255,High Value At Risk,P1 - Immediate Retention,0.35,1402.1595
13543,634,2,1439.6100000000001,329,1,2,4,124,High Value At Risk,P1 - Immediate Retention,0.35,503.8635
13544,40,6,829.0,358,4,4,3,443,Growth Potential,P3 - Upsell Opportunity,0.15,124.35
13545,391,2,374.64,257,2,2,2,222,Low Priority,P5 - Minimal Effort,0.0,0.0
13546,12,5,1092.14,589,5,4,3,543,Growth Potential,P3 - Upsell Opportunity,0.15,163.821
13547,408,1,175.53,82,2,1,1,211,Low Priority,P5 - Minimal Effort,0.0,0.0
13548,96,3,908.99,565,3,3,3,333,Growth Potential,P3 - Upsell Opportunity,0.15,136.3485
13549,26,8,1005.8,554,4,4,3,443,Growth Potential,P3 - Upsell Opportunity,0.15,150.86999999999998
13550,383,1,349.51,454,2,1,2,212,Low Priority,P5 - Minimal Effort,0.0,0.0
13551,319,2,244.2,36,2,2,1,221,Low Priority,P5 - Minimal Effort,0.0,0.0
13552,66,22,6978.92,2654,3,5,5,355,Growth Potential,P3 - Upsell Opportunity,0.15,1046.838
13553,675,1,517.8,206,1,1,2,112,Low Priority,P5 - Minimal Effort,0.0,0.0
13554,380,7,1638.28,581,2,4,4,244,High Value At Risk,P1 - Immediate Retention,0.35,573.3979999999999
13555,74,13,8999.19,4827,3,5,5,355,Growth Potential,P3 - Upsell Opportunity,0.15,1349.8785
13556,429,2,200.82,134,1,2,1,121,Low Priority,P5 - Minimal Effort,0.0,0.0
13557,28,13,3032.26,2398,4,5,5,455,VIP Loyal,P2 - Maintain Loyalty,0.1,303.22600000000006
13558,6,4,605.06,344,5,3,2,532,New/Low Spend Active,P4 - Nurture,0.05,30.253
13559,513,2,990.0,360,1,2,3,123,Low Priority,P5 - Minimal Effort,0.0,0.0
13560,7,1,174.37,64,5,1,1,511,New/Low Spend Active,P4 - Nurture,0.05,8.7185
13561,216,11,1820.72,1136,2,5,4,254,High Value At Risk,P1 - Immediate Retention,0.35,637.252
13562,82,8,4838.18,1603,3,4,5,345,Growth Potential,P3 - Upsell Opportunity,0.15,725.727
13563,84,2,777.53,209,3,2,3,323,Low Priority,P5 - Minimal Effort,0.0,0.0
13564,144,37,17249.55,9251,3,5,5,355,Growth Potential,P3 - Upsell Opportunity,0.15,2587.4325
13565,19,3,414.8,260,5,3,2,532,New/Low Spend Active,P4 - Nurture,0.05,20.740000000000002
13566,41,5,1708.1200000000001,1266,4,4,4,444,VIP Loyal,P2 - Maintain Loyalty,0.1,170.812
13567,428,4,1083.69,645,1,3,3,133,Growth Potential,P3 - Upsell Opportunity,0.15,162.5535
13568,173,1,192.85,70,3,1,1,311,Low Priority,P5 - Minimal Effort,0.0,0.0
13569,17,4,893.78,402,5,3,3,533,Growth Potential,P3 - Upsell Opportunity,0.15,134.06699999999998
13570,243,1,239.49,161,2,1,1,211,Low Priority,P5 - Minimal Effort,0.0,0.0
13571,13,26,4546.54,3197,5,5,5,555,VIP Loyal,P2 - Maintain Loyalty,0.1,454.654
13572,206,1,1384.25,534,2,1,4,214,High Value At Risk,P1 - Immediate Retention,0.35,484.48749999999995
13573,50,6,916.47,660,4,4,3,443,Growth Potential,P3 - Upsell Opportunity,0.15,137.4705
13574,411,1,421.25,316,1,1,2,112,Low Priority,P5 - Minimal Effort,0.0,0.0
13575,23,5,732.0699999999999,449,4,4,3,443,Growth Potential,P3 - Upsell Opportunity,0.15,109.81049999999999
13576,10,28,11551.74,4614,5,5,5,555,VIP Loyal,P2 - Maintain Loyalty,0.1,1155.174
13577,25,11,3489.28,1661,4,5,5,455,VIP Loyal,P2 - Maintain Loyalty,0.1,348.92800000000005
13578,409,1,147.66,127,2,1,1,211,Low Priority,P5 - Minimal Effort,0.0,0.0
13579,15,5,1539.04,764,5,4,4,544,VIP Loyal,P2 - Maintain Loyalty,0.1,153.904
13580,406,1,107.75,45,2,1,1,211,Low Priority,P5 - Minimal Effort,0.0,0.0
13581,309,2,280.53000000000003,119,2,2,1,221,Low Priority,P5 - Minimal Effort,0.0,0.0
13582,390,2,241.68,106,2,2,1,221,Low Priority,P5 - Minimal Effort,0.0,0.0
13583,156,2,1445.031,1097,3,2,4,324,Low Priority,P5 - Minimal Effort,0.0,0.0
13584,307,3,392.45,363,2,3,2,232,Low Priority,P5 - Minimal Effort,0.0,0.0
13585,531,3,684.54,1386,1,3,3,133,Growth Potential,P3 - Upsell Opportunity,0.15,102.681
13586,541,1,131.53,39,1,1,1,111,Low Priority,P5 - Minimal Effort,0.0,0.0
13587,64,4,1673.5,664,3,3,4,334,Growth Potential,P3 - Upsell Opportunity,0.15,251.02499999999998
13588,16,9,2478.95,2606,5,5,4,554,VIP Loyal,P2 - Maintain Loyalty,0.1,247.89499999999998
13589,15,6,1120.74,293,5,4,3,543,Growth Potential,P3 - Upsell Opportunity,0.15,168.111
13590,11,18,6349.59,5276,5,5,5,555,VIP Loyal,P2 - Maintain Loyalty,0.1,634.9590000000001
13591,65,7,2093.94,850,3,4,4,344,Growth Potential,P3 - Upsell Opportunity,0.15,314.091
13592,36,4,247.95999999999998,84,4,3,1,431,New/Low Spend Active,P4 - Nurture,0.05,12.398
13593,108,14,5523.6900000000005,2190,3,5,5,355,Growth Potential,P3 - Upsell Opportunity,0.15,828.5535000000001
13594,53,2,533.32,396,4,2,2,422,New/Low Spend Active,P4 - Nurture,0.05,26.666000000000004
13595,517,3,818.22,353,1,3,3,133,Growth Potential,P3 - Upsell Opportunity,0.15,122.733
13596,6,2,697.04,406,5,2,3,523,Low Priority,P5 - Minimal Effort,0.0,0.0
13597,400,2,396.71,231,2,2,2,222,Low Priority,P5 - Minimal Effort,0.0,0.0
13598,47,5,789.59,401,4,4,3,443,Growth Potential,P3 - Upsell Opportunity,0.15,118.4385
13599,1,33,10167.630000000001,6494,5,5,5,555,VIP Loyal,P2 - Maintain Loyalty,0.1,1016.7630000000001
13600,312,2,518.42,599,2,2,2,222,Low Priority,P5 - Minimal Effort,0.0,0.0
13601,45,4,1185.14,972,4,3,3,433,Growth Potential,P3 - Upsell Opportunity,0.15,177.77100000000002
13602,65,4,1025.17,538,3,3,3,333,Growth Potential,P3 - Upsell Opportunity,0.15,153.7755
13603,26,1,164.34,164,4,1,1,411,New/Low Spend Active,P4 - Nurture,0.05,8.217
13604,659,1,717.62,242,1,1,3,113,Low Priority,P5 - Minimal Effort,0.0,0.0
13605,387,2,522.67,425,2,2,2,222,Low Priority,P5 - Minimal Effort,0.0,0.0
13606,29,3,280.53999999999996,279,4,3,1,431,New/Low Spend Active,P4 - Nurture,0.05,14.027
13607,40,2,1078.31,468,4,2,3,423,Low Priority,P5 - Minimal Effort,0.0,0.0
13608,541,1,236.2,113,1,1,1,111,Low Priority,P5 - Minimal Effort,0.0,0.0
13609,593,1,167.35,19,1,1,1,111,Low Priority,P5 - Minimal Effort,0.0,0.0
13610,12,14,2175.88,909,5,5,4,554,VIP Loyal,P2 - Maintain Loyalty,0.1,217.58800000000002
13611,89,10,3319.53,2002,3,5,5,355,Growth Potential,P3 - Upsell Opportunity,0.15,497.9295
13612,633,1,818.29,444,1,1,3,113,Low Priority,P5 - Minimal Effort,0.0,0.0
13613,453,5,1039.8500000000001,445,1,4,3,143,Growth Potential,P3 - Upsell Opportunity,0.15,155.97750000000002
13614,24,6,2359.19,828,4,4,4,444,VIP Loyal,P2 - Maintain Loyalty,0.1,235.919
13615,319,8,6272.53,2910,2,4,5,245,High Value At Risk,P1 - Immediate Retention,0.35,2195.3855
13616,568,2,288.1,175,1,2,1,121,Low Priority,P5 - Minimal Effort,0.0,0.0
13617,40,8,1278.75,593,4,4,4,444,VIP Loyal,P2 - Maintain Loyalty,0.1,127.875
13618,174,1,177.34,246,3,1,1,311,Low Priority,P5 - Minimal Effort,0.0,0.0
13619,545,2,231.69,84,1,2,1,121,Low Priority,P5 - Minimal Effort,0.0,0.0
13620,528,1,112.34,74,1,1,1,111,Low Priority,P5 - Minimal Effort,0.0,0.0
13621,117,1,213.85,343,3,1,1,311,Low Priority,P5 - Minimal Effort,0.0,0.0
13622,696,1,658.95,379,1,1,3,113,Low Priority,P5 - Minimal Effort,0.0,0.0
13623,31,10,2566.49,1023,4,5,4,454,VIP Loyal,P2 - Maintain Loyalty,0.1,256.649
13624,388,1,462.08,820,2,1,2,212,Low Priority,P5 - Minimal Effort,0.0,0.0
13625,597,1,301.26,144,1,1,2,112,Low Priority,P5 - Minimal Effort,0.0,0.0
13626,253,2,707.04,398,2,2,3,223,Low Priority,P5 - Minimal Effort,0.0,0.0
13627,59,7,2245.9,1632,4,4,4,444,VIP Loyal,P2 - Maintain Loyalty,0.1,224.59000000000003
13628,676,1,310.14,106,1,1,2,112,Low Priority,P5 - Minimal Effort,0.0,0.0
13629,23,19,13370.86,7722,4,5,5,455,VIP Loyal,P2 - Maintain Loyalty,0.1,1337.0860000000002
13630,5,7,2031.78,1391,5,4,4,544,VIP Loyal,P2 - Maintain Loyalty,0.1,203.178
13631,100,11,3070.42,467,3,5,5,355,Growth Potential,P3 - Upsell Opportunity,0.15,460.563
13632,25,8,3648.15,1639,4,4,5,445,VIP Loyal,P2 - Maintain Loyalty,0.1,364.81500000000005
13634,33,16,5073.47,2096,4,5,5,455,VIP Loyal,P2 - Maintain Loyalty,0.1,507.34700000000004
13635,68,4,2999.16,1884,3,3,5,335,Growth Potential,P3 - Upsell Opportunity,0.15,449.87399999999997
13636,37,5,949.12,592,4,4,3,443,Growth Potential,P3 - Upsell Opportunity,0.15,142.368
13637,52,3,810.5,409,4,3,3,433,Growth Potential,P3 - Upsell Opportunity,0.15,121.57499999999999
13638,16,1,122.64,93,5,1,1,511,New/Low Spend Active,P4 - Nurture,0.05,6.132000000000001
13639,74,2,1346.27,997,3,2,4,324,Low Priority,P5 - Minimal Effort,0.0,0.0
13640,611,1,405.0,108,1,1,2,112,Low Priority,P5 - Minimal Effort,0.0,0.0
13641,641,5,1016.47,1098,1,4,3,143,Growth Potential,P3 - Upsell Opportunity,0.15,152.4705
13642,216,4,514.72,253,2,3,2,232,Low Priority,P5 - Minimal Effort,0.0,0.0
13643,31,10,2156.77,902,4,5,4,454,VIP Loyal,P2 - Maintain Loyalty,0.1,215.67700000000002
13644,16,4,2624.26,2067,5,3,4,534,VIP Loyal,P2 - Maintain Loyalty,0.1,262.42600000000004
13645,120,1,252.1,158,3,1,1,311,Low Priority,P5 - Minimal Effort,0.0,0.0
13646,400,2,326.25,79,2,2,2,222,Low Priority,P5 - Minimal Effort,0.0,0.0
13647,10,8,3071.68,1803,5,4,5,545,VIP Loyal,P2 - Maintain Loyalty,0.1,307.168
13648,400,8,1764.02,960,2,4,4,244,High Value At Risk,P1 - Immediate Retention,0.35,617.4069999999999
13649,257,6,1678.88,863,2,4,4,244,High Value At Risk,P1 - Immediate Retention,0.35,587.608
13650,17,10,3288.0,1746,5,5,5,555,VIP Loyal,P2 - Maintain Loyalty,0.1,328.8
13651,35,3,226.85,62,4,3,1,431,New/Low Spend Active,P4 - Nurture,0.05,11.342500000000001
13652,46,5,2570.85,1570,4,4,4,444,VIP Loyal,P2 - Maintain Loyalty,0.1,257.085
13653,488,1,152.2,72,1,1,1,111,Low Priority,P5 - Minimal Effort,0.0,0.0
13654,43,11,6308.0,4762,4,5,5,455,VIP Loyal,P2 - Maintain Loyalty,0.1,630.8000000000001
13655,114,6,2280.51,1225,3,4,4,344,Growth Potential,P3 - Upsell Opportunity,0.15,342.0765
13656,165,4,1078.85,862,3,3,3,333,Growth Potential,P3 - Upsell Opportunity,0.15,161.8275
13657,11,2,382.14,209,5,2,2,522,New/Low Spend Active,P4 - Nurture,0.05,19.107
13658,10,9,6025.5,2171,5,5,5,555,VIP Loyal,P2 - Maintain Loyalty,0.1,602.5500000000001
13659,206,12,4894.88,2539,2,5,5,255,High Value At Risk,P1 - Immediate Retention,0.35,1713.2079999999999
13660,400,1,314.59,137,2,1,2,212,Low Priority,P5 - Minimal Effort,0.0,0.0
13661,603,1,325.24,118,1,1,2,112,Low Priority,P5 - Minimal Effort,0.0,0.0
13662,86,11,2250.11,1179,3,5,4,354,Growth Potential,P3 - Upsell Opportunity,0.15,337.5165
13663,179,5,2047.51,893,3,4,4,344,Growth Potential,P3 - Upsell Opportunity,0.15,307.12649999999996
13665,386,3,1711.6599999999999,1652,2,3,4,234,High Value At Risk,P1 - Immediate Retention,0.35,599.0809999999999
13666,60,5,127.89999999999999,54,3,4,1,341,Low Priority,P5 - Minimal Effort,0.0,0.0
13667,149,1,305.02,154,3,1,2,312,Low Priority,P5 - Minimal Effort,0.0,0.0
13668,3,35,13089.94,6133,5,5,5,555,VIP Loyal,P2 - Maintain Loyalty,0.1,1308.9940000000001
13669,51,3,413.55,393,4,3,2,432,New/Low Spend Active,P4 - Nurture,0.05,20.677500000000002
13670,75,1,349.7,282,3,1,2,312,Low Priority,P5 - Minimal Effort,0.0,0.0
13671,395,1,194.95,107,2,1,1,211,Low Priority,P5 - Minimal Effort,0.0,0.0
13672,301,3,419.92,138,2,3,2,232,Low Priority,P5 - Minimal Effort,0.0,0.0
13673,19,2,396.92,119,5,2,2,522,New/Low Spend Active,P4 - Nurture,0.05,19.846000000000004
13674,433,1,240.68,102,1,1,1,111,Low Priority,P5 - Minimal Effort,0.0,0.0
13675,151,2,486.82000000000005,330,3,2,2,322,Low Priority,P5 - Minimal Effort,0.0,0.0
13676,539,2,243.9,104,1,2,1,121,Low Priority,P5 - Minimal Effort,0.0,0.0
13677,405,2,556.1899999999999,218,2,2,2,222,Low Priority,P5 - Minimal Effort,0.0,0.0
13678,152,1,232.6,924,3,1,1,311,Low Priority,P5 - Minimal Effort,0.0,0.0
13679,494,3,281.26,102,1,3,1,131,Low Priority,P5 - Minimal Effort,0.0,0.0
13680,1,12,11435.67,5252,5,5,5,555,VIP Loyal,P2 - Maintain Loyalty,0.1,1143.567
13681,18,4,827.83,360,5,3,3,533,Growth Potential,P3 - Upsell Opportunity,0.15,124.1745
13682,187,1,59.5,10,3,1,1,311,Low Priority,P5 - Minimal Effort,0.0,0.0
13683,458,1,258.6,180,1,1,1,111,Low Priority,P5 - Minimal Effort,0.0,0.0
13684,286,4,596.98,235,2,3,2,232,Low Priority,P5 - Minimal Effort,0.0,0.0
13685,3,7,3119.44,5056,5,4,5,545,VIP Loyal,P2 - Maintain Loyalty,0.1,311.944
13686,183,3,409.04,378,3,3,2,332,Low Priority,P5 - Minimal Effort,0.0,0.0
13687,438,1,11880.84,87167,1,1,5,115,High Value At Risk,P1 - Immediate Retention,0.35,4158.294
13688,635,1,375.5,130,1,1,2,112,Low Priority,P5 - Minimal Effort,0.0,0.0
13689,63,2,1259.5,722,3,2,4,324,Low Priority,P5 - Minimal Effort,0.0,0.0
13690,59,1,172.25,67,4,1,1,411,New/Low Spend Active,P4 - Nurture,0.05,8.6125
13691,396,1,212.78,145,2,1,1,211,Low Priority,P5 - Minimal Effort,0.0,0.0
13692,25,5,3114.4,2101,4,4,5,445,VIP Loyal,P2 - Maintain Loyalty,0.1,311.44000000000005
13693,374,9,2011.82,880,2,5,4,254,High Value At Risk,P1 - Immediate Retention,0.35,704.137
13694,4,143,196482.81,189205,5,5,5,555,VIP Loyal,P2 - Maintain Loyalty,0.1,19648.281
13695,31,16,2770.73,1791,4,5,4,454,VIP Loyal,P2 - Maintain Loyalty,0.1,277.07300000000004
13696,422,3,2020.4,552,1,3,4,134,High Value At Risk,P1 - Immediate Retention,0.35,707.14
13697,39,1,151.29999999999998,177,4,1,1,411,New/Low Spend Active,P4 - Nurture,0.05,7.5649999999999995
13698,597,2,465.53000000000003,231,1,2,2,122,Low Priority,P5 - Minimal Effort,0.0,0.0
13699,155,2,764.15,219,3,2,3,323,Low Priority,P5 - Minimal Effort,0.0,0.0
13700,26,13,2613.46,2809,4,5,4,454,VIP Loyal,P2 - Maintain Loyalty,0.1,261.346
13701,447,1,161.0,80,1,1,1,111,Low Priority,P5 - Minimal Effort,0.0,0.0
13702,446,1,135.18,74,1,1,1,111,Low Priority,P5 - Minimal Effort,0.0,0.0
13703,318,2,425.56,128,2,2,2,222,Low Priority,P5 - Minimal Effort,0.0,0.0
13704,5,9,2308.06,1531,5,5,4,554,VIP Loyal,P2 - Maintain Loyalty,0.1,230.806
13705,8,7,2035.33,1009,5,4,4,544,VIP Loyal,P2 - Maintain Loyalty,0.1,203.53300000000002
13706,303,2,631.17,301,2,2,3,223,Low Priority,P5 - Minimal Effort,0.0,0.0
13707,267,5,3365.86,2210,2,4,5,245,High Value At Risk,P1 - Immediate Retention,0.35,1178.051
13708,271,1,296.88,306,2,1,2,212,Low Priority,P5 - Minimal Effort,0.0,0.0
13709,4,18,7591.75,4130,5,5,5,555,VIP Loyal,P2 - Maintain Loyalty,0.1,759.1750000000001
13710,32,3,509.52,336,4,3,2,432,New/Low Spend Active,P4 - Nurture,0.05,25.476
13711,219,9,1792.26,819,2,5,4,254,High Value At Risk,P1 - Immediate Retention,0.35,627.2909999999999
13712,247,2,766.42,1128,2,2,3,223,Low Priority,P5 - Minimal Effort,0.0,0.0
13713,408,3,743.26,286,2,3,3,233,Growth Potential,P3 - Upsell Opportunity,0.15,111.48899999999999
13714,465,1,161.35,50,1,1,1,111,Low Priority,P5 - Minimal Effort,0.0,0.0
13715,281,17,8483.29,4934,2,5,5,255,High Value At Risk,P1 - Immediate Retention,0.35,2969.1515
13716,269,1,138.28,138,2,1,1,211,Low Priority,P5 - Minimal Effort,0.0,0.0
13717,32,8,1763.3,2144,4,4,4,444,VIP Loyal,P2 - Maintain Loyalty,0.1,176.33
13718,246,2,306.55,173,2,2,2,222,Low Priority,P5 - Minimal Effort,0.0,0.0
13719,15,11,2815.25,1599,5,5,4,554,VIP Loyal,P2 - Maintain Loyalty,0.1,281.52500000000003
13720,117,4,799.9,501,3,3,3,333,Growth Potential,P3 - Upsell Opportunity,0.15,119.98499999999999
13721,36,2,741.54,512,4,2,3,423,Low Priority,P5 - Minimal Effort,0.0,0.0
13722,132,10,5635.41,3059,3,5,5,355,Growth Potential,P3 - Upsell Opportunity,0.15,845.3114999999999
13723,217,6,1209.2,629,2,4,3,243,Growth Potential,P3 - Upsell Opportunity,0.15,181.38
13724,637,1,213.01,130,1,1,1,111,Low Priority,P5 - Minimal Effort,0.0,0.0
13725,50,8,1980.56,806,4,4,4,444,VIP Loyal,P2 - Maintain Loyalty,0.1,198.056
13726,39,2,1079.6599999999999,1054,4,2,3,423,Low Priority,P5 - Minimal Effort,0.0,0.0
13727,29,8,1080.05,370,4,4,3,443,Growth Potential,P3 - Upsell Opportunity,0.15,162.0075
13728,37,16,2855.17,1269,4,5,4,454,VIP Loyal,P2 - Maintain Loyalty,0.1,285.517
13729,436,3,724.73,419,1,3,3,133,Growth Potential,P3 - Upsell Opportunity,0.15,108.7095
13730,136,2,752.6,488,3,2,3,323,Low Priority,P5 - Minimal Effort,0.0,0.0
13731,219,2,610.59,278,2,2,2,222,Low Priority,P5 - Minimal Effort,0.0,0.0
13732,28,1,491.86,498,4,1,2,412,New/Low Spend Active,P4 - Nurture,0.05,24.593000000000004
13733,411,2,487.03000000000003,335,1,2,2,122,Low Priority,P5 - Minimal Effort,0.0,0.0
13734,509,4,6701.640000000001,303,1,3,5,135,High Value At Risk,P1 - Immediate Retention,0.35,2345.574
13735,25,13,9813.22,4158,4,5,5,455,VIP Loyal,P2 - Maintain Loyalty,0.1,981.322
13736,5,7,2766.21,1552,5,4,4,544,VIP Loyal,P2 - Maintain Loyalty,0.1,276.62100000000004
13737,200,1,339.59999999999997,125,2,1,2,212,Low Priority,P5 - Minimal Effort,0.0,0.0
13738,396,1,440.93,240,2,1,2,212,Low Priority,P5 - Minimal Effort,0.0,0.0
13739,18,2,292.2,76,5,2,2,522,New/Low Spend Active,P4 - Nurture,0.05,14.61
13740,241,5,1597.77,991,2,4,4,244,High Value At Risk,P1 - Immediate Retention,0.35,559.2194999999999
13741,72,3,668.4300000000001,218,3,3,3,333,Growth Potential,P3 - Upsell Opportunity,0.15,100.26450000000001
13742,17,12,3131.02,1124,5,5,5,555,VIP Loyal,P2 - Maintain Loyalty,0.1,313.10200000000003
13743,3,7,1341.6,1776,5,4,4,544,VIP Loyal,P2 - Maintain Loyalty,0.1,134.16
13744,95,2,1156.36,1249,3,2,3,323,Low Priority,P5 - Minimal Effort,0.0,0.0
13745,162,2,777.36,1146,3,2,3,323,Low Priority,P5 - Minimal Effort,0.0,0.0
13746,414,1,176.69,83,1,1,1,111,Low Priority,P5 - Minimal Effort,0.0,0.0
13747,374,2,249.39999999999998,68,2,2,1,221,Low Priority,P5 - Minimal Effort,0.0,0.0
13748,96,9,2268.35,1108,3,5,4,354,Growth Potential,P3 - Upsell Opportunity,0.15,340.2525
13750,54,11,3602.1800000000003,1370,4,5,5,455,VIP Loyal,P2 - Maintain Loyalty,0.1,360.2180000000001
13751,288,1,296.25,152,2,1,2,212,Low Priority,P5 - Minimal Effort,0.0,0.0
13752,124,7,1590.73,1007,3,4,4,344,Growth Potential,P3 - Upsell Opportunity,0.15,238.6095
13753,288,4,2094.57,1450,2,3,4,234,High Value At Risk,P1 - Immediate Retention,0.35,733.0995
13754,152,3,447.05,315,3,3,2,332,Low Priority,P5 - Minimal Effort,0.0,0.0
13755,4,9,2161.35,1264,5,5,4,554,VIP Loyal,P2 - Maintain Loyalty,0.1,216.135
13756,2,23,9207.5,5441,5,5,5,555,VIP Loyal,P2 - Maintain Loyalty,0.1,920.75
13757,675,1,195.55,54,1,1,1,111,Low Priority,P5 - Minimal Effort,0.0,0.0
13758,12,15,9416.98,5068,5,5,5,555,VIP Loyal,P2 - Maintain Loyalty,0.1,941.698
13759,33,2,659.4100000000001,287,4,2,3,423,Low Priority,P5 - Minimal Effort,0.0,0.0
13760,54,5,1363.6399999999999,623,4,4,4,444,VIP Loyal,P2 - Maintain Loyalty,0.1,136.364
13761,50,6,1952.17,1079,4,4,4,444,VIP Loyal,P2 - Maintain Loyalty,0.1,195.217
13762,219,5,2472.48,2608,2,4,4,244,High Value At Risk,P1 - Immediate Retention,0.35,865.3679999999999
13763,63,3,5217.4400000000005,3224,3,3,5,335,Growth Potential,P3 - Upsell Opportunity,0.15,782.6160000000001
13764,71,6,2953.26,2099,3,4,4,344,Growth Potential,P3 - Upsell Opportunity,0.15,442.98900000000003
13765,653,1,352.821,297,1,1,2,112,Low Priority,P5 - Minimal Effort,0.0,0.0
13766,495,1,190.35,137,1,1,1,111,Low Priority,P5 - Minimal Effort,0.0,0.0
13767,2,73,35540.53,15235,5,5,5,555,VIP Loyal,P2 - Maintain Loyalty,0.1,3554.053
13768,727,2,875.97,373,1,2,3,123,Low Priority,P5 - Minimal Effort,0.0,0.0
13769,2,20,5800.42,2574,5,5,5,555,VIP Loyal,P2 - Maintain Loyalty,0.1,580.042
13770,422,4,785.37,468,1,3,3,133,Growth Potential,P3 - Upsell Opportunity,0.15,117.8055
13771,64,9,5728.82,3140,3,5,5,355,Growth Potential,P3 - Upsell Opportunity,0.15,859.323
13772,34,8,3114.22,1456,4,4,5,445,VIP Loyal,P2 - Maintain Loyalty,0.1,311.422
13773,397,2,301.54,174,2,2,2,222,Low Priority,P5 - Minimal Effort,0.0,0.0
13774,82,1,345.0,192,3,1,2,312,Low Priority,P5 - Minimal Effort,0.0,0.0
13775,591,1,1049.66,455,1,1,3,113,Low Priority,P5 - Minimal Effort,0.0,0.0
13776,428,2,623.98,2,1,2,3,123,Low Priority,P5 - Minimal Effort,0.0,0.0
13777,1,61,56478.42,26742,5,5,5,555,VIP Loyal,P2 - Maintain Loyalty,0.1,5647.842000000001
13778,103,4,1124.49,511,3,3,3,333,Growth Potential,P3 - Upsell Opportunity,0.15,168.6735
13779,516,1,161.13,53,1,1,1,111,Low Priority,P5 - Minimal Effort,0.0,0.0
13780,7,3,735.82,481,5,3,3,533,Growth Potential,P3 - Upsell Opportunity,0.15,110.373
13781,251,3,778.83,300,2,3,3,233,Growth Potential,P3 - Upsell Opportunity,0.15,116.8245
13782,13,13,1793.72,649,5,5,4,554,VIP Loyal,P2 - Maintain Loyalty,0.1,179.372
13783,488,4,1542.09,3437,1,3,4,134,High Value At Risk,P1 - Immediate Retention,0.35,539.7315
13784,10,14,2910.23,2827,5,5,4,554,VIP Loyal,P2 - Maintain Loyalty,0.1,291.023
13785,429,4,542.49,151,1,3,2,132,Low Priority,P5 - Minimal Effort,0.0,0.0
13786,367,6,3358.94,1652,2,4,5,245,High Value At Risk,P1 - Immediate Retention,0.35,1175.629
13787,76,6,1222.5,998,3,4,3,343,Growth Potential,P3 - Upsell Opportunity,0.15,183.375
13788,505,1,3.75,1,1,1,1,111,Low Priority,P5 - Minimal Effort,0.0,0.0
13789,388,1,239.45999999999998,258,2,1,1,211,Low Priority,P5 - Minimal Effort,0.0,0.0
13790,4,1,348.8,748,5,1,2,512,New/Low Spend Active,P4 - Nurture,0.05,17.44
13791,128,2,1516.0,1200,3,2,4,324,Low Priority,P5 - Minimal Effort,0.0,0.0
13792,66,3,383.95,156,3,3,2,332,Low Priority,P5 - Minimal Effort,0.0,0.0
13793,647,1,96.0,52,1,1,1,111,Low Priority,P5 - Minimal Effort,0.0,0.0
13794,547,1,126.03,63,1,1,1,111,Low Priority,P5 - Minimal Effort,0.0,0.0
13795,388,4,836.3,1250,2,3,3,233,Growth Potential,P3 - Upsell Opportunity,0.15,125.445
13796,499,1,289.7,218,1,1,1,111,Low Priority,P5 - Minimal Effort,0.0,0.0
13797,437,3,1179.45,573,1,3,3,133,Growth Potential,P3 - Upsell Opportunity,0.15,176.9175
13798,1,110,75836.87,48347,5,5,5,555,VIP Loyal,P2 - Maintain Loyalty,0.1,7583.687
13799,117,9,2803.57,1539,3,5,4,354,Growth Potential,P3 - Upsell Opportunity,0.15,420.5355
13800,310,3,1679.56,891,2,3,4,234,High Value At Risk,P1 - Immediate Retention,0.35,587.8459999999999
13801,67,1,324.8,168,3,1,2,312,Low Priority,P5 - Minimal Effort,0.0,0.0
13802,139,19,26259.11,14129,3,5,5,355,Growth Potential,P3 - Upsell Opportunity,0.15,3938.8665
13803,255,3,1338.91,831,2,3,4,234,High Value At Risk,P1 - Immediate Retention,0.35,468.6185
13804,31,9,3208.52,1833,4,5,5,455,VIP Loyal,P2 - Maintain Loyalty,0.1,320.85200000000003
13805,52,2,924.6,1900,4,2,3,423,Low Priority,P5 - Minimal Effort,0.0,0.0
13806,64,1,256.38,56,3,1,1,311,Low Priority,P5 - Minimal Effort,0.0,0.0
13807,367,3,534.8,152,2,3,2,232,Low Priority,P5 - Minimal Effort,0.0,0.0
13808,6,5,1747.66,782,5,4,4,544,VIP Loyal,P2 - Maintain Loyalty,0.1,174.76600000000002
13809,305,3,679.7,281,2,3,3,233,Growth Potential,P3 - Upsell Opportunity,0.15,101.955
13810,29,3,1499.01,312,4,3,4,434,VIP Loyal,P2 - Maintain Loyalty,0.1,149.901
13811,184,3,814.5,68,3,3,3,333,Growth Potential,P3 - Upsell Opportunity,0.15,122.175
13812,42,3,539.0,333,4,3,2,432,New/Low Spend Active,P4 - Nurture,0.05,26.950000000000003
13813,40,8,2765.47,1292,4,4,4,444,VIP Loyal,P2 - Maintain Loyalty,0.1,276.54699999999997
13814,92,3,2257.32,1214,3,3,4,334,Growth Potential,P3 - Upsell Opportunity,0.15,338.598
13815,22,8,7475.74,5381,4,4,5,445,VIP Loyal,P2 - Maintain Loyalty,0.1,747.5740000000001
13816,24,2,571.6700000000001,269,4,2,2,422,New/Low Spend Active,P4 - Nurture,0.05,28.583500000000004
13817,29,2,382.98,211,4,2,2,422,New/Low Spend Active,P4 - Nurture,0.05,19.149
13818,430,1,61.28,60,1,1,1,111,Low Priority,P5 - Minimal Effort,0.0,0.0
13819,302,6,2642.35,2309,2,4,4,244,High Value At Risk,P1 - Immediate Retention,0.35,924.8224999999999
13820,418,3,660.65,287,1,3,3,133,Growth Potential,P3 - Upsell Opportunity,0.15,99.0975
13821,145,6,1410.73,483,3,4,4,344,Growth Potential,P3 - Upsell Opportunity,0.15,211.6095
13822,6,2,632.0,611,5,2,3,523,Low Priority,P5 - Minimal Effort,0.0,0.0
13823,19,7,3403.4500000000003,1564,5,4,5,545,VIP Loyal,P2 - Maintain Loyalty,0.1,340.345
13824,33,12,3314.76,1442,4,5,5,455,VIP Loyal,P2 - Maintain Loyalty,0.1,331.47600000000006
13825,622,2,255.59,182,1,2,1,121,Low Priority,P5 - Minimal Effort,0.0,0.0
13826,176,1,189.5,82,3,1,1,311,Low Priority,P5 - Minimal Effort,0.0,0.0
13827,58,3,412.05,141,4,3,2,432,New/Low Spend Active,P4 - Nurture,0.05,20.602500000000003
13828,22,1,209.49,311,4,1,1,411,New/Low Spend Active,P4 - Nurture,0.05,10.4745
13829,421,1,102.0,12,1,1,1,111,Low Priority,P5 - Minimal Effort,0.0,0.0
13830,582,1,156.85000000000002,47,1,1,1,111,Low Priority,P5 - Minimal Effort,0.0,0.0
13831,16,18,7023.58,2557,5,5,5,555,VIP Loyal,P2 - Maintain Loyalty,0.1,702.3580000000001
13832,19,2,613.6899999999999,422,5,2,2,522,New/Low Spend Active,P4 - Nurture,0.05,30.6845
13833,159,2,701.36,244,3,2,3,323,Low Priority,P5 - Minimal Effort,0.0,0.0
13834,577,2,324.19,221,1,2,2,122,Low Priority,P5 - Minimal Effort,0.0,0.0
13835,25,7,1095.27,520,4,4,3,443,Growth Potential,P3 - Upsell Opportunity,0.15,164.29049999999998
13836,399,2,620.37,273,2,2,3,223,Low Priority,P5 - Minimal Effort,0.0,0.0
13837,212,2,271.24,183,2,2,1,221,Low Priority,P5 - Minimal Effort,0.0,0.0
13838,6,10,1966.09,794,5,5,4,554,VIP Loyal,P2 - Maintain Loyalty,0.1,196.609
13839,486,1,139.95000000000002,25,1,1,1,111,Low Priority,P5 - Minimal Effort,0.0,0.0
13840,416,1,651.4,358,1,1,3,113,Low Priority,P5 - Minimal Effort,0.0,0.0
13841,253,1,85.0,100,2,1,1,211,Low Priority,P5 - Minimal Effort,0.0,0.0
13842,59,18,5629.91,2879,4,5,5,455,VIP Loyal,P2 - Maintain Loyalty,0.1,562.991
13843,381,1,319.75,145,2,1,2,212,Low Priority,P5 - Minimal Effort,0.0,0.0
13844,11,1,361.62,196,5,1,2,512,New/Low Spend Active,P4 - Nurture,0.05,18.081
13845,65,1,312.98,182,3,1,2,312,Low Priority,P5 - Minimal Effort,0.0,0.0
13846,25,4,1307.79,705,4,3,4,434,VIP Loyal,P2 - Maintain Loyalty,0.1,130.779
13847,720,1,310.72,96,1,1,2,112,Low Priority,P5 - Minimal Effort,0.0,0.0
13848,92,8,3335.0,10200,3,4,5,345,Growth Potential,P3 - Upsell Opportunity,0.15,500.25
13849,52,5,3469.3,1883,4,4,5,445,VIP Loyal,P2 - Maintain Loyalty,0.1,346.93000000000006
13850,129,1,1595.48,944,3,1,4,314,Low Priority,P5 - Minimal Effort,0.0,0.0
13851,96,8,4606.46,2525,3,4,5,345,Growth Potential,P3 - Upsell Opportunity,0.15,690.9689999999999
13852,611,1,187.35000000000002,85,1,1,1,111,Low Priority,P5 - Minimal Effort,0.0,0.0
13853,57,1,1090.14,312,4,1,3,413,Low Priority,P5 - Minimal Effort,0.0,0.0
13854,9,39,12253.96,3710,5,5,5,555,VIP Loyal,P2 - Maintain Loyalty,0.1,1225.396
13855,501,4,1310.3400000000001,575,1,3,4,134,High Value At Risk,P1 - Immediate Retention,0.35,458.619
13856,169,11,1142.03,1105,3,5,3,353,Growth Potential,P3 - Upsell Opportunity,0.15,171.3045
13857,393,6,1001.01,782,2,4,3,243,Growth Potential,P3 - Upsell Opportunity,0.15,150.1515
13858,57,1,216.17,75,4,1,1,411,New/Low Spend Active,P4 - Nurture,0.05,10.8085
13859,326,2,515.86,167,2,2,2,222,Low Priority,P5 - Minimal Effort,0.0,0.0
13860,1,5,1245.9,591,5,4,3,543,Growth Potential,P3 - Upsell Opportunity,0.15,186.88500000000002
13861,429,2,273.26,225,1,2,1,121,Low Priority,P5 - Minimal Effort,0.0,0.0
13862,18,9,2556.09,1927,5,5,4,554,VIP Loyal,P2 - Maintain Loyalty,0.1,255.60900000000004
13863,248,4,1239.55,553,2,3,3,233,Growth Potential,P3 - Upsell Opportunity,0.15,185.93249999999998
13864,387,1,662.4000000000001,192,2,1,3,213,Low Priority,P5 - Minimal Effort,0.0,0.0
13865,58,4,501.56,204,4,3,2,432,New/Low Spend Active,P4 - Nurture,0.05,25.078000000000003
13866,74,1,145.67000000000002,57,3,1,1,311,Low Priority,P5 - Minimal Effort,0.0,0.0
13867,31,3,1015.29,513,4,3,3,433,Growth Potential,P3 - Upsell Opportunity,0.15,152.2935
13868,7,2,3192.54,1964,5,2,5,525,VIP Loyal,P2 - Maintain Loyalty,0.1,319.254
13869,123,10,8111.57,4358,3,5,5,355,Growth Potential,P3 - Upsell Opportunity,0.15,1216.7355
13870,2,15,5712.08,3449,5,5,5,555,VIP Loyal,P2 - Maintain Loyalty,0.1,571.208
13871,23,17,7885.85,3502,4,5,5,455,VIP Loyal,P2 - Maintain Loyalty,0.1,788.585
13872,527,3,919.57,339,1,3,3,133,Growth Potential,P3 - Upsell Opportunity,0.15,137.9355
13873,120,8,1038.92,472,3,4,3,343,Growth Potential,P3 - Upsell Opportunity,0.15,155.838
13874,358,7,2049.15,864,2,4,4,244,High Value At Risk,P1 - Immediate Retention,0.35,717.2025
13875,54,14,4814.37,3072,4,5,5,455,VIP Loyal,P2 - Maintain Loyalty,0.1,481.437
13876,64,1,122.7,36,3,1,1,311,Low Priority,P5 - Minimal Effort,0.0,0.0
13877,86,3,449.68,478,3,3,2,332,Low Priority,P5 - Minimal Effort,0.0,0.0
13878,55,4,2473.06,959,4,3,4,434,VIP Loyal,P2 - Maintain Loyalty,0.1,247.306
13879,646,1,395.5,204,1,1,2,112,Low Priority,P5 - Minimal Effort,0.0,0.0
13880,21,17,4391.66,2589,4,5,5,455,VIP Loyal,P2 - Maintain Loyalty,0.1,439.166
13881,4,43,45179.1,29760,5,5,5,555,VIP Loyal,P2 - Maintain Loyalty,0.1,4517.91
13882,3,5,1191.13,953,5,4,3,543,Growth Potential,P3 - Upsell Opportunity,0.15,178.6695
13883,11,15,6560.02,3584,5,5,5,555,VIP Loyal,P2 - Maintain Loyalty,0.1,656.0020000000001
13884,7,10,1888.48,797,5,5,4,554,VIP Loyal,P2 - Maintain Loyalty,0.1,188.848
13885,189,2,506.8,182,3,2,2,322,Low Priority,P5 - Minimal Effort,0.0,0.0
13886,71,1,243.56,126,3,1,1,311,Low Priority,P5 - Minimal Effort,0.0,0.0
13887,204,1,349.55,147,2,1,2,212,Low Priority,P5 - Minimal Effort,0.0,0.0
13888,120,7,2169.05,903,3,4,4,344,Growth Potential,P3 - Upsell Opportunity,0.15,325.3575
13889,93,6,1991.23,979,3,4,4,344,Growth Potential,P3 - Upsell Opportunity,0.15,298.6845
13890,1,14,2927.38,1392,5,5,4,554,VIP Loyal,P2 - Maintain Loyalty,0.1,292.738
13891,378,3,863.5600000000001,479,2,3,3,233,Growth Potential,P3 - Upsell Opportunity,0.15,129.534
13892,27,6,1267.6499999999999,3125,4,4,4,444,VIP Loyal,P2 - Maintain Loyalty,0.1,126.76499999999999
13893,298,1,821.1,190,2,1,3,213,Low Priority,P5 - Minimal Effort,0.0,0.0
13894,24,3,564.62,354,4,3,2,432,New/Low Spend Active,P4 - Nurture,0.05,28.231
13895,28,6,4008.52,2060,4,4,5,445,VIP Loyal,P2 - Maintain Loyalty,0.1,400.85200000000003
13896,626,1,388.55,149,1,1,2,112,Low Priority,P5 - Minimal Effort,0.0,0.0
13897,50,3,1160.72,820,4,3,3,433,Growth Potential,P3 - Upsell Opportunity,0.15,174.108
13898,326,2,686.4,544,2,2,3,223,Low Priority,P5 - Minimal Effort,0.0,0.0
13899,16,2,388.52,156,5,2,2,522,New/Low Spend Active,P4 - Nurture,0.05,19.426000000000002
13900,183,6,1610.59,938,3,4,4,344,Growth Potential,P3 - Upsell Opportunity,0.15,241.58849999999998
13901,72,15,5676.34,3344,3,5,5,355,Growth Potential,P3 - Upsell Opportunity,0.15,851.451
13902,632,5,34095.26,220600,1,4,5,145,High Value At Risk,P1 - Immediate Retention,0.35,11933.341
13903,400,1,165.45000000000002,103,2,1,1,211,Low Priority,P5 - Minimal Effort,0.0,0.0
13904,37,2,332.64,332,4,2,2,422,New/Low Spend Active,P4 - Nurture,0.05,16.632
13905,733,1,312.65,135,1,1,2,112,Low Priority,P5 - Minimal Effort,0.0,0.0
13906,409,1,42.0,100,2,1,1,211,Low Priority,P5 - Minimal Effort,0.0,0.0
13907,692,1,136.8,68,1,1,1,111,Low Priority,P5 - Minimal Effort,0.0,0.0
13908,80,4,2369.55,1478,3,3,4,334,Growth Potential,P3 - Upsell Opportunity,0.15,355.4325
13909,423,2,286.6,302,1,2,1,121,Low Priority,P5 - Minimal Effort,0.0,0.0
13911,57,20,4234.99,4487,4,5,5,455,VIP Loyal,P2 - Maintain Loyalty,0.1,423.499
13912,424,1,124.95,29,1,1,1,111,Low Priority,P5 - Minimal Effort,0.0,0.0
13913,507,1,42.22,10,1,1,1,111,Low Priority,P5 - Minimal Effort,0.0,0.0
13914,12,2,626.45,380,5,2,3,523,Low Priority,P5 - Minimal Effort,0.0,0.0
13915,394,1,70.80000000000001,24,2,1,1,211,Low Priority,P5 - Minimal Effort,0.0,0.0
13916,464,4,1275.81,673,1,3,4,134,High Value At Risk,P1 - Immediate Retention,0.35,446.53349999999995
13917,50,2,272.04,228,4,2,1,421,New/Low Spend Active,P4 - Nurture,0.05,13.602000000000002
13918,50,2,1212.8400000000001,1140,4,2,3,423,Low Priority,P5 - Minimal Effort,0.0,0.0
13919,59,4,1360.68,1133,4,3,4,434,VIP Loyal,P2 - Maintain Loyalty,0.1,136.068
13920,432,4,1774.68,1772,1,3,4,134,High Value At Risk,P1 - Immediate Retention,0.35,621.138
13921,402,4,730.7,210,2,3,3,233,Growth Potential,P3 - Upsell Opportunity,0.15,109.605
13922,352,3,865.2,467,2,3,3,233,Growth Potential,P3 - Upsell Opportunity,0.15,129.78
13923,54,1,351.13,185,4,1,2,412,New/Low Spend Active,P4 - Nurture,0.05,17.5565
13924,2,6,1838.8500000000001,1575,5,4,4,544,VIP Loyal,P2 - Maintain Loyalty,0.1,183.88500000000002
13925,93,4,678.25,331,3,3,3,333,Growth Potential,P3 - Upsell Opportunity,0.15,101.7375
13926,23,1,223.85000000000002,104,4,1,1,411,New/Low Spend Active,P4 - Nurture,0.05,11.192500000000003
13927,75,2,708.26,463,3,2,3,323,Low Priority,P5 - Minimal Effort,0.0,0.0
13928,11,4,464.57,129,5,3,2,532,New/Low Spend Active,P4 - Nurture,0.05,23.2285
13929,169,11,3494.1,1566,3,5,5,355,Growth Potential,P3 - Upsell Opportunity,0.15,524.115
13930,58,2,337.34,274,4,2,2,422,New/Low Spend Active,P4 - Nurture,0.05,16.867
13931,96,11,5257.38,3488,3,5,5,355,Growth Potential,P3 - Upsell Opportunity,0.15,788.607
13932,295,1,307.4,72,2,1,2,212,Low Priority,P5 - Minimal Effort,0.0,0.0
13933,109,2,608.7900000000001,205,3,2,2,322,Low Priority,P5 - Minimal Effort,0.0,0.0
13934,264,1,922.1,390,2,1,3,213,Low Priority,P5 - Minimal Effort,0.0,0.0
13935,597,3,6116.92,2252,1,3,5,135,High Value At Risk,P1 - Immediate Retention,0.35,2140.922
13936,180,3,939.66,661,3,3,3,333,Growth Potential,P3 - Upsell Opportunity,0.15,140.94899999999998
13937,169,2,880.13,587,3,2,3,323,Low Priority,P5 - Minimal Effort,0.0,0.0
13938,35,1,71.66,70,4,1,1,411,New/Low Spend Active,P4 - Nurture,0.05,3.583
13939,23,7,1560.96,1608,4,4,4,444,VIP Loyal,P2 - Maintain Loyalty,0.1,156.096
13940,17,4,839.14,516,5,3,3,533,Growth Potential,P3 - Upsell Opportunity,0.15,125.871
13941,22,15,11122.300000000001,5426,4,5,5,455,VIP Loyal,P2 - Maintain Loyalty,0.1,1112.2300000000002
13942,535,1,320.0,1000,1,1,2,112,Low Priority,P5 - Minimal Effort,0.0,0.0
13943,578,1,246.54,94,1,1,1,111,Low Priority,P5 - Minimal Effort,0.0,0.0
13944,653,1,200.43,153,1,1,1,111,Low Priority,P5 - Minimal Effort,0.0,0.0
13945,395,2,854.15,413,2,2,3,223,Low Priority,P5 - Minimal Effort,0.0,0.0
13946,79,6,1876.23,2847,3,4,4,344,Growth Potential,P3 - Upsell Opportunity,0.15,281.4345
13947,65,1,90.6,44,3,1,1,311,Low Priority,P5 - Minimal Effort,0.0,0.0
13948,361,4,548.76,248,2,3,2,232,Low Priority,P5 - Minimal Effort,0.0,0.0
13949,3,6,2427.32,2474,5,4,4,544,VIP Loyal,P2 - Maintain Loyalty,0.1,242.73200000000003
13950,11,4,745.06,323,5,3,3,533,Growth Potential,P3 - Upsell Opportunity,0.15,111.75899999999999
13951,176,3,674.45,459,3,3,3,333,Growth Potential,P3 - Upsell Opportunity,0.15,101.1675
13952,218,14,12823.521,5947,2,5,5,255,High Value At Risk,P1 - Immediate Retention,0.35,4488.23235
13953,7,12,6640.68,5224,5,5,5,555,VIP Loyal,P2 - Maintain Loyalty,0.1,664.0680000000001
13954,2,2,439.92,150,5,2,2,522,New/Low Spend Active,P4 - Nurture,0.05,21.996000000000002
13955,154,3,545.17,274,3,3,2,332,Low Priority,P5 - Minimal Effort,0.0,0.0
13956,5,5,1026.42,491,5,4,3,543,Growth Potential,P3 - Upsell Opportunity,0.15,153.963
13957,418,3,458.25,157,1,3,2,132,Low Priority,P5 - Minimal Effort,0.0,0.0
13958,380,8,4709.2300000000005,2264,2,4,5,245,High Value At Risk,P1 - Immediate Retention,0.35,1648.2305000000001
13959,79,6,1076.18,700,3,4,3,343,Growth Potential,P3 - Upsell Opportunity,0.15,161.427
13960,21,2,230.22,142,4,2,1,421,New/Low Spend Active,P4 - Nurture,0.05,11.511000000000001
13961,392,1,538.4,226,2,1,2,212,Low Priority,P5 - Minimal Effort,0.0,0.0
13962,22,3,362.8,160,4,3,2,432,New/Low Spend Active,P4 - Nurture,0.05,18.14
13963,308,17,3011.87,2061,2,5,5,255,High Value At Risk,P1 - Immediate Retention,0.35,1054.1544999999999
13964,387,2,438.9,228,2,2,2,222,Low Priority,P5 - Minimal Effort,0.0,0.0
13965,477,3,996.61,425,1,3,3,133,Growth Potential,P3 - Upsell Opportunity,0.15,149.4915
13966,435,1,390.86,772,1,1,2,112,Low Priority,P5 - Minimal Effort,0.0,0.0
13967,146,2,166.3,66,3,2,1,321,Low Priority,P5 - Minimal Effort,0.0,0.0
13968,423,1,123.66,174,1,1,1,111,Low Priority,P5 - Minimal Effort,0.0,0.0
13969,7,35,13365.87,6817,5,5,5,555,VIP Loyal,P2 - Maintain Loyalty,0.1,1336.5870000000002
13970,386,2,846.55,469,2,2,3,223,Low Priority,P5 - Minimal Effort,0.0,0.0
13971,19,14,4667.57,3084,5,5,5,555,VIP Loyal,P2 - Maintain Loyalty,0.1,466.757
13972,71,2,190.25,187,3,2,1,321,Low Priority,P5 - Minimal Effort,0.0,0.0
13973,287,1,264.7,109,2,1,1,211,Low Priority,P5 - Minimal Effort,0.0,0.0
13974,49,2,677.72,356,4,2,3,423,Low Priority,P5 - Minimal Effort,0.0,0.0
13975,31,12,5358.84,3934,4,5,5,455,VIP Loyal,P2 - Maintain Loyalty,0.1,535.884
13976,207,4,1192.36,452,2,3,3,233,Growth Potential,P3 - Upsell Opportunity,0.15,178.85399999999998
13977,411,1,519.8100000000001,303,1,1,2,112,Low Priority,P5 - Minimal Effort,0.0,0.0
13978,15,2,196.79000000000002,315,5,2,1,521,New/Low Spend Active,P4 - Nurture,0.05,9.839500000000001
13979,73,7,3416.23,2296,3,4,5,345,Growth Potential,P3 - Upsell Opportunity,0.15,512.4345
13980,60,5,799.92,477,3,4,3,343,Growth Potential,P3 - Upsell Opportunity,0.15,119.98799999999999
13981,416,1,331.14,234,1,1,2,112,Low Priority,P5 - Minimal Effort,0.0,0.0
13982,39,9,4445.59,2736,4,5,5,455,VIP Loyal,P2 - Maintain Loyalty,0.1,444.559
13983,30,21,7108.45,4157,4,5,5,455,VIP Loyal,P2 - Maintain Loyalty,0.1,710.845
13984,27,12,2048.6,1421,4,5,4,454,VIP Loyal,P2 - Maintain Loyalty,0.1,204.86
13985,4,22,10020.86,4936,5,5,5,555,VIP Loyal,P2 - Maintain Loyalty,0.1,1002.0860000000001
13986,17,1,320.46,430,5,1,2,512,New/Low Spend Active,P4 - Nurture,0.05,16.023
13987,380,2,682.54,492,2,2,3,223,Low Priority,P5 - Minimal Effort,0.0,0.0
13988,20,8,4757.8,3385,4,4,5,445,VIP Loyal,P2 - Maintain Loyalty,0.1,475.78000000000003
13989,66,5,2026.06,2207,3,4,4,344,Growth Potential,P3 - Upsell Opportunity,0.15,303.909
13990,213,1,311.3,190,2,1,2,212,Low Priority,P5 - Minimal Effort,0.0,0.0
13991,12,6,855.97,998,5,4,3,543,Growth Potential,P3 - Upsell Opportunity,0.15,128.3955
13992,30,3,219.5,154,4,3,1,431,New/Low Spend Active,P4 - Nurture,0.05,10.975000000000001
13993,43,19,6775.71,2135,4,5,5,455,VIP Loyal,P2 - Maintain Loyalty,0.1,677.571
13994,4,6,2313.14,940,5,4,4,544,VIP Loyal,P2 - Maintain Loyalty,0.1,231.314
13995,15,14,3902.01,2359,5,5,5,555,VIP Loyal,P2 - Maintain Loyalty,0.1,390.201
13996,386,2,895.76,613,2,2,3,223,Low Priority,P5 - Minimal Effort,0.0,0.0
13997,519,3,382.31,146,1,3,2,132,Low Priority,P5 - Minimal Effort,0.0,0.0
13998,447,3,566.7,204,1,3,2,132,Low Priority,P5 - Minimal Effort,0.0,0.0
13999,10,29,9502.26,5043,5,5,5,555,VIP Loyal,P2 - Maintain Loyalty,0.1,950.2260000000001
14000,211,5,2046.3400000000001,1838,2,4,4,244,High Value At Risk,P1 - Immediate Retention,0.35,716.219
14001,46,9,4530.09,1873,4,5,5,455,VIP Loyal,P2 - Maintain Loyalty,0.1,453.009
14002,134,2,529.73,877,3,2,2,322,Low Priority,P5 - Minimal Effort,0.0,0.0
14003,733,1,209.41,149,1,1,1,111,Low Priority,P5 - Minimal Effort,0.0,0.0
14004,43,11,6258.45,3425,4,5,5,455,VIP Loyal,P2 - Maintain Loyalty,0.1,625.845
14005,10,5,2874.72,2478,5,4,4,544,VIP Loyal,P2 - Maintain Loyalty,0.1,287.472
14006,116,7,2196.67,2181,3,4,4,344,Growth Potential,P3 - Upsell Opportunity,0.15,329.5005
14007,513,1,79.48,16,1,1,1,111,Low Priority,P5 - Minimal Effort,0.0,0.0
14008,432,1,509.04,326,1,1,2,112,Low Priority,P5 - Minimal Effort,0.0,0.0
14009,198,3,1099.91,951,2,3,3,233,Growth Potential,P3 - Upsell Opportunity,0.15,164.9865
14010,565,2,445.15,177,1,2,2,122,Low Priority,P5 - Minimal Effort,0.0,0.0
14011,480,2,457.82,644,1,2,2,122,Low Priority,P5 - Minimal Effort,0.0,0.0
14012,278,1,328.8,160,2,1,2,212,Low Priority,P5 - Minimal Effort,0.0,0.0
14013,110,5,1084.57,775,3,4,3,343,Growth Potential,P3 - Upsell Opportunity,0.15,162.6855
14014,77,3,1948.21,2004,3,3,4,334,Growth Potential,P3 - Upsell Opportunity,0.15,292.2315
14015,53,1,917.34,378,4,1,3,413,Low Priority,P5 - Minimal Effort,0.0,0.0
14016,162,11,11403.41,5722,3,5,5,355,Growth Potential,P3 - Upsell Opportunity,0.15,1710.5114999999998
14017,571,1,229.75,73,1,1,1,111,Low Priority,P5 - Minimal Effort,0.0,0.0
14018,645,1,367.15000000000003,224,1,1,2,112,Low Priority,P5 - Minimal Effort,0.0,0.0
14019,47,3,1421.61,1037,4,3,4,434,VIP Loyal,P2 - Maintain Loyalty,0.1,142.161
14020,17,4,1249.01,648,5,3,4,534,VIP Loyal,P2 - Maintain Loyalty,0.1,124.90100000000001
14021,155,7,1716.58,878,3,4,4,344,Growth Potential,P3 - Upsell Opportunity,0.15,257.48699999999997
14022,225,2,792.15,681,2,2,3,223,Low Priority,P5 - Minimal Effort,0.0,0.0
14023,7,2,584.07,345,5,2,2,522,New/Low Spend Active,P4 - Nurture,0.05,29.203500000000005
14024,122,3,645.74,238,3,3,3,333,Growth Potential,P3 - Upsell Opportunity,0.15,96.861
14025,465,8,4057.9,1914,1,4,5,145,High Value At Risk,P1 - Immediate Retention,0.35,1420.2649999999999
14026,471,2,713.11,427,1,2,3,123,Low Priority,P5 - Minimal Effort,0.0,0.0
14027,61,1,104.82,62,3,1,1,311,Low Priority,P5 - Minimal Effort,0.0,0.0
14028,550,3,10396.5,7170,1,3,5,135,High Value At Risk,P1 - Immediate Retention,0.35,3638.7749999999996
14029,63,2,467.66,198,3,2,2,322,Low Priority,P5 - Minimal Effort,0.0,0.0
14030,18,20,8262.29,4350,5,5,5,555,VIP Loyal,P2 - Maintain Loyalty,0.1,826.2290000000002
14031,7,44,40999.17,14507,5,5,5,555,VIP Loyal,P2 - Maintain Loyalty,0.1,4099.917
14032,2,16,4850.2699999999995,3916,5,5,5,555,VIP Loyal,P2 - Maintain Loyalty,0.1,485.027
14033,555,1,109.44,576,1,1,1,111,Low Priority,P5 - Minimal Effort,0.0,0.0
14034,22,3,651.8199999999999,423,4,3,3,433,Growth Potential,P3 - Upsell Opportunity,0.15,97.77299999999998
14035,29,9,2856.72,1419,4,5,4,454,VIP Loyal,P2 - Maintain Loyalty,0.1,285.67199999999997
14036,285,1,626.65,268,2,1,3,213,Low Priority,P5 - Minimal Effort,0.0,0.0
14037,176,6,836.95,590,3,4,3,343,Growth Potential,P3 - Upsell Opportunity,0.15,125.5425
14038,78,5,3069.88,1708,3,4,5,345,Growth Potential,P3 - Upsell Opportunity,0.15,460.482
14039,33,2,267.28000000000003,192,4,2,1,421,New/Low Spend Active,P4 - Nurture,0.05,13.364000000000003
14040,41,35,12645.57,5044,4,5,5,455,VIP Loyal,P2 - Maintain Loyalty,0.1,1264.557
14041,266,1,141.41,94,2,1,1,211,Low Priority,P5 - Minimal Effort,0.0,0.0
14042,725,1,431.98,180,1,1,2,112,Low Priority,P5 - Minimal Effort,0.0,0.0
14043,491,2,304.25,153,1,2,2,122,Low Priority,P5 - Minimal Effort,0.0,0.0
14044,27,10,3123.1,2126,4,5,5,455,VIP Loyal,P2 - Maintain Loyalty,0.1,312.31
14045,109,16,11313.029999999999,4587,3,5,5,355,Growth Potential,P3 - Upsell Opportunity,0.15,1696.9544999999998
14046,284,1,154.99,460,2,1,1,211,Low Priority,P5 - Minimal Effort,0.0,0.0
14047,9,14,4255.03,1649,5,5,5,555,VIP Loyal,P2 - Maintain Loyalty,0.1,425.503
14048,305,3,748.69,467,2,3,3,233,Growth Potential,P3 - Upsell Opportunity,0.15,112.3035
14049,17,13,13239.03,8609,5,5,5,555,VIP Loyal,P2 - Maintain Loyalty,0.1,1323.9030000000002
14050,32,2,746.36,689,4,2,3,423,Low Priority,P5 - Minimal Effort,0.0,0.0
14051,1,37,22434.0,5947,5,5,5,555,VIP Loyal,P2 - Maintain Loyalty,0.1,2243.4
14052,20,2,480.81,187,4,2,2,422,New/Low Spend Active,P4 - Nurture,0.05,24.0405
14053,124,4,572.3,490,3,3,2,332,Low Priority,P5 - Minimal Effort,0.0,0.0
14054,65,1,92.46,62,3,1,1,311,Low Priority,P5 - Minimal Effort,0.0,0.0
14055,106,3,1520.96,720,3,3,4,334,Growth Potential,P3 - Upsell Opportunity,0.15,228.144
14056,1,23,8214.65,4273,5,5,5,555,VIP Loyal,P2 - Maintain Loyalty,0.1,821.465
14057,24,22,8408.84,6485,4,5,5,455,VIP Loyal,P2 - Maintain Loyalty,0.1,840.884
14058,463,2,469.19,211,1,2,2,122,Low Priority,P5 - Minimal Effort,0.0,0.0
14059,267,1,183.6,128,2,1,1,211,Low Priority,P5 - Minimal Effort,0.0,0.0
14060,5,30,9519.08,8119,5,5,5,555,VIP Loyal,P2 - Maintain Loyalty,0.1,951.908
14061,507,3,917.4300000000001,133,1,3,3,133,Growth Potential,P3 - Upsell Opportunity,0.15,137.6145
14062,10,24,25604.2,12799,5,5,5,555,VIP Loyal,P2 - Maintain Loyalty,0.1,2560.42
14063,438,9,22710.2,3850,1,5,5,155,High Value At Risk,P1 - Immediate Retention,0.35,7948.57
14064,29,15,3332.42,3977,4,5,5,455,VIP Loyal,P2 - Maintain Loyalty,0.1,333.242
14065,389,3,891.02,582,2,3,3,233,Growth Potential,P3 - Upsell Opportunity,0.15,133.653
14066,267,1,152.55,45,2,1,1,211,Low Priority,P5 - Minimal Effort,0.0,0.0
14067,64,2,374.7,361,3,2,2,322,Low Priority,P5 - Minimal Effort,0.0,0.0
14068,320,4,1528.3700000000001,513,2,3,4,234,High Value At Risk,P1 - Immediate Retention,0.35,534.9295
14069,515,2,230.06,59,1,2,1,121,Low Priority,P5 - Minimal Effort,0.0,0.0
14070,685,1,326.55,86,1,1,2,112,Low Priority,P5 - Minimal Effort,0.0,0.0
14071,4,8,1438.82,995,5,4,4,544,VIP Loyal,P2 - Maintain Loyalty,0.1,143.882
14072,667,1,390.85,65,1,1,2,112,Low Priority,P5 - Minimal Effort,0.0,0.0
14073,32,1,151.04,130,4,1,1,411,New/Low Spend Active,P4 - Nurture,0.05,7.552
14074,623,1,219.39999999999998,228,1,1,1,111,Low Priority,P5 - Minimal Effort,0.0,0.0
14075,5,6,1734.87,1494,5,4,4,544,VIP Loyal,P2 - Maintain Loyalty,0.1,173.487
14076,129,1,122.47,81,3,1,1,311,Low Priority,P5 - Minimal Effort,0.0,0.0
14077,41,6,615.0799999999999,376,4,4,2,442,New/Low Spend Active,P4 - Nurture,0.05,30.753999999999998
14078,102,9,1692.6299999999999,618,3,5,4,354,Growth Potential,P3 - Upsell Opportunity,0.15,253.89449999999997
14079,125,2,618.73,302,3,2,3,323,Low Priority,P5 - Minimal Effort,0.0,0.0
14080,33,5,1115.68,268,4,4,3,443,Growth Potential,P3 - Upsell Opportunity,0.15,167.352
14081,302,10,5370.1,3712,2,5,5,255,High Value At Risk,P1 - Immediate Retention,0.35,1879.535
14082,365,2,413.36,246,2,2,2,222,Low Priority,P5 - Minimal Effort,0.0,0.0
14083,4,11,1407.26,966,5,5,4,554,VIP Loyal,P2 - Maintain Loyalty,0.1,140.726
14084,512,1,150.5,306,1,1,1,111,Low Priority,P5 - Minimal Effort,0.0,0.0
14085,2,33,10104.97,6564,5,5,5,555,VIP Loyal,P2 - Maintain Loyalty,0.1,1010.497
14086,463,1,39.95,1,1,1,1,111,Low Priority,P5 - Minimal Effort,0.0,0.0
14087,3,3,846.22,727,5,3,3,533,Growth Potential,P3 - Upsell Opportunity,0.15,126.93299999999999
14088,10,16,64036.8,15276,5,5,5,555,VIP Loyal,P2 - Maintain Loyalty,0.1,6403.68
14089,57,1,161.0,134,4,1,1,411,New/Low Spend Active,P4 - Nurture,0.05,8.05
14090,325,1,76.32000000000001,72,2,1,1,211,Low Priority,P5 - Minimal Effort,0.0,0.0
14091,654,2,9530.08,3316,1,2,5,125,High Value At Risk,P1 - Immediate Retention,0.35,3335.528
14092,8,24,7229.45,3606,5,5,5,555,VIP Loyal,P2 - Maintain Loyalty,0.1,722.945
14093,12,1,442.85,406,5,1,2,512,New/Low Spend Active,P4 - Nurture,0.05,22.142500000000002
14094,440,1,335.22,177,1,1,2,112,Low Priority,P5 - Minimal Effort,0.0,0.0
14095,723,1,2.95,1,1,1,1,111,Low Priority,P5 - Minimal Effort,0.0,0.0
14096,4,17,65164.79,16352,5,5,5,555,VIP Loyal,P2 - Maintain Loyalty,0.1,6516.479
14097,481,2,422.85999999999996,352,1,2,2,122,Low Priority,P5 - Minimal Effort,0.0,0.0
14098,37,1,147.35,104,4,1,1,411,New/Low Spend Active,P4 - Nurture,0.05,7.3675
14099,16,20,5765.71,3670,5,5,5,555,VIP Loyal,P2 - Maintain Loyalty,0.1,576.571
14100,138,1,194.9,64,3,1,1,311,Low Priority,P5 - Minimal Effort,0.0,0.0
14101,74,13,9961.93,10542,3,5,5,355,Growth Potential,P3 - Upsell Opportunity,0.15,1494.2895
14102,5,5,1360.28,961,5,4,4,544,VIP Loyal,P2 - Maintain Loyalty,0.1,136.028
14104,155,5,771.5799999999999,509,3,4,3,343,Growth Potential,P3 - Upsell Opportunity,0.15,115.73699999999998
14105,239,5,5988.83,3534,2,4,5,245,High Value At Risk,P1 - Immediate Retention,0.35,2096.0905
14106,737,1,214.79999999999998,24,1,1,1,111,Low Priority,P5 - Minimal Effort,0.0,0.0
14107,52,11,4877.3,3489,4,5,5,455,VIP Loyal,P2 - Maintain Loyalty,0.1,487.73
14108,31,4,1044.96,660,4,3,3,433,Growth Potential,P3 - Upsell Opportunity,0.15,156.744
14109,73,1,144.2,88,3,1,1,311,Low Priority,P5 - Minimal Effort,0.0,0.0
14110,4,33,12987.95,5825,5,5,5,555,VIP Loyal,P2 - Maintain Loyalty,0.1,1298.795
14111,14,4,692.85,458,5,3,3,533,Growth Potential,P3 - Upsell Opportunity,0.15,103.9275
14112,23,13,5834.59,3539,4,5,5,455,VIP Loyal,P2 - Maintain Loyalty,0.1,583.4590000000001
14113,4,16,7092.610000000001,3439,5,5,5,555,VIP Loyal,P2 - Maintain Loyalty,0.1,709.2610000000001
14114,274,7,1364.09,650,2,4,4,244,High Value At Risk,P1 - Immediate Retention,0.35,477.4314999999999
14115,502,2,622.6700000000001,509,1,2,3,123,Low Priority,P5 - Minimal Effort,0.0,0.0
14116,20,5,1382.74,707,4,4,4,444,VIP Loyal,P2 - Maintain Loyalty,0.1,138.274
14117,144,1,90.0,72,3,1,1,311,Low Priority,P5 - Minimal Effort,0.0,0.0
14118,429,1,458.45,97,1,1,2,112,Low Priority,P5 - Minimal Effort,0.0,0.0
14119,376,2,183.37,177,2,2,1,221,Low Priority,P5 - Minimal Effort,0.0,0.0
14121,4,4,2780.15,2082,5,3,4,534,VIP Loyal,P2 - Maintain Loyalty,0.1,278.01500000000004
14122,406,3,362.42,114,2,3,2,232,Low Priority,P5 - Minimal Effort,0.0,0.0
14123,733,1,436.18,234,1,1,2,112,Low Priority,P5 - Minimal Effort,0.0,0.0
14124,84,1,419.58000000000004,1618,3,1,2,312,Low Priority,P5 - Minimal Effort,0.0,0.0
14125,11,3,2740.43,1640,5,3,4,534,VIP Loyal,P2 - Maintain Loyalty,0.1,274.043
14126,8,4,1172.46,887,5,3,3,533,Growth Potential,P3 - Upsell Opportunity,0.15,175.869
14127,123,6,1900.0800000000002,828,3,4,4,344,Growth Potential,P3 - Upsell Opportunity,0.15,285.012
14128,61,3,924.21,814,3,3,3,333,Growth Potential,P3 - Upsell Opportunity,0.15,138.6315
14129,2,9,2591.34,1414,5,5,4,554,VIP Loyal,P2 - Maintain Loyalty,0.1,259.134
14130,319,4,1882.67,1239,2,3,4,234,High Value At Risk,P1 - Immediate Retention,0.35,658.9345
14131,649,1,187.87,118,1,1,1,111,Low Priority,P5 - Minimal Effort,0.0,0.0
14132,2,11,3586.0299999999997,3368,5,5,5,555,VIP Loyal,P2 - Maintain Loyalty,0.1,358.603
14133,130,4,911.14,398,3,3,3,333,Growth Potential,P3 - Upsell Opportunity,0.15,136.671
14134,383,15,11123.35,5814,2,5,5,255,High Value At Risk,P1 - Immediate Retention,0.35,3893.1724999999997
14135,2,24,9643.92,9355,5,5,5,555,VIP Loyal,P2 - Maintain Loyalty,0.1,964.392
14136,401,5,1570.81,1148,2,4,4,244,High Value At Risk,P1 - Immediate Retention,0.35,549.7834999999999
14137,696,1,332.7,462,1,1,2,112,Low Priority,P5 - Minimal Effort,0.0,0.0
14138,2,2,982.3800000000001,610,5,2,3,523,Low Priority,P5 - Minimal Effort,0.0,0.0
14139,46,4,1086.8,1049,4,3,3,433,Growth Potential,P3 - Upsell Opportunity,0.15,163.01999999999998
14140,4,2,935.05,811,5,2,3,523,Low Priority,P5 - Minimal Effort,0.0,0.0
14141,3,4,915.13,355,5,3,3,533,Growth Potential,P3 - Upsell Opportunity,0.15,137.2695
14142,373,2,983.15,831,2,2,3,223,Low Priority,P5 - Minimal Effort,0.0,0.0
14143,134,1,115.8,30,3,1,1,311,Low Priority,P5 - Minimal Effort,0.0,0.0
14144,486,1,30.599999999999998,12,1,1,1,111,Low Priority,P5 - Minimal Effort,0.0,0.0
14145,47,7,7600.05,1655,4,4,5,445,VIP Loyal,P2 - Maintain Loyalty,0.1,760.0050000000001
14146,9,12,9450.3,5780,5,5,5,555,VIP Loyal,P2 - Maintain Loyalty,0.1,945.03
14147,78,9,2590.2,995,3,5,4,354,Growth Potential,P3 - Upsell Opportunity,0.15,388.53
14148,234,2,466.29,223,2,2,2,222,Low Priority,P5 - Minimal Effort,0.0,0.0
14149,221,1,446.62,218,2,1,2,212,Low Priority,P5 - Minimal Effort,0.0,0.0
14150,36,2,658.64,496,4,2,3,423,Low Priority,P5 - Minimal Effort,0.0,0.0
14151,673,2,679.45,405,1,2,3,123,Low Priority,P5 - Minimal Effort,0.0,0.0
14152,75,7,1997.3400000000001,1844,3,4,4,344,Growth Potential,P3 - Upsell Opportunity,0.15,299.601
14153,483,1,233.4,312,1,1,1,111,Low Priority,P5 - Minimal Effort,0.0,0.0
14154,239,8,6460.7,3222,2,4,5,245,High Value At Risk,P1 - Immediate Retention,0.35,2261.245
14155,266,1,118.75,25,2,1,1,211,Low Priority,P5 - Minimal Effort,0.0,0.0
14156,10,156,313946.37,165992,5,5,5,555,VIP Loyal,P2 - Maintain Loyalty,0.1,31394.637000000002
14157,20,5,1002.78,540,4,4,3,443,Growth Potential,P3 - Upsell Opportunity,0.15,150.417
14158,40,1,507.66,781,4,1,2,412,New/Low Spend Active,P4 - Nurture,0.05,25.383000000000003
14159,20,20,7938.01,6593,4,5,5,455,VIP Loyal,P2 - Maintain Loyalty,0.1,793.801
14160,610,7,8421.47,4661,1,4,5,145,High Value At Risk,P1 - Immediate Retention,0.35,2947.5144999999998
14161,216,7,3318.88,1623,2,4,5,245,High Value At Risk,P1 - Immediate Retention,0.35,1161.608
14162,174,2,289.36,142,3,2,1,321,Low Priority,P5 - Minimal Effort,0.0,0.0
14163,87,5,2594.62,950,3,4,4,344,Growth Potential,P3 - Upsell Opportunity,0.15,389.193
14164,71,2,1631.77,1033,3,2,4,324,Low Priority,P5 - Minimal Effort,0.0,0.0
14165,276,1,122.53999999999999,54,2,1,1,211,Low Priority,P5 - Minimal Effort,0.0,0.0
14166,505,2,256.85,84,1,2,1,121,Low Priority,P5 - Minimal Effort,0.0,0.0
14167,39,8,1296.49,350,4,4,4,444,VIP Loyal,P2 - Maintain Loyalty,0.1,129.649
14168,421,2,370.45,147,1,2,2,122,Low Priority,P5 - Minimal Effort,0.0,0.0
14169,431,2,624.4300000000001,208,1,2,3,123,Low Priority,P5 - Minimal Effort,0.0,0.0
14170,375,3,597.33,290,2,3,2,232,Low Priority,P5 - Minimal Effort,0.0,0.0
14171,98,2,498.79,211,3,2,2,322,Low Priority,P5 - Minimal Effort,0.0,0.0
14172,605,3,402.72,88,1,3,2,132,Low Priority,P5 - Minimal Effort,0.0,0.0
14173,11,6,586.0,194,5,4,2,542,New/Low Spend Active,P4 - Nurture,0.05,29.3
14174,33,1,134.46,94,4,1,1,411,New/Low Spend Active,P4 - Nurture,0.05,6.723000000000001
14175,60,8,7678.88,3009,3,4,5,345,Growth Potential,P3 - Upsell Opportunity,0.15,1151.8319999999999
14176,297,5,916.01,326,2,4,3,243,Growth Potential,P3 - Upsell Opportunity,0.15,137.4015
14177,86,13,2229.34,1048,3,5,4,354,Growth Potential,P3 - Upsell Opportunity,0.15,334.401
14178,9,7,1620.93,1505,5,4,4,544,VIP Loyal,P2 - Maintain Loyalty,0.1,162.09300000000002
14179,41,2,719.78,330,4,2,3,423,Low Priority,P5 - Minimal Effort,0.0,0.0
14180,11,33,6319.25,878,5,5,5,555,VIP Loyal,P2 - Maintain Loyalty,0.1,631.9250000000001
14181,411,2,310.55,122,1,2,2,122,Low Priority,P5 - Minimal Effort,0.0,0.0
14182,444,4,678.77,174,1,3,3,133,Growth Potential,P3 - Upsell Opportunity,0.15,101.8155
14183,411,2,286.29,61,1,2,1,121,Low Priority,P5 - Minimal Effort,0.0,0.0
14184,67,1,452.89,127,3,1,2,312,Low Priority,P5 - Minimal Effort,0.0,0.0
14185,331,1,197.65,6,2,1,1,211,Low Priority,P5 - Minimal Effort,0.0,0.0
14186,427,5,1550.63,1550,1,4,4,144,High Value At Risk,P1 - Immediate Retention,0.35,542.7205
14187,474,1,123.5,50,1,1,1,111,Low Priority,P5 - Minimal Effort,0.0,0.0
14188,31,6,2054.36,1162,4,4,4,444,VIP Loyal,P2 - Maintain Loyalty,0.1,205.43600000000004
14189,2,16,5814.39,4646,5,5,5,555,VIP Loyal,P2 - Maintain Loyalty,0.1,581.4390000000001
14190,666,1,79.9,2,1,1,1,111,Low Priority,P5 - Minimal Effort,0.0,0.0
14191,2,15,4817.66,3724,5,5,5,555,VIP Loyal,P2 - Maintain Loyalty,0.1,481.766
14192,388,1,293.74,218,2,1,2,212,Low Priority,P5 - Minimal Effort,0.0,0.0
14193,68,3,1210.19,653,3,3,3,333,Growth Potential,P3 - Upsell Opportunity,0.15,181.5285
14194,5,36,18670.59,10037,5,5,5,555,VIP Loyal,P2 - Maintain Loyalty,0.1,1867.0590000000002
14195,202,6,2615.6,2144,2,4,4,244,High Value At Risk,P1 - Immediate Retention,0.35,915.4599999999999
14196,107,1,335.52,142,3,1,2,312,Low Priority,P5 - Minimal Effort,0.0,0.0
14197,411,1,390.05,143,1,1,2,112,Low Priority,P5 - Minimal Effort,0.0,0.0
14198,18,9,1569.73,623,5,5,4,554,VIP Loyal,P2 - Maintain Loyalty,0.1,156.973
14199,218,4,1091.7,254,2,3,3,233,Growth Potential,P3 - Upsell Opportunity,0.15,163.755
14200,617,1,379.2,140,1,1,2,112,Low Priority,P5 - Minimal Effort,0.0,0.0
14201,60,10,1193.54,806,3,5,3,353,Growth Potential,P3 - Upsell Opportunity,0.15,179.03099999999998
14202,381,3,847.76,166,2,3,3,233,Growth Potential,P3 - Upsell Opportunity,0.15,127.16399999999999
14203,397,1,339.34,80,2,1,2,212,Low Priority,P5 - Minimal Effort,0.0,0.0
14204,2,4,1062.96,492,5,3,3,533,Growth Potential,P3 - Upsell Opportunity,0.15,159.444
14205,17,9,2414.2,1342,5,5,4,554,VIP Loyal,P2 - Maintain Loyalty,0.1,241.42
14206,239,3,1185.01,930,2,3,3,233,Growth Potential,P3 - Upsell Opportunity,0.15,177.7515
14207,688,1,157.8,36,1,1,1,111,Low Priority,P5 - Minimal Effort,0.0,0.0
14208,95,2,567.05,529,3,2,2,322,Low Priority,P5 - Minimal Effort,0.0,0.0
14209,11,15,4993.27,1739,5,5,5,555,VIP Loyal,P2 - Maintain Loyalty,0.1,499.32700000000006
14210,106,16,5861.52,2604,3,5,5,355,Growth Potential,P3 - Upsell Opportunity,0.15,879.2280000000001
14211,53,18,4402.29,2575,4,5,5,455,VIP Loyal,P2 - Maintain Loyalty,0.1,440.22900000000004
14212,90,2,2190.14,2046,3,2,4,324,Low Priority,P5 - Minimal Effort,0.0,0.0
14213,405,1,1192.2,244,2,1,3,213,Low Priority,P5 - Minimal Effort,0.0,0.0
14214,31,5,1004.38,751,4,4,3,443,Growth Potential,P3 - Upsell Opportunity,0.15,150.65699999999998
14215,12,9,3416.33,2285,5,5,5,555,VIP Loyal,P2 - Maintain Loyalty,0.1,341.63300000000004
14216,3,5,2150.04,712,5,4,4,544,VIP Loyal,P2 - Maintain Loyalty,0.1,215.00400000000002
14217,2,23,3416.89,1256,5,5,5,555,VIP Loyal,P2 - Maintain Loyalty,0.1,341.689
14218,43,1,169.48000000000002,160,4,1,1,411,New/Low Spend Active,P4 - Nurture,0.05,8.474000000000002
14219,4,3,633.83,363,5,3,3,533,Growth Potential,P3 - Upsell Opportunity,0.15,95.0745
14220,247,4,1515.0,468,2,3,4,234,High Value At Risk,P1 - Immediate Retention,0.35,530.25
14221,42,17,6517.49,3808,4,5,5,455,VIP Loyal,P2 - Maintain Loyalty,0.1,651.749
14222,177,1,683.17,607,3,1,3,313,Low Priority,P5 - Minimal Effort,0.0,0.0
14223,92,3,991.13,585,3,3,3,333,Growth Potential,P3 - Upsell Opportunity,0.15,148.6695
14224,110,9,1897.9,863,3,5,4,354,Growth Potential,P3 - Upsell Opportunity,0.15,284.685
14225,435,4,2037.02,1168,1,3,4,134,High Value At Risk,P1 - Immediate Retention,0.35,712.957
14226,29,6,3002.53,1726,4,4,5,445,VIP Loyal,P2 - Maintain Loyalty,0.1,300.25300000000004
14227,26,15,6368.71,4048,4,5,5,455,VIP Loyal,P2 - Maintain Loyalty,0.1,636.8710000000001
14228,438,3,745.5,260,1,3,3,133,Growth Potential,P3 - Upsell Opportunity,0.15,111.825
14229,52,7,2594.04,934,4,4,4,444,VIP Loyal,P2 - Maintain Loyalty,0.1,259.404
14230,436,3,979.8000000000001,246,1,3,3,133,Growth Potential,P3 - Upsell Opportunity,0.15,146.97
14231,184,4,1235.6200000000001,610,3,3,3,333,Growth Potential,P3 - Upsell Opportunity,0.15,185.34300000000002
14232,43,5,2048.07,1941,4,4,4,444,VIP Loyal,P2 - Maintain Loyalty,0.1,204.80700000000002
14233,49,7,2904.27,1261,4,4,4,444,VIP Loyal,P2 - Maintain Loyalty,0.1,290.427
14234,22,4,775.46,963,4,3,3,433,Growth Potential,P3 - Upsell Opportunity,0.15,116.319
14235,75,9,4717.99,3014,3,5,5,355,Growth Potential,P3 - Upsell Opportunity,0.15,707.6985
14236,81,5,1744.64,812,3,4,4,344,Growth Potential,P3 - Upsell Opportunity,0.15,261.696
14237,373,2,632.14,276,2,2,3,223,Low Priority,P5 - Minimal Effort,0.0,0.0
14238,326,3,434.23,189,2,3,2,232,Low Priority,P5 - Minimal Effort,0.0,0.0
14239,43,21,4263.17,1729,4,5,5,455,VIP Loyal,P2 - Maintain Loyalty,0.1,426.317
14240,30,3,1247.49,655,4,3,3,433,Growth Potential,P3 - Upsell Opportunity,0.15,187.1235
14241,184,2,333.70000000000005,242,3,2,2,322,Low Priority,P5 - Minimal Effort,0.0,0.0
14242,235,2,280.55,123,2,2,1,221,Low Priority,P5 - Minimal Effort,0.0,0.0
14243,9,17,7431.05,3687,5,5,5,555,VIP Loyal,P2 - Maintain Loyalty,0.1,743.105
14244,661,1,366.41999999999996,814,1,1,2,112,Low Priority,P5 - Minimal Effort,0.0,0.0
14245,220,2,1693.45,976,2,2,4,224,High Value At Risk,P1 - Immediate Retention,0.35,592.7075
14246,111,3,1474.06,804,3,3,4,334,Growth Potential,P3 - Upsell Opportunity,0.15,221.10899999999998
14247,278,5,772.66,382,2,4,3,243,Growth Potential,P3 - Upsell Opportunity,0.15,115.89899999999999
14248,318,3,1032.95,692,2,3,3,233,Growth Potential,P3 - Upsell Opportunity,0.15,154.9425
14249,411,12,5625.461,2487,1,5,5,155,High Value At Risk,P1 - Immediate Retention,0.35,1968.9113499999999
14250,7,3,1904.05,1200,5,3,4,534,VIP Loyal,P2 - Maintain Loyalty,0.1,190.405
14251,2,5,2879.7000000000003,1674,5,4,4,544,VIP Loyal,P2 - Maintain Loyalty,0.1,287.97
14252,381,1,350.99,111,2,1,2,212,Low Priority,P5 - Minimal Effort,0.0,0.0
14253,493,2,363.40000000000003,88,1,2,2,122,Low Priority,P5 - Minimal Effort,0.0,0.0
14254,433,1,601.03,263,1,1,2,112,Low Priority,P5 - Minimal Effort,0.0,0.0
14255,546,1,1000.63,1,1,1,3,113,Low Priority,P5 - Minimal Effort,0.0,0.0
14256,260,5,2473.9900000000002,1171,2,4,4,244,High Value At Risk,P1 - Immediate Retention,0.35,865.8965000000001
14257,64,9,5954.45,3332,3,5,5,355,Growth Potential,P3 - Upsell Opportunity,0.15,893.1674999999999
14258,9,25,32051.34,17488,5,5,5,555,VIP Loyal,P2 - Maintain Loyalty,0.1,3205.134
14259,142,1,120.0,68,3,1,1,311,Low Priority,P5 - Minimal Effort,0.0,0.0
14260,471,3,824.28,544,1,3,3,133,Growth Potential,P3 - Upsell Opportunity,0.15,123.642
14261,51,2,1163.45,406,4,2,3,423,Low Priority,P5 - Minimal Effort,0.0,0.0
14262,8,8,2618.23,1645,5,4,4,544,VIP Loyal,P2 - Maintain Loyalty,0.1,261.82300000000004
14263,423,1,322.93,171,1,1,2,112,Low Priority,P5 - Minimal Effort,0.0,0.0
14264,155,6,1517.3600000000001,553,3,4,4,344,Growth Potential,P3 - Upsell Opportunity,0.15,227.604
14265,109,4,1373.35,715,3,3,4,334,Growth Potential,P3 - Upsell Opportunity,0.15,206.00249999999997
14266,428,1,40.56,24,1,1,1,111,Low Priority,P5 - Minimal Effort,0.0,0.0
14267,163,3,1516.24,530,3,3,4,334,Growth Potential,P3 - Upsell Opportunity,0.15,227.436
14268,471,1,354.85,147,1,1,2,112,Low Priority,P5 - Minimal Effort,0.0,0.0
14269,439,1,295.73,123,1,1,2,112,Low Priority,P5 - Minimal Effort,0.0,0.0
14270,332,1,492.65000000000003,197,2,1,2,212,Low Priority,P5 - Minimal Effort,0.0,0.0
14271,226,2,219.13,149,2,2,1,221,Low Priority,P5 - Minimal Effort,0.0,0.0
14272,74,4,920.81,1097,3,3,3,333,Growth Potential,P3 - Upsell Opportunity,0.15,138.1215
14273,51,4,559.97,264,4,3,2,432,New/Low Spend Active,P4 - Nurture,0.05,27.998500000000003
14274,686,1,256.6,178,1,1,1,111,Low Priority,P5 - Minimal Effort,0.0,0.0
14275,396,6,1189.3799999999999,538,2,4,3,243,Growth Potential,P3 - Upsell Opportunity,0.15,178.40699999999998
14276,99,7,2102.68,1406,3,4,4,344,Growth Potential,P3 - Upsell Opportunity,0.15,315.402
14277,15,9,17225.81,89814,5,5,5,555,VIP Loyal,P2 - Maintain Loyalty,0.1,1722.5810000000001
14278,410,1,205.83,131,2,1,1,211,Low Priority,P5 - Minimal Effort,0.0,0.0
14279,521,2,191.86,46,1,2,1,121,Low Priority,P5 - Minimal Effort,0.0,0.0
14280,197,1,134.04,52,2,1,1,211,Low Priority,P5 - Minimal Effort,0.0,0.0
14281,408,1,245.15,45,2,1,1,211,Low Priority,P5 - Minimal Effort,0.0,0.0
14282,3,25,7849.66,5478,5,5,5,555,VIP Loyal,P2 - Maintain Loyalty,0.1,784.966
14283,463,4,628.4399999999999,550,1,3,3,133,Growth Potential,P3 - Upsell Opportunity,0.15,94.26599999999999
14284,31,3,1299.65,510,4,3,4,434,VIP Loyal,P2 - Maintain Loyalty,0.1,129.965
14285,21,8,3284.42,954,4,4,5,445,VIP Loyal,P2 - Maintain Loyalty,0.1,328.442
14286,24,7,8479.76,8795,4,4,5,445,VIP Loyal,P2 - Maintain Loyalty,0.1,847.9760000000001
14287,8,3,176.63,261,5,3,1,531,New/Low Spend Active,P4 - Nurture,0.05,8.8315
14288,213,1,426.6,188,2,1,2,212,Low Priority,P5 - Minimal Effort,0.0,0.0
14289,9,6,911.26,292,5,4,3,543,Growth Potential,P3 - Upsell Opportunity,0.15,136.689
14290,11,8,4516.56,1600,5,4,5,545,VIP Loyal,P2 - Maintain Loyalty,0.1,451.65600000000006
14291,2,23,7904.1,6146,5,5,5,555,VIP Loyal,P2 - Maintain Loyalty,0.1,790.4100000000001
14292,8,16,9226.25,3429,5,5,5,555,VIP Loyal,P2 - Maintain Loyalty,0.1,922.625
14293,3,9,3267.9300000000003,1730,5,5,5,555,VIP Loyal,P2 - Maintain Loyalty,0.1,326.79300000000006
14294,407,1,375.34,190,2,1,2,212,Low Priority,P5 - Minimal Effort,0.0,0.0
14295,40,5,2362.91,1029,4,4,4,444,VIP Loyal,P2 - Maintain Loyalty,0.1,236.291
14296,421,2,456.40000000000003,314,1,2,2,122,Low Priority,P5 - Minimal Effort,0.0,0.0
14297,18,4,1305.33,865,5,3,4,534,VIP Loyal,P2 - Maintain Loyalty,0.1,130.533
14298,8,82,91194.49,100272,5,5,5,555,VIP Loyal,P2 - Maintain Loyalty,0.1,9119.449
14299,8,27,14499.49,8228,5,5,5,555,VIP Loyal,P2 - Maintain Loyalty,0.1,1449.949
14300,19,1,43.2,32,5,1,1,511,New/Low Spend Active,P4 - Nurture,0.05,2.16
14301,117,4,1992.18,1686,3,3,4,334,Growth Potential,P3 - Upsell Opportunity,0.15,298.827
14302,431,3,742.9000000000001,298,1,3,3,133,Growth Potential,P3 - Upsell Opportunity,0.15,111.43500000000002
14303,407,2,277.94,218,2,2,1,221,Low Priority,P5 - Minimal Effort,0.0,0.0
14304,223,3,1725.01,775,2,3,4,234,High Value At Risk,P1 - Immediate Retention,0.35,603.7534999999999
14305,71,3,1858.96,1089,3,3,4,334,Growth Potential,P3 - Upsell Opportunity,0.15,278.844
14306,51,6,3151.4,2065,4,4,5,445,VIP Loyal,P2 - Maintain Loyalty,0.1,315.14000000000004
14307,89,10,5071.03,3374,3,5,5,355,Growth Potential,P3 - Upsell Opportunity,0.15,760.6545
14308,549,2,1147.02,2,1,2,3,123,Low Priority,P5 - Minimal Effort,0.0,0.0
14309,8,11,3780.81,2583,5,5,5,555,VIP Loyal,P2 - Maintain Loyalty,0.1,378.081
14310,433,1,492.1,230,1,1,2,112,Low Priority,P5 - Minimal Effort,0.0,0.0
14311,243,2,516.45,235,2,2,2,222,Low Priority,P5 - Minimal Effort,0.0,0.0
14312,47,11,3090.29,1904,4,5,5,455,VIP Loyal,P2 - Maintain Loyalty,0.1,309.029
14314,107,2,229.8,332,3,2,1,321,Low Priority,P5 - Minimal Effort,0.0,0.0
14315,45,8,3197.82,1344,4,4,5,445,VIP Loyal,P2 - Maintain Loyalty,0.1,319.78200000000004
14316,422,5,1370.34,4494,1,4,4,144,High Value At Risk,P1 - Immediate Retention,0.35,479.6189999999999
14317,65,1,508.58000000000004,255,3,1,2,312,Low Priority,P5 - Minimal Effort,0.0,0.0
14318,460,1,158.02,152,1,1,1,111,Low Priority,P5 - Minimal Effort,0.0,0.0
14319,424,1,494.85,329,1,1,2,112,Low Priority,P5 - Minimal Effort,0.0,0.0
14320,207,5,1346.75,713,2,4,4,244,High Value At Risk,P1 - Immediate Retention,0.35,471.36249999999995
14321,11,7,2218.06,3275,5,4,4,544,VIP Loyal,P2 - Maintain Loyalty,0.1,221.806
14322,429,4,474.1,158,1,3,2,132,Low Priority,P5 - Minimal Effort,0.0,0.0
14323,115,2,605.0600000000001,350,3,2,2,322,Low Priority,P5 - Minimal Effort,0.0,0.0
14324,410,2,701.61,402,2,2,3,223,Low Priority,P5 - Minimal Effort,0.0,0.0
14325,570,1,245.48000000000002,320,1,1,1,111,Low Priority,P5 - Minimal Effort,0.0,0.0
14326,242,3,940.98,572,2,3,3,233,Growth Potential,P3 - Upsell Opportunity,0.15,141.147
14327,163,6,1894.93,1296,3,4,4,344,Growth Potential,P3 - Upsell Opportunity,0.15,284.2395
14328,438,1,445.05,1,1,1,2,112,Low Priority,P5 - Minimal Effort,0.0,0.0
14329,17,15,9927.22,5921,5,5,5,555,VIP Loyal,P2 - Maintain Loyalty,0.1,992.722
14330,624,1,200.63,103,1,1,1,111,Low Priority,P5 - Minimal Effort,0.0,0.0
14331,124,2,462.65999999999997,252,3,2,2,322,Low Priority,P5 - Minimal Effort,0.0,0.0
14332,23,5,1943.51,893,4,4,4,444,VIP Loyal,P2 - Maintain Loyalty,0.1,194.351
14333,68,1,415.2,58,3,1,2,312,Low Priority,P5 - Minimal Effort,0.0,0.0
14334,17,12,4318.48,2986,5,5,5,555,VIP Loyal,P2 - Maintain Loyalty,0.1,431.84799999999996
14335,16,2,468.26,379,5,2,2,522,New/Low Spend Active,P4 - Nurture,0.05,23.413
14336,17,4,1614.91,1759,5,3,4,534,VIP Loyal,P2 - Maintain Loyalty,0.1,161.491
14338,161,3,928.1,622,3,3,3,333,Growth Potential,P3 - Upsell Opportunity,0.15,139.215
14339,243,2,620.27,456,2,2,3,223,Low Priority,P5 - Minimal Effort,0.0,0.0
14340,219,1,134.7,58,2,1,1,211,Low Priority,P5 - Minimal Effort,0.0,0.0
14341,45,18,4467.32,2819,4,5,5,455,VIP Loyal,P2 - Maintain Loyalty,0.1,446.73199999999997
14342,21,6,918.44,521,4,4,3,443,Growth Potential,P3 - Upsell Opportunity,0.15,137.766
14343,421,4,1088.91,631,1,3,3,133,Growth Potential,P3 - Upsell Opportunity,0.15,163.3365
14344,127,20,3333.7000000000003,1669,3,5,5,355,Growth Potential,P3 - Upsell Opportunity,0.15,500.055
14345,39,1,108.97999999999999,50,4,1,1,411,New/Low Spend Active,P4 - Nurture,0.05,5.449
14346,121,5,2315.75,1878,3,4,4,344,Growth Potential,P3 - Upsell Opportunity,0.15,347.3625
14347,737,1,82.6,48,1,1,1,111,Low Priority,P5 - Minimal Effort,0.0,0.0
14348,260,1,409.57,183,2,1,2,212,Low Priority,P5 - Minimal Effort,0.0,0.0
14349,10,1,133.5,86,5,1,1,511,New/Low Spend Active,P4 - Nurture,0.05,6.675000000000001
14350,274,3,972.03,543,2,3,3,233,Growth Potential,P3 - Upsell Opportunity,0.15,145.8045
14351,165,1,51.0,12,3,1,1,311,Low Priority,P5 - Minimal Effort,0.0,0.0
14352,157,4,1078.96,538,3,3,3,333,Growth Potential,P3 - Upsell Opportunity,0.15,161.844
14353,215,3,376.5,344,2,3,2,232,Low Priority,P5 - Minimal Effort,0.0,0.0
14354,6,2,163.62,210,5,2,1,521,New/Low Spend Active,P4 - Nurture,0.05,8.181000000000001
14355,366,3,1014.45,709,2,3,3,233,Growth Potential,P3 - Upsell Opportunity,0.15,152.1675
14356,80,2,701.23,277,3,2,3,323,Low Priority,P5 - Minimal Effort,0.0,0.0
14357,43,1,225.77,148,4,1,1,411,New/Low Spend Active,P4 - Nurture,0.05,11.2885
14358,389,2,400.06,338,2,2,2,222,Low Priority,P5 - Minimal Effort,0.0,0.0
14359,19,3,912.18,371,5,3,3,533,Growth Potential,P3 - Upsell Opportunity,0.15,136.827
14360,32,4,2128.23,1151,4,3,4,434,VIP Loyal,P2 - Maintain Loyalty,0.1,212.823
14361,579,1,214.70999999999998,251,1,1,1,111,Low Priority,P5 - Minimal Effort,0.0,0.0
14362,22,1,161.2,100,4,1,1,411,New/Low Spend Active,P4 - Nurture,0.05,8.06
14363,402,2,227.47000000000003,105,2,2,1,221,Low Priority,P5 - Minimal Effort,0.0,0.0
14364,109,8,3717.35,1967,3,4,5,345,Growth Potential,P3 - Upsell Opportunity,0.15,557.6025
14365,395,2,634.68,557,2,2,3,223,Low Priority,P5 - Minimal Effort,0.0,0.0
14366,525,1,136.0,16,1,1,1,111,Low Priority,P5 - Minimal Effort,0.0,0.0
14367,8,16,9261.52,4438,5,5,5,555,VIP Loyal,P2 - Maintain Loyalty,0.1,926.152
14368,320,1,155.0,36,2,1,1,211,Low Priority,P5 - Minimal Effort,0.0,0.0
14369,642,2,469.13,255,1,2,2,122,Low Priority,P5 - Minimal Effort,0.0,0.0
14370,451,6,1175.78,266,1,4,3,143,Growth Potential,P3 - Upsell Opportunity,0.15,176.367
14371,295,1,100.5,34,2,1,1,211,Low Priority,P5 - Minimal Effort,0.0,0.0
14372,443,2,860.08,378,1,2,3,123,Low Priority,P5 - Minimal Effort,0.0,0.0
14373,358,1,76.55,17,2,1,1,211,Low Priority,P5 - Minimal Effort,0.0,0.0
14374,541,1,108.0,20,1,1,1,111,Low Priority,P5 - Minimal Effort,0.0,0.0
14375,185,3,1132.99,659,3,3,3,333,Growth Potential,P3 - Upsell Opportunity,0.15,169.9485
14376,683,1,215.46,50,1,1,1,111,Low Priority,P5 - Minimal Effort,0.0,0.0
14377,191,2,617.05,219,2,2,2,222,Low Priority,P5 - Minimal Effort,0.0,0.0
14378,622,1,131.25,57,1,1,1,111,Low Priority,P5 - Minimal Effort,0.0,0.0
14379,44,4,1268.91,713,4,3,4,434,VIP Loyal,P2 - Maintain Loyalty,0.1,126.89100000000002
14380,682,1,48.96,1,1,1,1,111,Low Priority,P5 - Minimal Effort,0.0,0.0
14381,52,2,631.34,453,4,2,3,423,Low Priority,P5 - Minimal Effort,0.0,0.0
14382,26,2,1246.8,1701,4,2,3,423,Low Priority,P5 - Minimal Effort,0.0,0.0
14383,38,3,1247.69,817,4,3,3,433,Growth Potential,P3 - Upsell Opportunity,0.15,187.1535
14384,501,1,58.5,30,1,1,1,111,Low Priority,P5 - Minimal Effort,0.0,0.0
14385,9,3,202.11,159,5,3,1,531,New/Low Spend Active,P4 - Nurture,0.05,10.105500000000001
14386,297,1,142.4,54,2,1,1,211,Low Priority,P5 - Minimal Effort,0.0,0.0
14387,33,3,1770.56,819,4,3,4,434,VIP Loyal,P2 - Maintain Loyalty,0.1,177.056
14388,10,16,6701.0,4360,5,5,5,555,VIP Loyal,P2 - Maintain Loyalty,0.1,670.1
14389,65,5,1898.01,1388,3,4,4,344,Growth Potential,P3 - Upsell Opportunity,0.15,284.7015
14390,10,13,6399.83,2910,5,5,5,555,VIP Loyal,P2 - Maintain Loyalty,0.1,639.9830000000001
14391,577,1,135.6,168,1,1,1,111,Low Priority,P5 - Minimal Effort,0.0,0.0
14392,432,1,266.4,114,1,1,1,111,Low Priority,P5 - Minimal Effort,0.0,0.0
14393,218,1,67.95,13,2,1,1,211,Low Priority,P5 - Minimal Effort,0.0,0.0
14394,565,1,93.8,58,1,1,1,111,Low Priority,P5 - Minimal Effort,0.0,0.0
14395,2,20,8208.01,4072,5,5,5,555,VIP Loyal,P2 - Maintain Loyalty,0.1,820.801
14396,65,7,2121.93,1022,3,4,4,344,Growth Potential,P3 - Upsell Opportunity,0.15,318.2895
14397,3,19,2612.96,1890,5,5,4,554,VIP Loyal,P2 - Maintain Loyalty,0.1,261.296
14398,401,2,707.79,267,2,2,3,223,Low Priority,P5 - Minimal Effort,0.0,0.0
14399,394,8,2113.16,968,2,4,4,244,High Value At Risk,P1 - Immediate Retention,0.35,739.6059999999999
14400,149,3,1732.47,1706,3,3,4,334,Growth Potential,P3 - Upsell Opportunity,0.15,259.8705
14401,4,22,6795.9,6401,5,5,5,555,VIP Loyal,P2 - Maintain Loyalty,0.1,679.59
14402,652,1,285.6,240,1,1,1,111,Low Priority,P5 - Minimal Effort,0.0,0.0
14403,130,6,1880.51,737,3,4,4,344,Growth Potential,P3 - Upsell Opportunity,0.15,282.0765
14404,34,13,2899.11,1656,4,5,4,454,VIP Loyal,P2 - Maintain Loyalty,0.1,289.911
14405,387,1,195.0,100,2,1,1,211,Low Priority,P5 - Minimal Effort,0.0,0.0
14406,119,1,156.75,77,3,1,1,311,Low Priority,P5 - Minimal Effort,0.0,0.0
14407,107,6,2157.73,1415,3,4,4,344,Growth Potential,P3 - Upsell Opportunity,0.15,323.6595
14408,11,11,4109.77,2444,5,5,5,555,VIP Loyal,P2 - Maintain Loyalty,0.1,410.9770000000001
14409,71,9,3756.09,2401,3,5,5,355,Growth Potential,P3 - Upsell Opportunity,0.15,563.4135
14410,92,11,2651.14,1377,3,5,4,354,Growth Potential,P3 - Upsell Opportunity,0.15,397.671
14411,311,1,1063.0,196,2,1,3,213,Low Priority,P5 - Minimal Effort,0.0,0.0
14412,43,3,1426.19,1428,4,3,4,434,VIP Loyal,P2 - Maintain Loyalty,0.1,142.619
14413,362,4,770.37,280,2,3,3,233,Growth Potential,P3 - Upsell Opportunity,0.15,115.5555
14414,92,8,2399.33,2877,3,4,4,344,Growth Potential,P3 - Upsell Opportunity,0.15,359.8995
14415,1,23,12091.6,6304,5,5,5,555,VIP Loyal,P2 - Maintain Loyalty,0.1,1209.16
14416,22,2,490.22,326,4,2,2,422,New/Low Spend Active,P4 - Nurture,0.05,24.511000000000003
14417,388,1,604.2,567,2,1,2,212,Low Priority,P5 - Minimal Effort,0.0,0.0
14418,4,3,1937.25,1711,5,3,4,534,VIP Loyal,P2 - Maintain Loyalty,0.1,193.72500000000002
14419,11,7,1260.91,556,5,4,4,544,VIP Loyal,P2 - Maintain Loyalty,0.1,126.09100000000001
14420,99,4,1639.17,1120,3,3,4,334,Growth Potential,P3 - Upsell Opportunity,0.15,245.8755
14421,57,6,2469.37,1342,4,4,4,444,VIP Loyal,P2 - Maintain Loyalty,0.1,246.937
14422,1,19,10271.52,6067,5,5,5,555,VIP Loyal,P2 - Maintain Loyalty,0.1,1027.152
14423,218,3,916.6099999999999,419,2,3,3,233,Growth Potential,P3 - Upsell Opportunity,0.15,137.49149999999997
14424,18,1,322.08,48,5,1,2,512,New/Low Spend Active,P4 - Nurture,0.05,16.104
14425,435,3,661.39,325,1,3,3,133,Growth Potential,P3 - Upsell Opportunity,0.15,99.2085
14426,24,17,11727.94,7023,4,5,5,455,VIP Loyal,P2 - Maintain Loyalty,0.1,1172.794
14427,50,4,1263.52,538,4,3,4,434,VIP Loyal,P2 - Maintain Loyalty,0.1,126.352
14428,7,5,1244.83,436,5,4,3,543,Growth Potential,P3 - Upsell Opportunity,0.15,186.72449999999998
14429,404,1,516.28,286,2,1,2,212,Low Priority,P5 - Minimal Effort,0.0,0.0
14430,512,3,1220.9,446,1,3,3,133,Growth Potential,P3 - Upsell Opportunity,0.15,183.13500000000002
14431,303,4,2614.2,1202,2,3,4,234,High Value At Risk,P1 - Immediate Retention,0.35,914.9699999999999
14432,10,6,2255.51,2070,5,4,4,544,VIP Loyal,P2 - Maintain Loyalty,0.1,225.55100000000004
14433,466,1,289.6,134,1,1,1,111,Low Priority,P5 - Minimal Effort,0.0,0.0
14434,22,6,1372.8,368,4,4,4,444,VIP Loyal,P2 - Maintain Loyalty,0.1,137.28
14435,502,1,90.42,282,1,1,1,111,Low Priority,P5 - Minimal Effort,0.0,0.0
14436,99,2,271.70000000000005,297,3,2,1,321,Low Priority,P5 - Minimal Effort,0.0,0.0
14437,366,5,958.84,486,2,4,3,243,Growth Potential,P3 - Upsell Opportunity,0.15,143.826
14438,306,1,131.9,82,2,1,1,211,Low Priority,P5 - Minimal Effort,0.0,0.0
14439,320,5,9443.04,2244,2,4,5,245,High Value At Risk,P1 - Immediate Retention,0.35,3305.0640000000003
14440,8,13,6638.7300000000005,1755,5,5,5,555,VIP Loyal,P2 - Maintain Loyalty,0.1,663.873
14441,1,11,4611.6900000000005,1260,5,5,5,555,VIP Loyal,P2 - Maintain Loyalty,0.1,461.1690000000001
14442,205,7,5367.0199999999995,1431,2,4,5,245,High Value At Risk,P1 - Immediate Retention,0.35,1878.4569999999997
14443,54,5,2386.47,1520,4,4,4,444,VIP Loyal,P2 - Maintain Loyalty,0.1,238.647
14444,456,1,132.04,180,1,1,1,111,Low Priority,P5 - Minimal Effort,0.0,0.0
14445,456,1,221.65,83,1,1,1,111,Low Priority,P5 - Minimal Effort,0.0,0.0
14446,1,5,1241.31,1116,5,4,3,543,Growth Potential,P3 - Upsell Opportunity,0.15,186.1965
14447,19,6,1711.73,913,5,4,4,544,VIP Loyal,P2 - Maintain Loyalty,0.1,171.173
14448,9,2,375.35,104,5,2,2,522,New/Low Spend Active,P4 - Nurture,0.05,18.767500000000002
14449,19,8,2482.8,1778,5,4,4,544,VIP Loyal,P2 - Maintain Loyalty,0.1,248.28000000000003
14450,181,7,1128.44,522,3,4,3,343,Growth Potential,P3 - Upsell Opportunity,0.15,169.266
14451,60,12,3308.77,1757,3,5,5,355,Growth Potential,P3 - Upsell Opportunity,0.15,496.3155
14452,11,4,665.59,289,5,3,3,533,Growth Potential,P3 - Upsell Opportunity,0.15,99.8385
14453,190,1,119.93,49,2,1,1,211,Low Priority,P5 - Minimal Effort,0.0,0.0
14454,376,5,977.3,400,2,4,3,243,Growth Potential,P3 - Upsell Opportunity,0.15,146.595
14455,432,4,628.21,719,1,3,3,133,Growth Potential,P3 - Upsell Opportunity,0.15,94.2315
14456,5,9,3062.4,2908,5,5,5,555,VIP Loyal,P2 - Maintain Loyalty,0.1,306.24
14457,311,1,113.64,88,2,1,1,211,Low Priority,P5 - Minimal Effort,0.0,0.0
14458,381,1,237.42,328,2,1,1,211,Low Priority,P5 - Minimal Effort,0.0,0.0
14459,155,2,5375.741,2303,3,2,5,325,Low Priority,P5 - Minimal Effort,0.0,0.0
14460,110,9,1093.5,1879,3,5,3,353,Growth Potential,P3 - Upsell Opportunity,0.15,164.025
14461,148,13,6713.5,3027,3,5,5,355,Growth Potential,P3 - Upsell Opportunity,0.15,1007.025
14462,66,12,2270.01,1072,3,5,4,354,Growth Potential,P3 - Upsell Opportunity,0.15,340.5015
14463,98,4,786.5699999999999,210,3,3,3,333,Growth Potential,P3 - Upsell Opportunity,0.15,117.98549999999999
14464,568,2,111.0,62,1,2,1,121,Low Priority,P5 - Minimal Effort,0.0,0.0
14465,247,11,3946.03,2546,2,5,5,255,High Value At Risk,P1 - Immediate Retention,0.35,1381.1105
14466,29,13,4646.9,2644,4,5,5,455,VIP Loyal,P2 - Maintain Loyalty,0.1,464.69
14467,18,12,2220.9900000000002,1196,5,5,4,554,VIP Loyal,P2 - Maintain Loyalty,0.1,222.09900000000005
14468,734,1,204.24,164,1,1,1,111,Low Priority,P5 - Minimal Effort,0.0,0.0
14469,416,4,2112.21,980,1,3,4,134,High Value At Risk,P1 - Immediate Retention,0.35,739.2735
14470,12,3,712.04,282,5,3,3,533,Growth Potential,P3 - Upsell Opportunity,0.15,106.806
14471,591,2,400.95,187,1,2,2,122,Low Priority,P5 - Minimal Effort,0.0,0.0
14472,104,9,2228.22,1305,3,5,4,354,Growth Potential,P3 - Upsell Opportunity,0.15,334.23299999999995
14473,74,2,234.34000000000003,88,3,2,1,321,Low Priority,P5 - Minimal Effort,0.0,0.0
14474,46,2,1278.08,453,4,2,4,424,VIP Loyal,P2 - Maintain Loyalty,0.1,127.80799999999999
14475,72,4,1151.15,541,3,3,3,333,Growth Potential,P3 - Upsell Opportunity,0.15,172.6725
14476,257,1,215.7,132,2,1,1,211,Low Priority,P5 - Minimal Effort,0.0,0.0
14477,20,7,1969.6,1120,4,4,4,444,VIP Loyal,P2 - Maintain Loyalty,0.1,196.96
14478,382,4,1276.66,1226,2,3,4,234,High Value At Risk,P1 - Immediate Retention,0.35,446.831
14479,254,4,1299.11,620,2,3,4,234,High Value At Risk,P1 - Immediate Retention,0.35,454.6884999999999
14480,11,4,1299.52,670,5,3,4,534,VIP Loyal,P2 - Maintain Loyalty,0.1,129.952
14481,165,5,2311.4900000000002,1584,3,4,4,344,Growth Potential,P3 - Upsell Opportunity,0.15,346.7235
14482,18,12,4357.91,2891,5,5,5,555,VIP Loyal,P2 - Maintain Loyalty,0.1,435.791
14483,282,2,257.1,193,2,2,1,221,Low Priority,P5 - Minimal Effort,0.0,0.0
14484,50,4,1070.98,744,4,3,3,433,Growth Potential,P3 - Upsell Opportunity,0.15,160.647
14485,39,1,165.75,71,4,1,1,411,New/Low Spend Active,P4 - Nurture,0.05,8.2875
14486,512,2,175.5,90,1,2,1,121,Low Priority,P5 - Minimal Effort,0.0,0.0
14487,27,7,1453.61,837,4,4,4,444,VIP Loyal,P2 - Maintain Loyalty,0.1,145.361
14488,68,1,1064.28,799,3,1,3,313,Low Priority,P5 - Minimal Effort,0.0,0.0
14489,207,4,1574.93,1011,2,3,4,234,High Value At Risk,P1 - Immediate Retention,0.35,551.2255
14490,406,2,1273.47,933,2,2,4,224,High Value At Risk,P1 - Immediate Retention,0.35,445.7145
14491,175,2,468.13,179,3,2,2,322,Low Priority,P5 - Minimal Effort,0.0,0.0
14492,430,7,1921.91,751,1,4,4,144,High Value At Risk,P1 - Immediate Retention,0.35,672.6685
14493,7,10,5130.15,3183,5,5,5,555,VIP Loyal,P2 - Maintain Loyalty,0.1,513.015
14494,26,3,401.46,210,4,3,2,432,New/Low Spend Active,P4 - Nurture,0.05,20.073
14495,51,3,174.8,68,4,3,1,431,New/Low Spend Active,P4 - Nurture,0.05,8.74
14496,312,7,2668.23,991,2,4,4,244,High Value At Risk,P1 - Immediate Retention,0.35,933.8805
14497,309,2,697.0600000000001,332,2,2,3,223,Low Priority,P5 - Minimal Effort,0.0,0.0
14498,43,10,3911.27,2122,4,5,5,455,VIP Loyal,P2 - Maintain Loyalty,0.1,391.127
14499,26,7,2138.9700000000003,1250,4,4,4,444,VIP Loyal,P2 - Maintain Loyalty,0.1,213.89700000000005
14500,88,3,356.85,117,3,3,2,332,Low Priority,P5 - Minimal Effort,0.0,0.0
14501,184,2,251.21,161,3,2,1,321,Low Priority,P5 - Minimal Effort,0.0,0.0
14502,20,11,2470.67,1498,4,5,4,454,VIP Loyal,P2 - Maintain Loyalty,0.1,247.067
14503,3,6,3543.26,2004,5,4,5,545,VIP Loyal,P2 - Maintain Loyalty,0.1,354.326
14504,47,4,673.26,308,4,3,3,433,Growth Potential,P3 - Upsell Opportunity,0.15,100.98899999999999
14505,17,19,12001.84,5383,5,5,5,555,VIP Loyal,P2 - Maintain Loyalty,0.1,1200.184
14506,17,7,3290.67,1078,5,4,5,545,VIP Loyal,P2 - Maintain Loyalty,0.1,329.067
14507,24,11,3284.43,1536,4,5,5,455,VIP Loyal,P2 - Maintain Loyalty,0.1,328.443
14508,22,5,874.94,359,4,4,3,443,Growth Potential,P3 - Upsell Opportunity,0.15,131.241
14509,534,1,110.95,38,1,1,1,111,Low Priority,P5 - Minimal Effort,0.0,0.0
14510,376,3,1007.28,821,2,3,3,233,Growth Potential,P3 - Upsell Opportunity,0.15,151.09199999999998
14511,11,5,1314.81,784,5,4,4,544,VIP Loyal,P2 - Maintain Loyalty,0.1,131.481
14512,188,7,1223.47,742,3,4,3,343,Growth Potential,P3 - Upsell Opportunity,0.15,183.5205
14513,101,6,788.01,593,3,4,3,343,Growth Potential,P3 - Upsell Opportunity,0.15,118.2015
14514,61,9,4598.9800000000005,2496,3,5,5,355,Growth Potential,P3 - Upsell Opportunity,0.15,689.8470000000001
14515,18,12,3749.2599999999998,1917,5,5,5,555,VIP Loyal,P2 - Maintain Loyalty,0.1,374.926
14516,516,1,163.92,68,1,1,1,111,Low Priority,P5 - Minimal Effort,0.0,0.0
14517,33,2,330.45,91,4,2,2,422,New/Low Spend Active,P4 - Nurture,0.05,16.5225
14518,64,1,174.37,278,3,1,1,311,Low Priority,P5 - Minimal Effort,0.0,0.0
14519,684,2,206.09,82,1,2,1,121,Low Priority,P5 - Minimal Effort,0.0,0.0
14520,2,2,270.6,146,5,2,1,521,New/Low Spend Active,P4 - Nurture,0.05,13.530000000000001
14521,491,1,199.45000000000002,211,1,1,1,111,Low Priority,P5 - Minimal Effort,0.0,0.0
14522,24,8,1758.6200000000001,968,4,4,4,444,VIP Loyal,P2 - Maintain Loyalty,0.1,175.86200000000002
14523,108,1,241.09,251,3,1,1,311,Low Priority,P5 - Minimal Effort,0.0,0.0
14524,32,13,2933.71,1176,4,5,4,454,VIP Loyal,P2 - Maintain Loyalty,0.1,293.37100000000004
14525,20,17,8240.64,5235,4,5,5,455,VIP Loyal,P2 - Maintain Loyalty,0.1,824.064
14526,389,1,262.4,179,2,1,1,211,Low Priority,P5 - Minimal Effort,0.0,0.0
14527,3,122,27792.3,6762,5,5,5,555,VIP Loyal,P2 - Maintain Loyalty,0.1,2779.23
14528,37,1,364.21999999999997,278,4,1,2,412,New/Low Spend Active,P4 - Nurture,0.05,18.211
14529,60,3,620.04,348,3,3,3,333,Growth Potential,P3 - Upsell Opportunity,0.15,93.00599999999999
14530,26,16,6197.4,3014,4,5,5,455,VIP Loyal,P2 - Maintain Loyalty,0.1,619.74
14531,480,1,376.34,260,1,1,2,112,Low Priority,P5 - Minimal Effort,0.0,0.0
14532,236,11,3859.1800000000003,1115,2,5,5,255,High Value At Risk,P1 - Immediate Retention,0.35,1350.713
14533,25,11,3466.37,6038,4,5,5,455,VIP Loyal,P2 - Maintain Loyalty,0.1,346.637
14534,3,26,6271.11,2856,5,5,5,555,VIP Loyal,P2 - Maintain Loyalty,0.1,627.111
14535,60,9,6030.7300000000005,3240,3,5,5,355,Growth Potential,P3 - Upsell Opportunity,0.15,904.6095
14536,260,1,171.8,40,2,1,1,211,Low Priority,P5 - Minimal Effort,0.0,0.0
14537,58,2,641.4,228,4,2,3,423,Low Priority,P5 - Minimal Effort,0.0,0.0
14538,65,5,1370.8400000000001,284,3,4,4,344,Growth Potential,P3 - Upsell Opportunity,0.15,205.626
14539,16,2,537.48,428,5,2,2,522,New/Low Spend Active,P4 - Nurture,0.05,26.874000000000002
14540,10,11,3795.34,1619,5,5,5,555,VIP Loyal,P2 - Maintain Loyalty,0.1,379.53400000000005
14541,59,14,2499.68,1129,4,5,4,454,VIP Loyal,P2 - Maintain Loyalty,0.1,249.968
14542,186,1,103.25,19,3,1,1,311,Low Priority,P5 - Minimal Effort,0.0,0.0
14543,29,39,14906.77,2697,4,5,5,455,VIP Loyal,P2 - Maintain Loyalty,0.1,1490.6770000000001
14544,24,3,2982.43,2438,4,3,5,435,VIP Loyal,P2 - Maintain Loyalty,0.1,298.243
14545,674,1,349.25,236,1,1,2,112,Low Priority,P5 - Minimal Effort,0.0,0.0
14546,5,11,5197.9,2696,5,5,5,555,VIP Loyal,P2 - Maintain Loyalty,0.1,519.79
14547,4,8,4007.54,2668,5,4,5,545,VIP Loyal,P2 - Maintain Loyalty,0.1,400.754
14548,151,9,2627.49,1021,3,5,4,354,Growth Potential,P3 - Upsell Opportunity,0.15,394.1235
14549,311,4,916.5500000000001,395,2,3,3,233,Growth Potential,P3 - Upsell Opportunity,0.15,137.48250000000002
14550,11,4,1353.31,776,5,3,4,534,VIP Loyal,P2 - Maintain Loyalty,0.1,135.331
14551,18,7,880.04,487,5,4,3,543,Growth Potential,P3 - Upsell Opportunity,0.15,132.006
14552,152,3,511.28000000000003,261,3,3,2,332,Low Priority,P5 - Minimal Effort,0.0,0.0
14553,19,9,1841.54,1140,5,5,4,554,VIP Loyal,P2 - Maintain Loyalty,0.1,184.154
14554,10,4,2381.04,1478,5,3,4,534,VIP Loyal,P2 - Maintain Loyalty,0.1,238.104
14555,57,6,2315.63,850,4,4,4,444,VIP Loyal,P2 - Maintain Loyalty,0.1,231.56300000000002
14556,596,3,835.34,331,1,3,3,133,Growth Potential,P3 - Upsell Opportunity,0.15,125.301
14557,85,1,788.38,510,3,1,3,313,Low Priority,P5 - Minimal Effort,0.0,0.0
14558,654,3,655.5,162,1,3,3,133,Growth Potential,P3 - Upsell Opportunity,0.15,98.325
14559,390,1,75.6,72,2,1,1,211,Low Priority,P5 - Minimal Effort,0.0,0.0
14560,7,44,6114.03,4580,5,5,5,555,VIP Loyal,P2 - Maintain Loyalty,0.1,611.403
14561,76,3,1080.76,1014,3,3,3,333,Growth Potential,P3 - Upsell Opportunity,0.15,162.114
14562,4,26,6729.400000000001,2604,5,5,5,555,VIP Loyal,P2 - Maintain Loyalty,0.1,672.94
14563,510,2,679.44,335,1,2,3,123,Low Priority,P5 - Minimal Effort,0.0,0.0
14564,435,2,2605.62,1295,1,2,4,124,High Value At Risk,P1 - Immediate Retention,0.35,911.9669999999999
14565,96,5,3859.2200000000003,1940,3,4,5,345,Growth Potential,P3 - Upsell Opportunity,0.15,578.883
14566,111,4,4092.0,2400,3,3,5,335,Growth Potential,P3 - Upsell Opportunity,0.15,613.8
14567,57,2,1530.3600000000001,412,4,2,4,424,VIP Loyal,P2 - Maintain Loyalty,0.1,153.03600000000003
14568,435,1,919.7,645,1,1,3,113,Low Priority,P5 - Minimal Effort,0.0,0.0
14569,1,4,598.98,258,5,3,2,532,New/Low Spend Active,P4 - Nurture,0.05,29.949
14570,281,3,613.75,431,2,3,2,232,Low Priority,P5 - Minimal Effort,0.0,0.0
14571,425,1,161.65,57,1,1,1,111,Low Priority,P5 - Minimal Effort,0.0,0.0
14572,3,11,5615.18,2933,5,5,5,555,VIP Loyal,P2 - Maintain Loyalty,0.1,561.518
14573,180,13,2621.42,835,3,5,4,354,Growth Potential,P3 - Upsell Opportunity,0.15,393.213
14574,733,1,143.70000000000002,63,1,1,1,111,Low Priority,P5 - Minimal Effort,0.0,0.0
14575,488,1,460.71,176,1,1,2,112,Low Priority,P5 - Minimal Effort,0.0,0.0
14576,372,1,70.80000000000001,24,2,1,1,211,Low Priority,P5 - Minimal Effort,0.0,0.0
14577,13,7,1374.25,573,5,4,4,544,VIP Loyal,P2 - Maintain Loyalty,0.1,137.425
14578,3,1,168.63,240,5,1,1,511,New/Low Spend Active,P4 - Nurture,0.05,8.4315
14579,432,1,105.56,56,1,1,1,111,Low Priority,P5 - Minimal Effort,0.0,0.0
14580,518,1,14.850000000000001,3,1,1,1,111,Low Priority,P5 - Minimal Effort,0.0,0.0
14581,17,2,433.8,309,5,2,2,522,New/Low Spend Active,P4 - Nurture,0.05,21.69
14582,41,1,114.11,73,4,1,1,411,New/Low Spend Active,P4 - Nurture,0.05,5.705500000000001
14583,6,8,1781.03,1155,5,4,4,544,VIP Loyal,P2 - Maintain Loyalty,0.1,178.103
14584,169,8,1747.91,963,3,4,4,344,Growth Potential,P3 - Upsell Opportunity,0.15,262.1865
14585,50,5,1143.27,630,4,4,3,443,Growth Potential,P3 - Upsell Opportunity,0.15,171.4905
14586,277,1,237.36,444,2,1,1,211,Low Priority,P5 - Minimal Effort,0.0,0.0
14587,19,9,1601.14,761,5,5,4,554,VIP Loyal,P2 - Maintain Loyalty,0.1,160.11400000000003
14588,578,1,135.39,62,1,1,1,111,Low Priority,P5 - Minimal Effort,0.0,0.0
14589,372,1,79.5,10,2,1,1,211,Low Priority,P5 - Minimal Effort,0.0,0.0
14590,425,20,3006.62,904,1,5,5,155,High Value At Risk,P1 - Immediate Retention,0.35,1052.317
14591,15,4,1447.14,1297,5,3,4,534,VIP Loyal,P2 - Maintain Loyalty,0.1,144.71400000000003
14592,35,3,570.46,415,4,3,2,432,New/Low Spend Active,P4 - Nurture,0.05,28.523000000000003
14593,22,12,3712.0099999999998,1875,4,5,5,455,VIP Loyal,P2 - Maintain Loyalty,0.1,371.201
14594,7,2,634.83,331,5,2,3,523,Low Priority,P5 - Minimal Effort,0.0,0.0
14595,20,8,2164.45,1228,4,4,4,444,VIP Loyal,P2 - Maintain Loyalty,0.1,216.445
14596,627,1,229.47,79,1,1,1,111,Low Priority,P5 - Minimal Effort,0.0,0.0
14597,11,6,2201.54,1447,5,4,4,544,VIP Loyal,P2 - Maintain Loyalty,0.1,220.154
14598,44,2,384.04,354,4,2,2,422,New/Low Spend Active,P4 - Nurture,0.05,19.202
14599,390,2,474.54,295,2,2,2,222,Low Priority,P5 - Minimal Effort,0.0,0.0
14600,306,2,865.1700000000001,487,2,2,3,223,Low Priority,P5 - Minimal Effort,0.0,0.0
14601,11,1,213.96,168,5,1,1,511,New/Low Spend Active,P4 - Nurture,0.05,10.698
14602,656,1,205.35999999999999,80,1,1,1,111,Low Priority,P5 - Minimal Effort,0.0,0.0
14603,275,1,660.0,400,2,1,3,213,Low Priority,P5 - Minimal Effort,0.0,0.0
14604,633,1,143.85999999999999,88,1,1,1,111,Low Priority,P5 - Minimal Effort,0.0,0.0
14605,374,4,937.16,424,2,3,3,233,Growth Potential,P3 - Upsell Opportunity,0.15,140.57399999999998
14606,1,192,30861.06,15635,5,5,5,555,VIP Loyal,P2 - Maintain Loyalty,0.1,3086.106
14607,16,22,24137.63,15585,5,5,5,555,VIP Loyal,P2 - Maintain Loyalty,0.1,2413.7630000000004
14608,4,11,3352.94,927,5,5,5,555,VIP Loyal,P2 - Maintain Loyalty,0.1,335.29400000000004
14609,72,10,1486.2,12720,3,5,4,354,Growth Potential,P3 - Upsell Opportunity,0.15,222.93
14610,396,2,24.35,15,2,2,1,221,Low Priority,P5 - Minimal Effort,0.0,0.0
14611,444,2,604.3299999999999,582,1,2,2,122,Low Priority,P5 - Minimal Effort,0.0,0.0
14612,415,1,877.7,134,1,1,3,113,Low Priority,P5 - Minimal Effort,0.0,0.0
14613,680,1,76.32000000000001,72,1,1,1,111,Low Priority,P5 - Minimal Effort,0.0,0.0
14614,386,1,295.13,189,2,1,2,212,Low Priority,P5 - Minimal Effort,0.0,0.0
14615,394,5,951.76,495,2,4,3,243,Growth Potential,P3 - Upsell Opportunity,0.15,142.76399999999998
14616,243,5,527.78,170,2,4,2,242,Low Priority,P5 - Minimal Effort,0.0,0.0
14617,403,2,190.47000000000003,81,2,2,1,221,Low Priority,P5 - Minimal Effort,0.0,0.0
14618,9,7,1342.32,704,5,4,4,544,VIP Loyal,P2 - Maintain Loyalty,0.1,134.232
14619,246,2,1291.24,594,2,2,4,224,High Value At Risk,P1 - Immediate Retention,0.35,451.93399999999997
14620,206,2,412.78000000000003,214,2,2,2,222,Low Priority,P5 - Minimal Effort,0.0,0.0
14621,1,9,3000.57,1706,5,5,5,555,VIP Loyal,P2 - Maintain Loyalty,0.1,300.057
14622,185,1,320.58000000000004,146,3,1,2,312,Low Priority,P5 - Minimal Effort,0.0,0.0
14623,32,10,2059.58,1059,4,5,4,454,VIP Loyal,P2 - Maintain Loyalty,0.1,205.958
14624,57,6,814.07,645,4,4,3,443,Growth Potential,P3 - Upsell Opportunity,0.15,122.1105
14625,196,11,4497.88,2155,2,5,5,255,High Value At Risk,P1 - Immediate Retention,0.35,1574.258
14626,24,11,5410.92,3135,4,5,5,455,VIP Loyal,P2 - Maintain Loyalty,0.1,541.092
14627,379,1,462.75,284,2,1,2,212,Low Priority,P5 - Minimal Effort,0.0,0.0
14628,91,5,1998.0,1147,3,4,4,344,Growth Potential,P3 - Upsell Opportunity,0.15,299.7
14629,4,2,959.01,380,5,2,3,523,Low Priority,P5 - Minimal Effort,0.0,0.0
14630,484,1,338.65,111,1,1,2,112,Low Priority,P5 - Minimal Effort,0.0,0.0
14631,51,6,2025.69,1407,4,4,4,444,VIP Loyal,P2 - Maintain Loyalty,0.1,202.56900000000002
14632,263,1,114.56,96,2,1,1,211,Low Priority,P5 - Minimal Effort,0.0,0.0
14633,266,1,344.90000000000003,96,2,1,2,212,Low Priority,P5 - Minimal Effort,0.0,0.0
14634,438,4,2124.46,1906,1,3,4,134,High Value At Risk,P1 - Immediate Retention,0.35,743.5609999999999
14635,454,1,215.22,118,1,1,1,111,Low Priority,P5 - Minimal Effort,0.0,0.0
14636,36,2,609.85,241,4,2,2,422,New/Low Spend Active,P4 - Nurture,0.05,30.492500000000003
14637,677,1,106.67999999999999,100,1,1,1,111,Low Priority,P5 - Minimal Effort,0.0,0.0
14638,51,1,443.6,166,4,1,2,412,New/Low Spend Active,P4 - Nurture,0.05,22.180000000000003
14639,52,9,4978.96,2410,4,5,5,455,VIP Loyal,P2 - Maintain Loyalty,0.1,497.896
14640,24,10,3667.06,1651,4,5,5,455,VIP Loyal,P2 - Maintain Loyalty,0.1,366.706
14641,22,1,110.46,90,4,1,1,411,New/Low Spend Active,P4 - Nurture,0.05,5.523
14642,59,1,96.12,76,4,1,1,411,New/Low Spend Active,P4 - Nurture,0.05,4.806000000000001
14643,170,5,1679.89,1377,3,4,4,344,Growth Potential,P3 - Upsell Opportunity,0.15,251.9835
14644,68,7,2247.72,770,3,4,4,344,Growth Potential,P3 - Upsell Opportunity,0.15,337.15799999999996
14645,157,3,876.89,587,3,3,3,333,Growth Potential,P3 - Upsell Opportunity,0.15,131.5335
14646,2,151,528602.52,367193,5,5,5,555,VIP Loyal,P2 - Maintain Loyalty,0.1,52860.25200000001
14647,201,2,519.97,180,2,2,2,222,Low Priority,P5 - Minimal Effort,0.0,0.0
14648,416,15,4546.86,3326,1,5,5,155,High Value At Risk,P1 - Immediate Retention,0.35,1591.4009999999998
14649,5,9,3775.31,2464,5,5,5,555,VIP Loyal,P2 - Maintain Loyalty,0.1,377.531
14650,589,1,62.5,22,1,1,1,111,Low Priority,P5 - Minimal Effort,0.0,0.0
14651,67,9,2034.1200000000001,886,3,5,4,354,Growth Potential,P3 - Upsell Opportunity,0.15,305.118
14652,77,1,114.18,53,3,1,1,311,Low Priority,P5 - Minimal Effort,0.0,0.0
14653,1,12,3614.54,1976,5,5,5,555,VIP Loyal,P2 - Maintain Loyalty,0.1,361.454
14654,738,1,246.86,273,1,1,1,111,Low Priority,P5 - Minimal Effort,0.0,0.0
14655,8,7,3878.51,2341,5,4,5,545,VIP Loyal,P2 - Maintain Loyalty,0.1,387.85100000000006
14656,169,5,814.65,318,3,4,3,343,Growth Potential,P3 - Upsell Opportunity,0.15,122.19749999999999
14657,18,6,1460.8700000000001,885,5,4,4,544,VIP Loyal,P2 - Maintain Loyalty,0.1,146.08700000000002
14658,5,2,247.15,47,5,2,1,521,New/Low Spend Active,P4 - Nurture,0.05,12.357500000000002
14659,9,9,2529.93,1195,5,5,4,554,VIP Loyal,P2 - Maintain Loyalty,0.1,252.993
14660,87,2,285.74,228,3,2,1,321,Low Priority,P5 - Minimal Effort,0.0,0.0
14661,27,1,107.95,35,4,1,1,411,New/Low Spend Active,P4 - Nurture,0.05,5.397500000000001
14662,29,7,1416.33,935,4,4,4,444,VIP Loyal,P2 - Maintain Loyalty,0.1,141.633
14663,430,2,490.6,397,1,2,2,122,Low Priority,P5 - Minimal Effort,0.0,0.0
14664,20,2,637.89,466,4,2,3,423,Low Priority,P5 - Minimal Effort,0.0,0.0
14665,61,7,2749.65,1144,3,4,4,344,Growth Potential,P3 - Upsell Opportunity,0.15,412.4475
14666,24,1,195.25,161,4,1,1,411,New/Low Spend Active,P4 - Nurture,0.05,9.762500000000001
14667,11,54,21927.14,13010,5,5,5,555,VIP Loyal,P2 - Maintain Loyalty,0.1,2192.714
14668,445,1,111.63,49,1,1,1,111,Low Priority,P5 - Minimal Effort,0.0,0.0
14669,242,7,3243.93,2054,2,4,5,245,High Value At Risk,P1 - Immediate Retention,0.35,1135.3754999999999
14670,280,3,602.0,434,2,3,2,232,Low Priority,P5 - Minimal Effort,0.0,0.0
14671,549,2,1127.45,571,1,2,3,123,Low Priority,P5 - Minimal Effort,0.0,0.0
14672,235,4,1113.14,646,2,3,3,233,Growth Potential,P3 - Upsell Opportunity,0.15,166.971
14673,3,7,3410.81,2035,5,4,5,545,VIP Loyal,P2 - Maintain Loyalty,0.1,341.081
14674,509,1,173.66,103,1,1,1,111,Low Priority,P5 - Minimal Effort,0.0,0.0
14675,16,2,1066.9,726,5,2,3,523,Low Priority,P5 - Minimal Effort,0.0,0.0
14676,31,12,8356.79,8792,4,5,5,455,VIP Loyal,P2 - Maintain Loyalty,0.1,835.6790000000001
14677,593,1,184.91,139,1,1,1,111,Low Priority,P5 - Minimal Effort,0.0,0.0
14678,579,1,403.39,179,1,1,2,112,Low Priority,P5 - Minimal Effort,0.0,0.0
14679,382,3,1289.44,794,2,3,4,234,High Value At Risk,P1 - Immediate Retention,0.35,451.304
14680,25,58,57412.77,27364,4,5,5,455,VIP Loyal,P2 - Maintain Loyalty,0.1,5741.277
14681,71,6,875.1500000000001,172,3,4,3,343,Growth Potential,P3 - Upsell Opportunity,0.15,131.2725
14682,188,6,1514.81,949,3,4,4,344,Growth Potential,P3 - Upsell Opportunity,0.15,227.2215
14683,588,1,146.56,386,1,1,1,111,Low Priority,P5 - Minimal Effort,0.0,0.0
14684,26,6,1468.55,1039,4,4,4,444,VIP Loyal,P2 - Maintain Loyalty,0.1,146.855
14685,576,8,4619.79,2012,1,4,5,145,High Value At Risk,P1 - Immediate Retention,0.35,1616.9264999999998
14686,414,5,885.83,475,1,4,3,143,Growth Potential,P3 - Upsell Opportunity,0.15,132.8745
14687,107,3,1402.06,850,3,3,4,334,Growth Potential,P3 - Upsell Opportunity,0.15,210.309
14688,8,28,7713.57,5580,5,5,5,555,VIP Loyal,P2 - Maintain Loyalty,0.1,771.357
14689,209,1,112.8,76,2,1,1,211,Low Priority,P5 - Minimal Effort,0.0,0.0
14690,44,4,794.33,344,4,3,3,433,Growth Potential,P3 - Upsell Opportunity,0.15,119.1495
14691,31,5,2114.33,707,4,4,4,444,VIP Loyal,P2 - Maintain Loyalty,0.1,211.433
14692,137,12,1745.09,905,3,5,4,354,Growth Potential,P3 - Upsell Opportunity,0.15,261.76349999999996
14693,265,7,1165.36,388,2,4,3,243,Growth Potential,P3 - Upsell Opportunity,0.15,174.80399999999997
14694,617,1,244.31,193,1,1,1,111,Low Priority,P5 - Minimal Effort,0.0,0.0
14695,519,3,1620.07,678,1,3,4,134,High Value At Risk,P1 - Immediate Retention,0.35,567.0245
14696,4,8,2767.9,2151,5,4,4,544,VIP Loyal,P2 - Maintain Loyalty,0.1,276.79
14697,218,2,188.60999999999999,181,2,2,1,221,Low Priority,P5 - Minimal Effort,0.0,0.0
14698,2,5,1250.76,615,5,4,4,544,VIP Loyal,P2 - Maintain Loyalty,0.1,125.07600000000001
14699,214,4,702.6,484,2,3,3,233,Growth Potential,P3 - Upsell Opportunity,0.15,105.39
14700,32,5,3116.26,1634,4,4,5,445,VIP Loyal,P2 - Maintain Loyalty,0.1,311.62600000000003
14701,11,15,4562.09,1782,5,5,5,555,VIP Loyal,P2 - Maintain Loyalty,0.1,456.20900000000006
14702,1,29,6754.22,3073,5,5,5,555,VIP Loyal,P2 - Maintain Loyalty,0.1,675.422
14703,15,1,318.17,183,5,1,2,512,New/Low Spend Active,P4 - Nurture,0.05,15.908500000000002
14704,11,11,1813.57,1209,5,5,4,554,VIP Loyal,P2 - Maintain Loyalty,0.1,181.357
14705,199,1,179.0,100,2,1,1,211,Low Priority,P5 - Minimal Effort,0.0,0.0
14706,619,1,390.69,263,1,1,2,112,Low Priority,P5 - Minimal Effort,0.0,0.0
14707,436,2,139.2,96,1,2,1,121,Low Priority,P5 - Minimal Effort,0.0,0.0
14708,3,5,2212.2799999999997,1509,5,4,4,544,VIP Loyal,P2 - Maintain Loyalty,0.1,221.22799999999998
14709,15,25,8886.33,4141,5,5,5,555,VIP Loyal,P2 - Maintain Loyalty,0.1,888.633
14710,14,13,1922.59,1151,5,5,4,554,VIP Loyal,P2 - Maintain Loyalty,0.1,192.25900000000001
14711,10,11,2868.8,978,5,5,4,554,VIP Loyal,P2 - Maintain Loyalty,0.1,286.88000000000005
14712,29,4,1328.0700000000002,411,4,3,4,434,VIP Loyal,P2 - Maintain Loyalty,0.1,132.80700000000002
14713,9,21,5418.87,3456,5,5,5,555,VIP Loyal,P2 - Maintain Loyalty,0.1,541.8870000000001
14714,24,4,906.24,642,4,3,3,433,Growth Potential,P3 - Upsell Opportunity,0.15,135.936
14715,25,8,1840.45,1034,4,4,4,444,VIP Loyal,P2 - Maintain Loyalty,0.1,184.04500000000002
14716,43,3,565.45,752,4,3,2,432,New/Low Spend Active,P4 - Nurture,0.05,28.272500000000004
14717,733,1,81.3,32,1,1,1,111,Low Priority,P5 - Minimal Effort,0.0,0.0
14718,410,1,226.42,202,2,1,1,211,Low Priority,P5 - Minimal Effort,0.0,0.0
14719,2,5,1602.13,1032,5,4,4,544,VIP Loyal,P2 - Maintain Loyalty,0.1,160.21300000000002
14720,6,3,663.81,219,5,3,3,533,Growth Potential,P3 - Upsell Opportunity,0.15,99.57149999999999
14721,379,1,115.77,59,2,1,1,211,Low Priority,P5 - Minimal Effort,0.0,0.0
14722,147,3,513.37,222,3,3,2,332,Low Priority,P5 - Minimal Effort,0.0,0.0
14723,10,11,2093.06,1308,5,5,4,554,VIP Loyal,P2 - Maintain Loyalty,0.1,209.306
14724,590,1,345.25,187,1,1,2,112,Low Priority,P5 - Minimal Effort,0.0,0.0
14725,25,4,1315.24,1340,4,3,4,434,VIP Loyal,P2 - Maintain Loyalty,0.1,131.524
14726,655,1,124.75,91,1,1,1,111,Low Priority,P5 - Minimal Effort,0.0,0.0
14727,274,3,467.92999999999995,468,2,3,2,232,Low Priority,P5 - Minimal Effort,0.0,0.0
14728,413,1,190.58,68,1,1,1,111,Low Priority,P5 - Minimal Effort,0.0,0.0
14729,374,3,907.38,574,2,3,3,233,Growth Potential,P3 - Upsell Opportunity,0.15,136.107
14730,1,8,2005.06,1132,5,4,4,544,VIP Loyal,P2 - Maintain Loyalty,0.1,200.506
14731,47,3,380.02,256,4,3,2,432,New/Low Spend Active,P4 - Nurture,0.05,19.001
14732,8,19,5517.07,2273,5,5,5,555,VIP Loyal,P2 - Maintain Loyalty,0.1,551.707
14733,16,15,16184.97,6491,5,5,5,555,VIP Loyal,P2 - Maintain Loyalty,0.1,1618.497
14734,426,4,1056.42,378,1,3,3,133,Growth Potential,P3 - Upsell Opportunity,0.15,158.463
14735,4,56,12240.16,4513,5,5,5,555,VIP Loyal,P2 - Maintain Loyalty,0.1,1224.016
14736,485,2,401.08,164,1,2,2,122,Low Priority,P5 - Minimal Effort,0.0,0.0
14737,4,4,3554.17,1071,5,3,5,535,VIP Loyal,P2 - Maintain Loyalty,0.1,355.41700000000003
14738,43,9,1821.9,757,4,5,4,454,VIP Loyal,P2 - Maintain Loyalty,0.1,182.19000000000003
14739,4,25,12287.5,10172,5,5,5,555,VIP Loyal,P2 - Maintain Loyalty,0.1,1228.75
14740,197,11,4161.06,2081,2,5,5,255,High Value At Risk,P1 - Immediate Retention,0.35,1456.371
14741,12,7,1897.59,1120,5,4,4,544,VIP Loyal,P2 - Maintain Loyalty,0.1,189.75900000000001
14742,435,1,579.85,374,1,1,2,112,Low Priority,P5 - Minimal Effort,0.0,0.0
14743,593,1,50.48,40,1,1,1,111,Low Priority,P5 - Minimal Effort,0.0,0.0
14744,16,14,3885.08,2547,5,5,5,555,VIP Loyal,P2 - Maintain Loyalty,0.1,388.50800000000004
14745,113,12,2571.81,1977,3,5,4,354,Growth Potential,P3 - Upsell Opportunity,0.15,385.7715
14746,406,4,593.5,398,2,3,2,232,Low Priority,P5 - Minimal Effort,0.0,0.0
14747,249,1,328.2,84,2,1,2,212,Low Priority,P5 - Minimal Effort,0.0,0.0
14748,29,10,3152.32,2752,4,5,5,455,VIP Loyal,P2 - Maintain Loyalty,0.1,315.232
14749,480,1,310.15,403,1,1,2,112,Low Priority,P5 - Minimal Effort,0.0,0.0
14750,736,1,112.03,65,1,1,1,111,Low Priority,P5 - Minimal Effort,0.0,0.0
14751,684,2,126.45,65,1,2,1,121,Low Priority,P5 - Minimal Effort,0.0,0.0
14752,44,1,389.64,260,4,1,2,412,New/Low Spend Active,P4 - Nurture,0.05,19.482
14753,87,2,869.51,412,3,2,3,323,Low Priority,P5 - Minimal Effort,0.0,0.0
14754,45,6,1550.48,1011,4,4,4,444,VIP Loyal,P2 - Maintain Loyalty,0.1,155.048
14755,10,25,9972.550000000001,4401,5,5,5,555,VIP Loyal,P2 - Maintain Loyalty,0.1,997.2550000000001
14756,15,3,2653.76,1423,5,3,4,534,VIP Loyal,P2 - Maintain Loyalty,0.1,265.37600000000003
14757,75,1,420.5,160,3,1,2,312,Low Priority,P5 - Minimal Effort,0.0,0.0
14758,145,7,2864.97,840,3,4,4,344,Growth Potential,P3 - Upsell Opportunity,0.15,429.74549999999994
14759,5,3,1625.97,569,5,3,4,534,VIP Loyal,P2 - Maintain Loyalty,0.1,162.597
14760,297,1,89.2,40,2,1,1,211,Low Priority,P5 - Minimal Effort,0.0,0.0
14761,59,3,447.92,206,4,3,2,432,New/Low Spend Active,P4 - Nurture,0.05,22.396
14762,264,2,417.57,428,2,2,2,222,Low Priority,P5 - Minimal Effort,0.0,0.0
14764,47,1,278.3,190,4,1,1,411,New/Low Spend Active,P4 - Nurture,0.05,13.915000000000001
14765,29,3,254.11,135,4,3,1,431,New/Low Spend Active,P4 - Nurture,0.05,12.7055
14766,8,11,6556.13,4063,5,5,5,555,VIP Loyal,P2 - Maintain Loyalty,0.1,655.613
14767,474,1,382.81,117,1,1,2,112,Low Priority,P5 - Minimal Effort,0.0,0.0
14768,17,2,192.60000000000002,52,5,2,1,521,New/Low Spend Active,P4 - Nurture,0.05,9.630000000000003
14769,3,17,15771.88,11255,5,5,5,555,VIP Loyal,P2 - Maintain Loyalty,0.1,1577.188
14770,232,8,3637.64,1598,2,4,5,245,High Value At Risk,P1 - Immediate Retention,0.35,1273.174
14771,621,2,594.62,622,1,2,2,122,Low Priority,P5 - Minimal Effort,0.0,0.0
14772,112,1,139.26,82,3,1,1,311,Low Priority,P5 - Minimal Effort,0.0,0.0
14773,593,1,140.55,53,1,1,1,111,Low Priority,P5 - Minimal Effort,0.0,0.0
14774,529,1,241.45,99,1,1,1,111,Low Priority,P5 - Minimal Effort,0.0,0.0
14775,58,3,1418.46,1558,4,3,4,434,VIP Loyal,P2 - Maintain Loyalty,0.1,141.846
14776,51,15,3708.3,4658,4,5,5,455,VIP Loyal,P2 - Maintain Loyalty,0.1,370.83000000000004
14777,404,1,307.56,212,2,1,2,212,Low Priority,P5 - Minimal Effort,0.0,0.0
14778,127,2,730.86,306,3,2,3,323,Low Priority,P5 - Minimal Effort,0.0,0.0
14779,281,3,386.15,84,2,3,2,232,Low Priority,P5 - Minimal Effort,0.0,0.0
14780,55,2,447.68,310,4,2,2,422,New/Low Spend Active,P4 - Nurture,0.05,22.384
14782,320,1,200.10000000000002,114,2,1,1,211,Low Priority,P5 - Minimal Effort,0.0,0.0
14783,659,1,307.3,262,1,1,2,112,Low Priority,P5 - Minimal Effort,0.0,0.0
14784,26,3,449.93,363,4,3,2,432,New/Low Spend Active,P4 - Nurture,0.05,22.4965
14785,10,2,77.4,84,5,2,1,521,New/Low Spend Active,P4 - Nurture,0.05,3.8700000000000006
14786,550,1,90.96,112,1,1,1,111,Low Priority,P5 - Minimal Effort,0.0,0.0
14787,471,1,110.65,59,1,1,1,111,Low Priority,P5 - Minimal Effort,0.0,0.0
14788,7,3,1156.32,719,5,3,3,533,Growth Potential,P3 - Upsell Opportunity,0.15,173.44799999999998
14789,29,1,197.64,116,4,1,1,411,New/Low Spend Active,P4 - Nurture,0.05,9.882
14790,17,10,2526.62,2642,5,5,4,554,VIP Loyal,P2 - Maintain Loyalty,0.1,252.662
14791,607,1,303.63,127,1,1,2,112,Low Priority,P5 - Minimal Effort,0.0,0.0
14792,64,1,6.2,2,3,1,1,311,Low Priority,P5 - Minimal Effort,0.0,0.0
14793,21,2,625.9,361,4,2,3,423,Low Priority,P5 - Minimal Effort,0.0,0.0
14794,3,10,1953.9,783,5,5,4,554,VIP Loyal,P2 - Maintain Loyalty,0.1,195.39000000000001
14795,166,1,131.45000000000002,17,3,1,1,311,Low Priority,P5 - Minimal Effort,0.0,0.0
14796,1,27,10889.64,7653,5,5,5,555,VIP Loyal,P2 - Maintain Loyalty,0.1,1088.964
14797,507,1,300.31,99,1,1,2,112,Low Priority,P5 - Minimal Effort,0.0,0.0
14798,53,8,724.31,601,4,4,3,443,Growth Potential,P3 - Upsell Opportunity,0.15,108.64649999999999
14799,51,2,338.15,495,4,2,2,422,New/Low Spend Active,P4 - Nurture,0.05,16.9075
14800,48,17,7774.32,6967,4,5,5,455,VIP Loyal,P2 - Maintain Loyalty,0.1,777.432
14801,61,1,193.14,175,3,1,1,311,Low Priority,P5 - Minimal Effort,0.0,0.0
14802,438,2,1502.98,2,1,2,4,124,High Value At Risk,P1 - Immediate Retention,0.35,526.043
14803,162,3,845.55,370,3,3,3,333,Growth Potential,P3 - Upsell Opportunity,0.15,126.83249999999998
14804,9,1,353.27,121,5,1,2,512,New/Low Spend Active,P4 - Nurture,0.05,17.6635
14805,15,7,1104.64,421,5,4,3,543,Growth Potential,P3 - Upsell Opportunity,0.15,165.696
14806,75,2,303.43,423,3,2,2,322,Low Priority,P5 - Minimal Effort,0.0,0.0
14807,391,2,519.29,247,2,2,2,222,Low Priority,P5 - Minimal Effort,0.0,0.0
14808,40,8,2741.17,2147,4,4,4,444,VIP Loyal,P2 - Maintain Loyalty,0.1,274.117
14809,621,2,686.76,232,1,2,3,123,Low Priority,P5 - Minimal Effort,0.0,0.0
14810,41,13,2537.02,1247,4,5,4,454,VIP Loyal,P2 - Maintain Loyalty,0.1,253.702
14811,387,1,170.5,74,2,1,1,211,Low Priority,P5 - Minimal Effort,0.0,0.0
14812,599,1,185.8,136,1,1,1,111,Low Priority,P5 - Minimal Effort,0.0,0.0
14813,370,4,1090.87,474,2,3,3,233,Growth Potential,P3 - Upsell Opportunity,0.15,163.63049999999998
14814,581,1,160.46,96,1,1,1,111,Low Priority,P5 - Minimal Effort,0.0,0.0
14815,37,2,778.5,744,4,2,3,423,Low Priority,P5 - Minimal Effort,0.0,0.0
14816,197,1,271.85,5,2,1,1,211,Low Priority,P5 - Minimal Effort,0.0,0.0
14817,200,7,3959.86,2462,2,4,5,245,High Value At Risk,P1 - Immediate Retention,0.35,1385.951
14818,74,6,1170.41,546,3,4,3,343,Growth Potential,P3 - Upsell Opportunity,0.15,175.5615
14819,64,4,470.16,173,3,3,2,332,Low Priority,P5 - Minimal Effort,0.0,0.0
14820,21,9,1274.76,724,4,5,4,454,VIP Loyal,P2 - Maintain Loyalty,0.1,127.476
14821,367,7,1286.45,485,2,4,4,244,High Value At Risk,P1 - Immediate Retention,0.35,450.2575
14822,485,1,157.70000000000002,94,1,1,1,111,Low Priority,P5 - Minimal Effort,0.0,0.0
14823,180,3,321.43,88,3,3,2,332,Low Priority,P5 - Minimal Effort,0.0,0.0
14824,10,10,4022.9100000000003,1954,5,5,5,555,VIP Loyal,P2 - Maintain Loyalty,0.1,402.29100000000005
14825,4,24,4925.08,2848,5,5,5,555,VIP Loyal,P2 - Maintain Loyalty,0.1,492.50800000000004
14826,582,2,385.2,152,1,2,2,122,Low Priority,P5 - Minimal Effort,0.0,0.0
14828,197,13,9839.460000000001,9718,2,5,5,255,High Value At Risk,P1 - Immediate Retention,0.35,3443.811
14829,29,7,1692.84,1147,4,4,4,444,VIP Loyal,P2 - Maintain Loyalty,0.1,169.284
14830,53,1,197.13,169,4,1,1,411,New/Low Spend Active,P4 - Nurture,0.05,9.8565
14831,680,3,1676.57,885,1,3,4,134,High Value At Risk,P1 - Immediate Retention,0.35,586.7995
14832,630,1,322.69,1,1,1,2,112,Low Priority,P5 - Minimal Effort,0.0,0.0
14833,499,1,94.8,58,1,1,1,111,Low Priority,P5 - Minimal Effort,0.0,0.0
14834,18,7,2206.16,872,5,4,4,544,VIP Loyal,P2 - Maintain Loyalty,0.1,220.61599999999999
14835,529,2,297.0,180,1,2,2,122,Low Priority,P5 - Minimal Effort,0.0,0.0
14836,10,3,102.44999999999999,45,5,3,1,531,New/Low Spend Active,P4 - Nurture,0.05,5.1225
14837,90,9,3460.32,3030,3,5,5,355,Growth Potential,P3 - Upsell Opportunity,0.15,519.048
14838,423,2,773.6700000000001,362,1,2,3,123,Low Priority,P5 - Minimal Effort,0.0,0.0
14839,418,3,915.28,927,1,3,3,133,Growth Potential,P3 - Upsell Opportunity,0.15,137.292
14840,268,2,362.71,179,2,2,2,222,Low Priority,P5 - Minimal Effort,0.0,0.0
14841,53,14,7163.0,4164,4,5,5,455,VIP Loyal,P2 - Maintain Loyalty,0.1,716.3000000000001
14842,44,4,2824.69,1166,4,3,4,434,VIP Loyal,P2 - Maintain Loyalty,0.1,282.469
14843,437,1,211.79999999999998,132,1,1,1,111,Low Priority,P5 - Minimal Effort,0.0,0.0
14844,64,10,6702.43,4369,3,5,5,355,Growth Potential,P3 - Upsell Opportunity,0.15,1005.3645
14845,600,1,150.0,600,1,1,1,111,Low Priority,P5 - Minimal Effort,0.0,0.0
14846,427,1,437.4,193,1,1,2,112,Low Priority,P5 - Minimal Effort,0.0,0.0
14847,149,3,1348.95,533,3,3,4,334,Growth Potential,P3 - Upsell Opportunity,0.15,202.3425
14848,405,1,310.56,260,2,1,2,212,Low Priority,P5 - Minimal Effort,0.0,0.0
14849,22,43,15763.45,12026,4,5,5,455,VIP Loyal,P2 - Maintain Loyalty,0.1,1576.3450000000003
14850,312,7,1794.01,1408,2,4,4,244,High Value At Risk,P1 - Immediate Retention,0.35,627.9035
14851,23,3,829.4100000000001,631,4,3,3,433,Growth Potential,P3 - Upsell Opportunity,0.15,124.4115
14852,58,18,6147.18,4371,4,5,5,455,VIP Loyal,P2 - Maintain Loyalty,0.1,614.7180000000001
14853,24,5,1376.87,345,4,4,4,444,VIP Loyal,P2 - Maintain Loyalty,0.1,137.68699999999998
14854,78,11,4322.86,2999,3,5,5,355,Growth Potential,P3 - Upsell Opportunity,0.15,648.429
14855,119,7,6520.3,3510,3,4,5,345,Growth Potential,P3 - Upsell Opportunity,0.15,978.045
14856,36,3,1311.3799999999999,714,4,3,4,434,VIP Loyal,P2 - Maintain Loyalty,0.1,131.138
14857,60,7,3651.851,2081,3,4,5,345,Growth Potential,P3 - Upsell Opportunity,0.15,547.77765
14858,506,1,180.75,105,1,1,1,111,Low Priority,P5 - Minimal Effort,0.0,0.0
14859,13,5,1705.64,888,5,4,4,544,VIP Loyal,P2 - Maintain Loyalty,0.1,170.56400000000002
14860,19,1,170.32,232,5,1,1,511,New/Low Spend Active,P4 - Nurture,0.05,8.516
14861,52,10,1380.73,1076,4,5,4,454,VIP Loyal,P2 - Maintain Loyalty,0.1,138.073
14862,26,2,841.1999999999999,772,4,2,3,423,Low Priority,P5 - Minimal Effort,0.0,0.0
14863,29,1,266.76,132,4,1,1,411,New/Low Spend Active,P4 - Nurture,0.05,13.338000000000001
14865,7,4,129.72,300,5,3,1,531,New/Low Spend Active,P4 - Nurture,0.05,6.486000000000001
14866,11,19,20850.22,9233,5,5,5,555,VIP Loyal,P2 - Maintain Loyalty,0.1,2085.0220000000004
14867,186,16,2952.06,996,3,5,4,354,Growth Potential,P3 - Upsell Opportunity,0.15,442.80899999999997
14868,3,12,4184.01,2230,5,5,5,555,VIP Loyal,P2 - Maintain Loyalty,0.1,418.40100000000007
14869,9,6,2804.24,2138,5,4,4,544,VIP Loyal,P2 - Maintain Loyalty,0.1,280.424
14870,262,6,1838.95,483,2,4,4,244,High Value At Risk,P1 - Immediate Retention,0.35,643.6324999999999
14871,3,9,1258.97,454,5,5,4,554,VIP Loyal,P2 - Maintain Loyalty,0.1,125.897
14872,484,3,816.6,662,1,3,3,133,Growth Potential,P3 - Upsell Opportunity,0.15,122.49
14873,210,2,854.13,311,2,2,3,223,Low Priority,P5 - Minimal Effort,0.0,0.0
14874,535,1,116.18,148,1,1,1,111,Low Priority,P5 - Minimal Effort,0.0,0.0
14875,108,3,2862.4,1332,3,3,4,334,Growth Potential,P3 - Upsell Opportunity,0.15,429.36
14876,521,2,256.7,162,1,2,1,121,Low Priority,P5 - Minimal Effort,0.0,0.0
14877,418,2,437.0,171,1,2,2,122,Low Priority,P5 - Minimal Effort,0.0,0.0
14878,13,25,4105.24,2432,5,5,5,555,VIP Loyal,P2 - Maintain Loyalty,0.1,410.524
14879,685,1,185.06,104,1,1,1,111,Low Priority,P5 - Minimal Effort,0.0,0.0
14880,77,3,706.19,373,3,3,3,333,Growth Potential,P3 - Upsell Opportunity,0.15,105.9285
14881,20,1,255.4,316,4,1,1,411,New/Low Spend Active,P4 - Nurture,0.05,12.770000000000001
14882,27,14,3628.15,1640,4,5,5,455,VIP Loyal,P2 - Maintain Loyalty,0.1,362.81500000000005
14883,19,6,761.59,790,5,4,3,543,Growth Potential,P3 - Upsell Opportunity,0.15,114.2385
14884,669,1,120.6,72,1,1,1,111,Low Priority,P5 - Minimal Effort,0.0,0.0
14885,132,3,1598.12,1308,3,3,4,334,Growth Potential,P3 - Upsell Opportunity,0.15,239.71799999999996
14886,253,1,364.8,160,2,1,2,212,Low Priority,P5 - Minimal Effort,0.0,0.0
14887,79,1,1862.0,1100,3,1,4,314,Low Priority,P5 - Minimal Effort,0.0,0.0
14888,207,1,369.2,184,2,1,2,212,Low Priority,P5 - Minimal Effort,0.0,0.0
14889,336,1,135.9,90,2,1,1,211,Low Priority,P5 - Minimal Effort,0.0,0.0
14890,254,3,817.25,636,2,3,3,233,Growth Potential,P3 - Upsell Opportunity,0.15,122.58749999999999
14891,148,4,1106.73,788,3,3,3,333,Growth Potential,P3 - Upsell Opportunity,0.15,166.0095
14892,691,1,202.35000000000002,79,1,1,1,111,Low Priority,P5 - Minimal Effort,0.0,0.0
14893,10,3,1809.6100000000001,1047,5,3,4,534,VIP Loyal,P2 - Maintain Loyalty,0.1,180.961
14894,85,3,1492.81,603,3,3,4,334,Growth Potential,P3 - Upsell Opportunity,0.15,223.92149999999998
14895,8,38,25119.54,10714,5,5,5,555,VIP Loyal,P2 - Maintain Loyalty,0.1,2511.954
14896,205,8,2092.42,1117,2,4,4,244,High Value At Risk,P1 - Immediate Retention,0.35,732.347
14897,8,8,3140.54,1162,5,4,5,545,VIP Loyal,P2 - Maintain Loyalty,0.1,314.05400000000003
14898,23,14,3507.81,2247,4,5,5,455,VIP Loyal,P2 - Maintain Loyalty,0.1,350.781
14899,395,1,1384.88,586,2,1,4,214,High Value At Risk,P1 - Immediate Retention,0.35,484.708
14900,522,1,13.919999999999998,48,1,1,1,111,Low Priority,P5 - Minimal Effort,0.0,0.0
14901,11,12,2289.65,1053,5,5,4,554,VIP Loyal,P2 - Maintain Loyalty,0.1,228.96500000000003
14902,26,3,1035.6200000000001,716,4,3,3,433,Growth Potential,P3 - Upsell Opportunity,0.15,155.34300000000002
14903,21,5,2810.63,1536,4,4,4,444,VIP Loyal,P2 - Maintain Loyalty,0.1,281.06300000000005
14904,2,4,1640.64,2549,5,3,4,534,VIP Loyal,P2 - Maintain Loyalty,0.1,164.06400000000002
14905,158,8,1971.39,1009,3,4,4,344,Growth Potential,P3 - Upsell Opportunity,0.15,295.7085
14906,445,1,68.44,1,1,1,1,111,Low Priority,P5 - Minimal Effort,0.0,0.0
14907,3,16,6165.79,2817,5,5,5,555,VIP Loyal,P2 - Maintain Loyalty,0.1,616.5790000000001
14908,74,2,381.9,182,3,2,2,322,Low Priority,P5 - Minimal Effort,0.0,0.0
14909,437,3,1404.68,888,1,3,4,134,High Value At Risk,P1 - Immediate Retention,0.35,491.638
14910,3,4,434.35,238,5,3,2,532,New/Low Spend Active,P4 - Nurture,0.05,21.7175
14911,1,398,295972.63,149987,5,5,5,555,VIP Loyal,P2 - Maintain Loyalty,0.1,29597.263000000003
14912,17,6,1889.25,1819,5,4,4,544,VIP Loyal,P2 - Maintain Loyalty,0.1,188.925
14913,36,8,4073.13,3955,4,4,5,445,VIP Loyal,P2 - Maintain Loyalty,0.1,407.31300000000005
14915,91,11,1811.25,707,3,5,4,354,Growth Potential,P3 - Upsell Opportunity,0.15,271.6875
14916,71,8,3042.95,2415,3,4,5,345,Growth Potential,P3 - Upsell Opportunity,0.15,456.44249999999994
14917,597,2,1123.75,891,1,2,3,123,Low Priority,P5 - Minimal Effort,0.0,0.0
14918,116,9,5955.81,2551,3,5,5,355,Growth Potential,P3 - Upsell Opportunity,0.15,893.3715000000001
14919,539,1,359.35,129,1,1,2,112,Low Priority,P5 - Minimal Effort,0.0,0.0
14920,213,3,1607.17,886,2,3,4,234,High Value At Risk,P1 - Immediate Retention,0.35,562.5095
14921,30,2,1316.07,953,4,2,4,424,VIP Loyal,P2 - Maintain Loyalty,0.1,131.607
14922,394,2,843.74,376,2,2,3,223,Low Priority,P5 - Minimal Effort,0.0,0.0
14923,51,1,749.1,418,4,1,3,413,Low Priority,P5 - Minimal Effort,0.0,0.0
14924,246,3,931.01,312,2,3,3,233,Growth Potential,P3 - Upsell Opportunity,0.15,139.6515
14926,382,2,359.4,204,2,2,2,222,Low Priority,P5 - Minimal Effort,0.0,0.0
14927,397,1,308.2,196,2,1,2,212,Low Priority,P5 - Minimal Effort,0.0,0.0
14928,628,1,223.91000000000003,268,1,1,1,111,Low Priority,P5 - Minimal Effort,0.0,0.0
14929,32,2,836.69,487,4,2,3,423,Low Priority,P5 - Minimal Effort,0.0,0.0
14930,109,6,5246.63,2199,3,4,5,345,Growth Potential,P3 - Upsell Opportunity,0.15,786.9945
14931,5,5,1257.68,417,5,4,4,544,VIP Loyal,P2 - Maintain Loyalty,0.1,125.76800000000001
14932,366,2,1029.66,337,2,2,3,223,Low Priority,P5 - Minimal Effort,0.0,0.0
14933,444,4,1770.0,600,1,3,4,134,High Value At Risk,P1 - Immediate Retention,0.35,619.5
14934,82,5,3503.5,2100,3,4,5,345,Growth Potential,P3 - Upsell Opportunity,0.15,525.525
14935,297,2,2849.83,1931,2,2,4,224,High Value At Risk,P1 - Immediate Retention,0.35,997.4404999999999
14936,34,12,12410.81,6274,4,5,5,455,VIP Loyal,P2 - Maintain Loyalty,0.1,1241.0810000000001
14937,57,3,1621.88,484,4,3,4,434,VIP Loyal,P2 - Maintain Loyalty,0.1,162.18800000000002
14938,562,2,2322.43,1369,1,2,4,124,High Value At Risk,P1 - Immediate Retention,0.35,812.8504999999999
14940,418,2,531.49,384,1,2,2,122,Low Priority,P5 - Minimal Effort,0.0,0.0
14941,579,1,182.1,80,1,1,1,111,Low Priority,P5 - Minimal Effort,0.0,0.0
14942,402,4,746.56,354,2,3,3,233,Growth Potential,P3 - Upsell Opportunity,0.15,111.984
14943,663,1,107.62,46,1,1,1,111,Low Priority,P5 - Minimal Effort,0.0,0.0
14944,30,19,9784.67,4864,4,5,5,455,VIP Loyal,P2 - Maintain Loyalty,0.1,978.4670000000001
14945,414,1,179.4,156,1,1,1,111,Low Priority,P5 - Minimal Effort,0.0,0.0
14946,14,1,100.9,22,5,1,1,511,New/Low Spend Active,P4 - Nurture,0.05,5.045000000000001
14947,72,6,1049.79,416,3,4,3,343,Growth Potential,P3 - Upsell Opportunity,0.15,157.46849999999998
14948,23,6,1101.97,673,4,4,3,443,Growth Potential,P3 - Upsell Opportunity,0.15,165.2955
14949,469,4,515.0,250,1,3,2,132,Low Priority,P5 - Minimal Effort,0.0,0.0
14950,19,1,371.2,136,5,1,2,512,New/Low Spend Active,P4 - Nurture,0.05,18.56
14951,79,1,311.69,311,3,1,2,312,Low Priority,P5 - Minimal Effort,0.0,0.0
14952,60,32,17629.35,6977,3,5,5,355,Growth Potential,P3 - Upsell Opportunity,0.15,2644.4024999999997
14953,25,4,1013.77,1028,4,3,3,433,Growth Potential,P3 - Upsell Opportunity,0.15,152.0655
14954,12,2,503.44,219,5,2,2,522,New/Low Spend Active,P4 - Nurture,0.05,25.172
14955,733,1,163.77,74,1,1,1,111,Low Priority,P5 - Minimal Effort,0.0,0.0
14956,421,1,1325.0,2500,1,1,4,114,High Value At Risk,P1 - Immediate Retention,0.35,463.74999999999994
14957,253,2,333.29,105,2,2,2,222,Low Priority,P5 - Minimal Effort,0.0,0.0
14958,147,6,957.9399999999999,249,3,4,3,343,Growth Potential,P3 - Upsell Opportunity,0.15,143.69099999999997
14959,64,4,695.42,494,3,3,3,333,Growth Potential,P3 - Upsell Opportunity,0.15,104.31299999999999
14960,8,2,221.27,221,5,2,1,521,New/Low Spend Active,P4 - Nurture,0.05,11.063500000000001
14961,11,22,16410.15,8372,5,5,5,555,VIP Loyal,P2 - Maintain Loyalty,0.1,1641.0150000000003
14962,271,4,366.91,123,2,3,2,232,Low Priority,P5 - Minimal Effort,0.0,0.0
14963,10,12,3164.48,2317,5,5,5,555,VIP Loyal,P2 - Maintain Loyalty,0.1,316.44800000000004
14964,247,1,206.21,143,2,1,1,211,Low Priority,P5 - Minimal Effort,0.0,0.0
14965,96,2,599.0,365,3,2,2,322,Low Priority,P5 - Minimal Effort,0.0,0.0
14966,15,6,1115.8400000000001,1098,5,4,3,543,Growth Potential,P3 - Upsell Opportunity,0.15,167.376
14967,50,6,1982.6100000000001,652,4,4,4,444,VIP Loyal,P2 - Maintain Loyalty,0.1,198.26100000000002
14968,30,2,504.99,258,4,2,2,422,New/Low Spend Active,P4 - Nurture,0.05,25.2495
14969,704,1,906.23,665,1,1,3,113,Low Priority,P5 - Minimal Effort,0.0,0.0
14970,68,12,4919.35,982,3,5,5,355,Growth Potential,P3 - Upsell Opportunity,0.15,737.9025
14971,35,3,1116.57,644,4,3,3,433,Growth Potential,P3 - Upsell Opportunity,0.15,167.48549999999997
14972,128,2,145.07,40,3,2,1,321,Low Priority,P5 - Minimal Effort,0.0,0.0
14973,107,3,1314.45,369,3,3,4,334,Growth Potential,P3 - Upsell Opportunity,0.15,197.1675
14974,37,1,114.39,44,4,1,1,411,New/Low Spend Active,P4 - Nurture,0.05,5.7195
14975,57,2,472.39,507,4,2,2,422,New/Low Spend Active,P4 - Nurture,0.05,23.619500000000002
14976,57,7,790.86,234,4,4,3,443,Growth Potential,P3 - Upsell Opportunity,0.15,118.62899999999999
14977,726,1,31.929999999999996,17,1,1,1,111,Low Priority,P5 - Minimal Effort,0.0,0.0
14978,72,10,3142.14,740,3,5,5,355,Growth Potential,P3 - Upsell Opportunity,0.15,471.32099999999997
14979,735,1,439.46,213,1,1,2,112,Low Priority,P5 - Minimal Effort,0.0,0.0
14980,737,1,150.68,79,1,1,1,111,Low Priority,P5 - Minimal Effort,0.0,0.0
14981,246,2,372.92,241,2,2,2,222,Low Priority,P5 - Minimal Effort,0.0,0.0
14982,572,1,237.78,125,1,1,1,111,Low Priority,P5 - Minimal Effort,0.0,0.0
14983,689,1,183.20000000000002,90,1,1,1,111,Low Priority,P5 - Minimal Effort,0.0,0.0
14984,19,6,1271.41,350,5,4,4,544,VIP Loyal,P2 - Maintain Loyalty,0.1,127.14100000000002
14985,198,2,296.75,260,2,2,2,222,Low Priority,P5 - Minimal Effort,0.0,0.0
14986,376,2,566.9,342,2,2,2,222,Low Priority,P5 - Minimal Effort,0.0,0.0
14987,16,8,1713.85,671,5,4,4,544,VIP Loyal,P2 - Maintain Loyalty,0.1,171.385
14988,212,7,2066.6,1276,2,4,4,244,High Value At Risk,P1 - Immediate Retention,0.35,723.31
14989,662,1,342.4,200,1,1,2,112,Low Priority,P5 - Minimal Effort,0.0,0.0
14990,612,2,305.42,130,1,2,2,122,Low Priority,P5 - Minimal Effort,0.0,0.0
14991,430,1,314.67,191,1,1,2,112,Low Priority,P5 - Minimal Effort,0.0,0.0
14992,442,1,210.5,145,1,1,1,111,Low Priority,P5 - Minimal Effort,0.0,0.0
14993,564,1,36.13,21,1,1,1,111,Low Priority,P5 - Minimal Effort,0.0,0.0
14994,382,5,960.63,577,2,4,3,243,Growth Potential,P3 - Upsell Opportunity,0.15,144.09449999999998
14995,39,2,233.23000000000002,103,4,2,1,421,New/Low Spend Active,P4 - Nurture,0.05,11.661500000000002
14996,481,2,442.28999999999996,404,1,2,2,122,Low Priority,P5 - Minimal Effort,0.0,0.0
14997,46,4,776.5999999999999,1408,4,3,3,433,Growth Potential,P3 - Upsell Opportunity,0.15,116.48999999999998
14998,170,4,770.73,367,3,3,3,333,Growth Potential,P3 - Upsell Opportunity,0.15,115.6095
14999,593,1,129.48000000000002,88,1,1,1,111,Low Priority,P5 - Minimal Effort,0.0,0.0
15000,48,1,490.52,218,4,1,2,412,New/Low Spend Active,P4 - Nurture,0.05,24.526
15001,394,2,230.85999999999999,81,2,2,1,221,Low Priority,P5 - Minimal Effort,0.0,0.0
15002,116,9,4817.28,2518,3,5,5,355,Growth Potential,P3 - Upsell Opportunity,0.15,722.592
15003,473,6,1060.7,547,1,4,3,143,Growth Potential,P3 - Upsell Opportunity,0.15,159.105
15004,147,1,1246.32,630,3,1,3,313,Low Priority,P5 - Minimal Effort,0.0,0.0
15005,16,56,14106.2,8856,5,5,5,555,VIP Loyal,P2 - Maintain Loyalty,0.1,1410.6200000000001
15006,51,2,825.14,416,4,2,3,423,Low Priority,P5 - Minimal Effort,0.0,0.0
15007,159,1,156.91,69,3,1,1,311,Low Priority,P5 - Minimal Effort,0.0,0.0
15008,480,2,360.0,1500,1,2,2,122,Low Priority,P5 - Minimal Effort,0.0,0.0
15009,12,3,1261.78,642,5,3,4,534,VIP Loyal,P2 - Maintain Loyalty,0.1,126.178
15010,36,1,308.94,184,4,1,2,412,New/Low Spend Active,P4 - Nurture,0.05,15.447000000000001
15011,396,2,416.6,289,2,2,2,222,Low Priority,P5 - Minimal Effort,0.0,0.0
15012,54,3,860.62,479,4,3,3,433,Growth Potential,P3 - Upsell Opportunity,0.15,129.093
15013,488,10,1641.3,1747,1,5,4,154,High Value At Risk,P1 - Immediate Retention,0.35,574.4549999999999
15014,43,2,260.17,151,4,2,1,421,New/Low Spend Active,P4 - Nurture,0.05,13.008500000000002
15015,501,13,2365.02,1593,1,5,4,154,High Value At Risk,P1 - Immediate Retention,0.35,827.757
15016,173,5,630.3,247,3,4,3,343,Growth Potential,P3 - Upsell Opportunity,0.15,94.54499999999999
15017,34,1,125.58,63,4,1,1,411,New/Low Spend Active,P4 - Nurture,0.05,6.279
15018,39,3,607.46,210,4,3,2,432,New/Low Spend Active,P4 - Nurture,0.05,30.373000000000005
15019,267,1,266.0,159,2,1,1,211,Low Priority,P5 - Minimal Effort,0.0,0.0
15020,379,1,203.42,112,2,1,1,211,Low Priority,P5 - Minimal Effort,0.0,0.0
15021,9,12,2783.83,1217,5,5,4,554,VIP Loyal,P2 - Maintain Loyalty,0.1,278.383
15022,12,5,1186.09,656,5,4,3,543,Growth Potential,P3 - Upsell Opportunity,0.15,177.91349999999997
15023,3,20,12170.68,5052,5,5,5,555,VIP Loyal,P2 - Maintain Loyalty,0.1,1217.068
15024,10,16,4075.51,2201,5,5,5,555,VIP Loyal,P2 - Maintain Loyalty,0.1,407.55100000000004
15025,33,2,1013.09,515,4,2,3,423,Low Priority,P5 - Minimal Effort,0.0,0.0
15026,80,5,1061.61,673,3,4,3,343,Growth Potential,P3 - Upsell Opportunity,0.15,159.24149999999997
15027,31,10,3195.6,2782,4,5,5,455,VIP Loyal,P2 - Maintain Loyalty,0.1,319.56
15028,8,6,1157.71,796,5,4,3,543,Growth Potential,P3 - Upsell Opportunity,0.15,173.6565
15029,620,1,365.1,234,1,1,2,112,Low Priority,P5 - Minimal Effort,0.0,0.0
15030,72,8,1979.91,1225,3,4,4,344,Growth Potential,P3 - Upsell Opportunity,0.15,296.9865
15031,4,14,3156.58,1615,5,5,5,555,VIP Loyal,P2 - Maintain Loyalty,0.1,315.658
15032,256,8,13780.65,8259,2,4,5,245,High Value At Risk,P1 - Immediate Retention,0.35,4823.2275
15033,5,10,2586.67,1695,5,5,4,554,VIP Loyal,P2 - Maintain Loyalty,0.1,258.66700000000003
15034,16,14,8313.4,4788,5,5,5,555,VIP Loyal,P2 - Maintain Loyalty,0.1,831.34
15035,90,1,252.73000000000002,245,3,1,1,311,Low Priority,P5 - Minimal Effort,0.0,0.0
15036,72,3,465.55,327,3,3,2,332,Low Priority,P5 - Minimal Effort,0.0,0.0
15037,376,2,402.51,301,2,2,2,222,Low Priority,P5 - Minimal Effort,0.0,0.0
15038,59,9,1309.86,441,4,5,4,454,VIP Loyal,P2 - Maintain Loyalty,0.1,130.986
15039,10,93,40031.43,18183,5,5,5,555,VIP Loyal,P2 - Maintain Loyalty,0.1,4003.143
15040,542,1,7.49,1,1,1,1,111,Low Priority,P5 - Minimal Effort,0.0,0.0
15041,170,2,294.02,197,3,2,2,322,Low Priority,P5 - Minimal Effort,0.0,0.0
15042,199,2,315.45,238,2,2,2,222,Low Priority,P5 - Minimal Effort,0.0,0.0
15043,31,6,2873.7999999999997,1031,4,4,4,444,VIP Loyal,P2 - Maintain Loyalty,0.1,287.38
15044,19,35,16204.33,5279,5,5,5,555,VIP Loyal,P2 - Maintain Loyalty,0.1,1620.433
15045,152,2,735.66,114,3,2,3,323,Low Priority,P5 - Minimal Effort,0.0,0.0
15046,9,25,7812.389999999999,4701,5,5,5,555,VIP Loyal,P2 - Maintain Loyalty,0.1,781.239
15047,270,1,343.62,222,2,1,2,212,Low Priority,P5 - Minimal Effort,0.0,0.0
15048,65,4,482.75,227,3,3,2,332,Low Priority,P5 - Minimal Effort,0.0,0.0
15049,274,1,121.17000000000002,63,2,1,1,211,Low Priority,P5 - Minimal Effort,0.0,0.0
15050,25,5,4193.79,2628,4,4,5,445,VIP Loyal,P2 - Maintain Loyalty,0.1,419.379
15051,23,9,3935.16,3053,4,5,5,455,VIP Loyal,P2 - Maintain Loyalty,0.1,393.516
15052,319,1,215.78,82,2,1,1,211,Low Priority,P5 - Minimal Effort,0.0,0.0
15053,5,3,697.79,986,5,3,3,533,Growth Potential,P3 - Upsell Opportunity,0.15,104.6685
15054,12,2,302.1,198,5,2,2,522,New/Low Spend Active,P4 - Nurture,0.05,15.105000000000002
15055,475,3,560.07,230,1,3,2,132,Low Priority,P5 - Minimal Effort,0.0,0.0
15056,520,1,133.45,81,1,1,1,111,Low Priority,P5 - Minimal Effort,0.0,0.0
15057,275,5,3255.96,1394,2,4,5,245,High Value At Risk,P1 - Immediate Retention,0.35,1139.586
15058,25,16,3410.03,1660,4,5,5,455,VIP Loyal,P2 - Maintain Loyalty,0.1,341.00300000000004
15059,41,19,3523.57,1617,4,5,5,455,VIP Loyal,P2 - Maintain Loyalty,0.1,352.357
15060,8,4,303.09,263,5,3,2,532,New/Low Spend Active,P4 - Nurture,0.05,15.154499999999999
15061,4,127,137818.52,80711,5,5,5,555,VIP Loyal,P2 - Maintain Loyalty,0.1,13781.851999999999
15062,71,8,2585.62,1872,3,4,4,344,Growth Potential,P3 - Upsell Opportunity,0.15,387.84299999999996
15063,213,1,370.79999999999995,56,2,1,2,212,Low Priority,P5 - Minimal Effort,0.0,0.0
15064,410,4,1254.41,810,2,3,4,234,High Value At Risk,P1 - Immediate Retention,0.35,439.0435
15065,38,5,3326.86,1446,4,4,5,445,VIP Loyal,P2 - Maintain Loyalty,0.1,332.68600000000004
15066,53,1,893.59,317,4,1,3,413,Low Priority,P5 - Minimal Effort,0.0,0.0
15067,78,5,3877.88,2163,3,4,5,345,Growth Potential,P3 - Upsell Opportunity,0.15,581.682
15068,46,4,1176.85,835,4,3,3,433,Growth Potential,P3 - Upsell Opportunity,0.15,176.52749999999997
15069,179,1,1109.53,520,3,1,3,313,Low Priority,P5 - Minimal Effort,0.0,0.0
15070,373,3,843.25,375,2,3,3,233,Growth Potential,P3 - Upsell Opportunity,0.15,126.4875
15071,94,4,1455.56,416,3,3,4,334,Growth Potential,P3 - Upsell Opportunity,0.15,218.33399999999997
15072,479,1,187.51999999999998,164,1,1,1,111,Low Priority,P5 - Minimal Effort,0.0,0.0
15073,10,8,2788.02,1410,5,4,4,544,VIP Loyal,P2 - Maintain Loyalty,0.1,278.802
15074,105,3,1566.33,1063,3,3,4,334,Growth Potential,P3 - Upsell Opportunity,0.15,234.94949999999997
15075,78,1,773.03,447,3,1,3,313,Low Priority,P5 - Minimal Effort,0.0,0.0
15076,173,3,1447.74,866,3,3,4,334,Growth Potential,P3 - Upsell Opportunity,0.15,217.161
15077,495,2,2428.08,528,1,2,4,124,High Value At Risk,P1 - Immediate Retention,0.35,849.828
15078,7,53,17761.88,8990,5,5,5,555,VIP Loyal,P2 - Maintain Loyalty,0.1,1776.188
15079,213,11,3767.35,1504,2,5,5,255,High Value At Risk,P1 - Immediate Retention,0.35,1318.5725
15080,428,2,546.25,287,1,2,2,122,Low Priority,P5 - Minimal Effort,0.0,0.0
15081,22,12,1965.72,806,4,5,4,454,VIP Loyal,P2 - Maintain Loyalty,0.1,196.572
15082,669,1,93.35000000000001,43,1,1,1,111,Low Priority,P5 - Minimal Effort,0.0,0.0
15083,257,1,88.2,38,2,1,1,211,Low Priority,P5 - Minimal Effort,0.0,0.0
15084,380,2,965.2,600,2,2,3,223,Low Priority,P5 - Minimal Effort,0.0,0.0
15085,730,1,347.54,169,1,1,2,112,Low Priority,P5 - Minimal Effort,0.0,0.0
15086,565,2,218.53,95,1,2,1,121,Low Priority,P5 - Minimal Effort,0.0,0.0
15087,282,1,306.94,470,2,1,2,212,Low Priority,P5 - Minimal Effort,0.0,0.0
15088,21,2,1160.07,460,4,2,3,423,Low Priority,P5 - Minimal Effort,0.0,0.0
15089,10,6,2420.84,1359,5,4,4,544,VIP Loyal,P2 - Maintain Loyalty,0.1,242.08400000000003
15090,308,1,381.32,208,2,1,2,212,Low Priority,P5 - Minimal Effort,0.0,0.0
15091,68,3,1046.6100000000001,582,3,3,3,333,Growth Potential,P3 - Upsell Opportunity,0.15,156.9915
15092,215,3,776.46,230,2,3,3,233,Growth Potential,P3 - Upsell Opportunity,0.15,116.469
15093,18,23,14326.11,11657,5,5,5,555,VIP Loyal,P2 - Maintain Loyalty,0.1,1432.611
15094,463,2,83.0,28,1,2,1,121,Low Priority,P5 - Minimal Effort,0.0,0.0
15095,104,10,3141.64,2233,3,5,5,355,Growth Potential,P3 - Upsell Opportunity,0.15,471.246
15096,43,1,219.39000000000001,120,4,1,1,411,New/Low Spend Active,P4 - Nurture,0.05,10.969500000000002
15097,4,3,908.35,424,5,3,3,533,Growth Potential,P3 - Upsell Opportunity,0.15,136.2525
15098,182,3,39916.5,121,3,3,5,335,Growth Potential,P3 - Upsell Opportunity,0.15,5987.474999999999
15099,84,1,410.48,343,3,1,2,312,Low Priority,P5 - Minimal Effort,0.0,0.0
15100,334,7,2894.7,334,2,4,4,244,High Value At Risk,P1 - Immediate Retention,0.35,1013.1449999999999
15101,9,6,1477.94,676,5,4,4,544,VIP Loyal,P2 - Maintain Loyalty,0.1,147.794
15102,531,2,554.67,339,1,2,2,122,Low Priority,P5 - Minimal Effort,0.0,0.0
15103,31,2,703.36,329,4,2,3,423,Low Priority,P5 - Minimal Effort,0.0,0.0
15104,197,2,1027.44,637,2,2,3,223,Low Priority,P5 - Minimal Effort,0.0,0.0
15105,18,9,3094.91,1747,5,5,5,555,VIP Loyal,P2 - Maintain Loyalty,0.1,309.491
15106,18,5,1422.52,1181,5,4,4,544,VIP Loyal,P2 - Maintain Loyalty,0.1,142.252
15107,311,9,940.35,356,2,5,3,253,Growth Potential,P3 - Upsell Opportunity,0.15,141.0525
15108,142,4,1300.25,499,3,3,4,334,Growth Potential,P3 - Upsell Opportunity,0.15,195.0375
15109,246,3,983.1,258,2,3,3,233,Growth Potential,P3 - Upsell Opportunity,0.15,147.465
15110,24,6,1505.8500000000001,337,4,4,4,444,VIP Loyal,P2 - Maintain Loyalty,0.1,150.585
15111,29,5,2730.87,1164,4,4,4,444,VIP Loyal,P2 - Maintain Loyalty,0.1,273.087
15112,611,1,209.4,72,1,1,1,111,Low Priority,P5 - Minimal Effort,0.0,0.0
15113,10,3,3609.33,2386,5,3,5,535,VIP Loyal,P2 - Maintain Loyalty,0.1,360.933
15114,30,12,3400.12,3532,4,5,5,455,VIP Loyal,P2 - Maintain Loyalty,0.1,340.012
15115,18,2,531.85,245,5,2,2,522,New/Low Spend Active,P4 - Nurture,0.05,26.5925
15116,18,4,1352.75,648,5,3,4,534,VIP Loyal,P2 - Maintain Loyalty,0.1,135.275
15117,15,8,2485.9700000000003,3093,5,4,4,544,VIP Loyal,P2 - Maintain Loyalty,0.1,248.59700000000004
15118,134,1,244.8,1440,3,1,1,311,Low Priority,P5 - Minimal Effort,0.0,0.0
15119,246,1,266.4,88,2,1,1,211,Low Priority,P5 - Minimal Effort,0.0,0.0
15120,134,1,358.82,296,3,1,2,312,Low Priority,P5 - Minimal Effort,0.0,0.0
15121,50,2,457.72,199,4,2,2,422,New/Low Spend Active,P4 - Nurture,0.05,22.886000000000003
15122,114,11,4497.47,2045,3,5,5,355,Growth Potential,P3 - Upsell Opportunity,0.15,674.6205
15123,7,5,4656.17,2524,5,4,5,545,VIP Loyal,P2 - Maintain Loyalty,0.1,465.617
15124,23,4,450.82,462,4,3,2,432,New/Low Spend Active,P4 - Nurture,0.05,22.541
15125,25,24,17024.87,8433,4,5,5,455,VIP Loyal,P2 - Maintain Loyalty,0.1,1702.487
15126,537,2,449.49,273,1,2,2,122,Low Priority,P5 - Minimal Effort,0.0,0.0
15127,66,2,711.5,464,3,2,3,323,Low Priority,P5 - Minimal Effort,0.0,0.0
15128,60,5,1783.68,1583,3,4,4,344,Growth Potential,P3 - Upsell Opportunity,0.15,267.552
15129,50,23,6860.18,4002,4,5,5,455,VIP Loyal,P2 - Maintain Loyalty,0.1,686.018
15130,170,1,330.11,197,3,1,2,312,Low Priority,P5 - Minimal Effort,0.0,0.0
15131,395,1,80.28,88,2,1,1,211,Low Priority,P5 - Minimal Effort,0.0,0.0
15132,18,5,977.9300000000001,679,5,4,3,543,Growth Potential,P3 - Upsell Opportunity,0.15,146.6895
15133,128,5,1806.9,960,3,4,4,344,Growth Potential,P3 - Upsell Opportunity,0.15,271.035
15134,15,10,1596.29,1057,5,5,4,554,VIP Loyal,P2 - Maintain Loyalty,0.1,159.62900000000002
15135,239,2,305.68,84,2,2,2,222,Low Priority,P5 - Minimal Effort,0.0,0.0
15136,3,4,1286.7,776,5,3,4,534,VIP Loyal,P2 - Maintain Loyalty,0.1,128.67000000000002
15137,521,2,823.4,596,1,2,3,123,Low Priority,P5 - Minimal Effort,0.0,0.0
15138,394,1,502.52,300,2,1,2,212,Low Priority,P5 - Minimal Effort,0.0,0.0
15139,240,2,178.96,208,2,2,1,221,Low Priority,P5 - Minimal Effort,0.0,0.0
15140,52,8,3243.69,2010,4,4,5,445,VIP Loyal,P2 - Maintain Loyalty,0.1,324.369
15141,458,7,1388.47,1197,1,4,4,144,High Value At Risk,P1 - Immediate Retention,0.35,485.9645
15142,46,6,2619.92,2155,4,4,4,444,VIP Loyal,P2 - Maintain Loyalty,0.1,261.992
15143,226,2,563.63,320,2,2,2,222,Low Priority,P5 - Minimal Effort,0.0,0.0
15144,8,29,12160.31,5251,5,5,5,555,VIP Loyal,P2 - Maintain Loyalty,0.1,1216.031
15145,4,4,1194.73,756,5,3,3,533,Growth Potential,P3 - Upsell Opportunity,0.15,179.2095
15146,165,2,1327.16,1473,3,2,4,324,Low Priority,P5 - Minimal Effort,0.0,0.0
15147,240,1,623.5,366,2,1,3,213,Low Priority,P5 - Minimal Effort,0.0,0.0
15148,11,1,301.29,187,5,1,2,512,New/Low Spend Active,P4 - Nurture,0.05,15.064500000000002
15149,134,5,1554.6100000000001,380,3,4,4,344,Growth Potential,P3 - Upsell Opportunity,0.15,233.19150000000002
15150,17,13,9001.08,6183,5,5,5,555,VIP Loyal,P2 - Maintain Loyalty,0.1,900.1080000000001
15151,423,2,2085.61,795,1,2,4,124,High Value At Risk,P1 - Immediate Retention,0.35,729.9635
15152,10,14,5263.83,2994,5,5,5,555,VIP Loyal,P2 - Maintain Loyalty,0.1,526.383
15153,31,1,329.25,198,4,1,2,412,New/Low Spend Active,P4 - Nurture,0.05,16.462500000000002
15154,75,3,1388.41,349,3,3,4,334,Growth Potential,P3 - Upsell Opportunity,0.15,208.2615
15155,383,1,383.96999999999997,192,2,1,2,212,Low Priority,P5 - Minimal Effort,0.0,0.0
15156,1,3,961.49,597,5,3,3,533,Growth Potential,P3 - Upsell Opportunity,0.15,144.2235
15157,4,5,2654.11,3466,5,4,4,544,VIP Loyal,P2 - Maintain Loyalty,0.1,265.411
15158,45,2,606.02,219,4,2,2,422,New/Low Spend Active,P4 - Nurture,0.05,30.301000000000002
15159,2,34,22116.73,13512,5,5,5,555,VIP Loyal,P2 - Maintain Loyalty,0.1,2211.6730000000002
15160,357,4,589.27,307,2,3,2,232,Low Priority,P5 - Minimal Effort,0.0,0.0
15161,388,1,119.92,144,2,1,1,211,Low Priority,P5 - Minimal Effort,0.0,0.0
15162,731,1,312.9,74,1,1,2,112,Low Priority,P5 - Minimal Effort,0.0,0.0
15163,18,2,304.47,186,5,2,2,522,New/Low Spend Active,P4 - Nurture,0.05,15.223500000000001
15164,69,9,2068.92,931,3,5,4,354,Growth Potential,P3 - Upsell Opportunity,0.15,310.338
15165,373,1,975.5,320,2,1,3,213,Low Priority,P5 - Minimal Effort,0.0,0.0
15166,468,1,167.16,140,1,1,1,111,Low Priority,P5 - Minimal Effort,0.0,0.0
15167,321,5,1659.67,872,2,4,4,244,High Value At Risk,P1 - Immediate Retention,0.35,580.8845
15168,26,1,106.56,52,4,1,1,411,New/Low Spend Active,P4 - Nurture,0.05,5.328
15169,382,2,569.22,356,2,2,2,222,Low Priority,P5 - Minimal Effort,0.0,0.0
15170,407,1,81.15,33,2,1,1,211,Low Priority,P5 - Minimal Effort,0.0,0.0
15171,331,1,1289.5,290,2,1,4,214,High Value At Risk,P1 - Immediate Retention,0.35,451.325
15172,9,5,1624.05,1611,5,4,4,544,VIP Loyal,P2 - Maintain Loyalty,0.1,162.405
15173,381,7,1494.6,840,2,4,4,244,High Value At Risk,P1 - Immediate Retention,0.35,523.1099999999999
15174,323,2,481.46,382,2,2,2,222,Low Priority,P5 - Minimal Effort,0.0,0.0
15175,72,1,224.14,454,3,1,1,311,Low Priority,P5 - Minimal Effort,0.0,0.0
15176,668,1,988.04,448,1,1,3,113,Low Priority,P5 - Minimal Effort,0.0,0.0
15177,426,1,948.93,485,1,1,3,113,Low Priority,P5 - Minimal Effort,0.0,0.0
15178,260,1,40.5,30,2,1,1,211,Low Priority,P5 - Minimal Effort,0.0,0.0
15179,18,13,7491.92,5416,5,5,5,555,VIP Loyal,P2 - Maintain Loyalty,0.1,749.192
15180,367,3,904.4300000000001,690,2,3,3,233,Growth Potential,P3 - Upsell Opportunity,0.15,135.6645
15181,66,5,1200.2,688,3,4,3,343,Growth Potential,P3 - Upsell Opportunity,0.15,180.03
15182,154,11,2998.952,1186,3,5,5,355,Growth Potential,P3 - Upsell Opportunity,0.15,449.8428
15183,548,3,639.93,297,1,3,3,133,Growth Potential,P3 - Upsell Opportunity,0.15,95.98949999999999
15184,29,4,689.95,486,4,3,3,433,Growth Potential,P3 - Upsell Opportunity,0.15,103.4925
15185,70,1,310.62,666,3,1,2,312,Low Priority,P5 - Minimal Effort,0.0,0.0
15186,14,5,1403.2,716,5,4,4,544,VIP Loyal,P2 - Maintain Loyalty,0.1,140.32000000000002
15187,2,16,4777.18,1887,5,5,5,555,VIP Loyal,P2 - Maintain Loyalty,0.1,477.7180000000001
15188,725,1,310.43,233,1,1,2,112,Low Priority,P5 - Minimal Effort,0.0,0.0
15189,1,46,17524.38,6902,5,5,5,555,VIP Loyal,P2 - Maintain Loyalty,0.1,1752.438
15190,434,1,834.4399999999999,790,1,1,3,113,Low Priority,P5 - Minimal Effort,0.0,0.0
15191,463,3,588.05,287,1,3,2,132,Low Priority,P5 - Minimal Effort,0.0,0.0
15192,120,5,1981.39,1644,3,4,4,344,Growth Potential,P3 - Upsell Opportunity,0.15,297.2085
15193,61,1,499.32,144,3,1,2,312,Low Priority,P5 - Minimal Effort,0.0,0.0
15194,3,28,12427.69,9169,5,5,5,555,VIP Loyal,P2 - Maintain Loyalty,0.1,1242.7690000000002
15195,3,1,3861.0,1404,5,1,5,515,VIP Loyal,P2 - Maintain Loyalty,0.1,386.1
15196,433,2,316.25,131,1,2,2,122,Low Priority,P5 - Minimal Effort,0.0,0.0
15197,11,6,1877.51,1058,5,4,4,544,VIP Loyal,P2 - Maintain Loyalty,0.1,187.751
15198,92,5,571.35,327,3,4,2,342,Low Priority,P5 - Minimal Effort,0.0,0.0
15199,59,10,3122.4,894,4,5,5,455,VIP Loyal,P2 - Maintain Loyalty,0.1,312.24
15200,495,1,549.05,195,1,1,2,112,Low Priority,P5 - Minimal Effort,0.0,0.0
15201,87,7,1842.95,1660,3,4,4,344,Growth Potential,P3 - Upsell Opportunity,0.15,276.4425
15202,420,3,6001.49,3,1,3,5,135,High Value At Risk,P1 - Immediate Retention,0.35,2100.5215
15203,26,15,4400.18,4182,4,5,5,455,VIP Loyal,P2 - Maintain Loyalty,0.1,440.01800000000003
15204,357,1,316.58,258,2,1,2,212,Low Priority,P5 - Minimal Effort,0.0,0.0
15205,85,2,653.24,378,3,2,3,323,Low Priority,P5 - Minimal Effort,0.0,0.0
15206,10,4,420.29999999999995,162,5,3,2,532,New/Low Spend Active,P4 - Nurture,0.05,21.015
15207,416,3,683.9200000000001,428,1,3,3,133,Growth Potential,P3 - Upsell Opportunity,0.15,102.58800000000001
15208,1,6,970.52,356,5,4,3,543,Growth Potential,P3 - Upsell Opportunity,0.15,145.578
15209,730,1,178.98000000000002,94,1,1,1,111,Low Priority,P5 - Minimal Effort,0.0,0.0
15210,225,3,1176.19,841,2,3,3,233,Growth Potential,P3 - Upsell Opportunity,0.15,176.4285
15211,60,2,1277.48,357,3,2,4,324,Low Priority,P5 - Minimal Effort,0.0,0.0
15212,241,2,208.28,84,2,2,1,221,Low Priority,P5 - Minimal Effort,0.0,0.0
15213,319,2,328.35,272,2,2,2,222,Low Priority,P5 - Minimal Effort,0.0,0.0
15214,2,8,1661.44,1254,5,4,4,544,VIP Loyal,P2 - Maintain Loyalty,0.1,166.144
15215,47,7,2422.43,776,4,4,4,444,VIP Loyal,P2 - Maintain Loyalty,0.1,242.243
15216,88,2,486.09,217,3,2,2,322,Low Priority,P5 - Minimal Effort,0.0,0.0
15217,563,1,426.24,190,1,1,2,112,Low Priority,P5 - Minimal Effort,0.0,0.0
15218,11,22,11516.57,6553,5,5,5,555,VIP Loyal,P2 - Maintain Loyalty,0.1,1151.657
15219,176,2,685.45,271,3,2,3,323,Low Priority,P5 - Minimal Effort,0.0,0.0
15220,52,6,1778.96,1393,4,4,4,444,VIP Loyal,P2 - Maintain Loyalty,0.1,177.89600000000002
15221,366,4,2465.4500000000003,287,2,3,4,234,High Value At Risk,P1 - Immediate Retention,0.35,862.9075
15222,319,11,3550.91,4458,2,5,5,255,High Value At Risk,P1 - Immediate Retention,0.35,1242.8184999999999
15223,226,5,1417.95,385,2,4,4,244,High Value At Risk,P1 - Immediate Retention,0.35,496.28249999999997
15224,358,5,871.36,443,2,4,3,243,Growth Potential,P3 - Upsell Opportunity,0.15,130.704
15225,234,1,409.40000000000003,226,2,1,2,212,Low Priority,P5 - Minimal Effort,0.0,0.0
15226,311,1,154.41,71,2,1,1,211,Low Priority,P5 - Minimal Effort,0.0,0.0
15227,37,9,2488.4900000000002,1217,4,5,4,454,VIP Loyal,P2 - Maintain Loyalty,0.1,248.84900000000005
15228,66,6,5580.2699999999995,3375,3,4,5,345,Growth Potential,P3 - Upsell Opportunity,0.15,837.0405
15229,586,1,160.5,114,1,1,1,111,Low Priority,P5 - Minimal Effort,0.0,0.0
15230,239,2,429.6,351,2,2,2,222,Low Priority,P5 - Minimal Effort,0.0,0.0
15231,621,1,250.26,190,1,1,1,111,Low Priority,P5 - Minimal Effort,0.0,0.0
15232,113,2,612.06,686,3,2,2,322,Low Priority,P5 - Minimal Effort,0.0,0.0
15233,401,1,59.400000000000006,12,2,1,1,211,Low Priority,P5 - Minimal Effort,0.0,0.0
15234,277,1,197.0,196,2,1,1,211,Low Priority,P5 - Minimal Effort,0.0,0.0
15235,218,16,2937.81,1735,2,5,4,254,High Value At Risk,P1 - Immediate Retention,0.35,1028.2334999999998
15236,299,1,321.05,269,2,1,2,212,Low Priority,P5 - Minimal Effort,0.0,0.0
15237,2,4,1412.32,1071,5,3,4,534,VIP Loyal,P2 - Maintain Loyalty,0.1,141.232
15238,29,3,1071.99,692,4,3,3,433,Growth Potential,P3 - Upsell Opportunity,0.15,160.7985
15239,10,2,780.59,594,5,2,3,523,Low Priority,P5 - Minimal Effort,0.0,0.0
15240,45,12,4459.98,3214,4,5,5,455,VIP Loyal,P2 - Maintain Loyalty,0.1,445.998
15241,67,11,3050.16,3328,3,5,5,355,Growth Potential,P3 - Upsell Opportunity,0.15,457.52399999999994
15242,422,1,302.04,196,1,1,2,112,Low Priority,P5 - Minimal Effort,0.0,0.0
15243,74,2,927.2800000000001,543,3,2,3,323,Low Priority,P5 - Minimal Effort,0.0,0.0
15244,65,3,912.08,472,3,3,3,333,Growth Potential,P3 - Upsell Opportunity,0.15,136.812
15245,134,8,4610.84,3021,3,4,5,345,Growth Potential,P3 - Upsell Opportunity,0.15,691.626
15246,238,3,780.4,359,2,3,3,233,Growth Potential,P3 - Upsell Opportunity,0.15,117.05999999999999
15247,122,3,976.06,514,3,3,3,333,Growth Potential,P3 - Upsell Opportunity,0.15,146.409
15248,411,3,1893.93,1065,1,3,4,134,High Value At Risk,P1 - Immediate Retention,0.35,662.8755
15249,32,18,9266.0,4980,4,5,5,455,VIP Loyal,P2 - Maintain Loyalty,0.1,926.6
15250,641,1,60.0,48,1,1,1,111,Low Priority,P5 - Minimal Effort,0.0,0.0
15251,9,21,20324.54,12108,5,5,5,555,VIP Loyal,P2 - Maintain Loyalty,0.1,2032.4540000000002
15252,36,5,2103.41,1430,4,4,4,444,VIP Loyal,P2 - Maintain Loyalty,0.1,210.341
15253,16,8,2055.09,1588,5,4,4,544,VIP Loyal,P2 - Maintain Loyalty,0.1,205.50900000000001
15254,127,3,1088.35,711,3,3,3,333,Growth Potential,P3 - Upsell Opportunity,0.15,163.25249999999997
15255,67,9,3729.42,2226,3,5,5,355,Growth Potential,P3 - Upsell Opportunity,0.15,559.413
15256,149,2,170.4,92,3,2,1,321,Low Priority,P5 - Minimal Effort,0.0,0.0
15257,283,2,685.9,71,2,2,3,223,Low Priority,P5 - Minimal Effort,0.0,0.0
15258,169,2,623.16,142,3,2,3,323,Low Priority,P5 - Minimal Effort,0.0,0.0
15259,513,4,1182.3799999999999,631,1,3,3,133,Growth Potential,P3 - Upsell Opportunity,0.15,177.35699999999997
15260,100,25,9188.23,4722,3,5,5,355,Growth Potential,P3 - Upsell Opportunity,0.15,1378.2344999999998
15261,135,4,1508.0,806,3,3,4,334,Growth Potential,P3 - Upsell Opportunity,0.15,226.2
15262,324,3,418.82,218,2,3,2,232,Low Priority,P5 - Minimal Effort,0.0,0.0
15263,107,1,156.51,89,3,1,1,311,Low Priority,P5 - Minimal Effort,0.0,0.0
15264,64,2,848.4,443,3,2,3,323,Low Priority,P5 - Minimal Effort,0.0,0.0
15265,151,4,3345.64,1570,3,3,5,335,Growth Potential,P3 - Upsell Opportunity,0.15,501.84599999999995
15266,338,5,852.21,236,2,4,3,243,Growth Potential,P3 - Upsell Opportunity,0.15,127.8315
15267,22,5,1717.36,944,4,4,4,444,VIP Loyal,P2 - Maintain Loyalty,0.1,171.736
15268,479,3,961.9000000000001,428,1,3,3,133,Growth Potential,P3 - Upsell Opportunity,0.15,144.285
15269,24,3,1225.3600000000001,372,4,3,3,433,Growth Potential,P3 - Upsell Opportunity,0.15,183.804
15270,16,21,8524.86,4010,5,5,5,555,VIP Loyal,P2 - Maintain Loyalty,0.1,852.4860000000001
15271,7,24,4709.54,2524,5,5,5,555,VIP Loyal,P2 - Maintain Loyalty,0.1,470.954
15272,57,6,2085.48,687,4,4,4,444,VIP Loyal,P2 - Maintain Loyalty,0.1,208.548
15273,600,1,228.96,216,1,1,1,111,Low Priority,P5 - Minimal Effort,0.0,0.0
15274,4,2,716.57,619,5,2,3,523,Low Priority,P5 - Minimal Effort,0.0,0.0
15275,38,1,615.14,498,4,1,2,412,New/Low Spend Active,P4 - Nurture,0.05,30.757
15276,66,4,649.53,331,3,3,3,333,Growth Potential,P3 - Upsell Opportunity,0.15,97.42949999999999
15277,47,2,476.34,373,4,2,2,422,New/Low Spend Active,P4 - Nurture,0.05,23.817
15278,562,4,496.15999999999997,458,1,3,2,132,Low Priority,P5 - Minimal Effort,0.0,0.0
15279,355,5,1580.54,802,2,4,4,244,High Value At Risk,P1 - Immediate Retention,0.35,553.189
15280,172,3,406.21999999999997,513,3,3,2,332,Low Priority,P5 - Minimal Effort,0.0,0.0
15281,59,16,8543.57,5233,4,5,5,455,VIP Loyal,P2 - Maintain Loyalty,0.1,854.357
15282,570,1,348.59,395,1,1,2,112,Low Priority,P5 - Minimal Effort,0.0,0.0
15283,390,3,148.33,27,2,3,1,231,Low Priority,P5 - Minimal Effort,0.0,0.0
15284,500,1,24.75,5,1,1,1,111,Low Priority,P5 - Minimal Effort,0.0,0.0
15285,408,1,94.92,120,2,1,1,211,Low Priority,P5 - Minimal Effort,0.0,0.0
15286,50,1,240.55,55,4,1,1,411,New/Low Spend Active,P4 - Nurture,0.05,12.027500000000002
15287,22,5,856.03,1010,4,4,3,443,Growth Potential,P3 - Upsell Opportunity,0.15,128.40449999999998
15288,43,10,3883.13,1404,4,5,5,455,VIP Loyal,P2 - Maintain Loyalty,0.1,388.31300000000005
15289,29,5,1593.09,1627,4,4,4,444,VIP Loyal,P2 - Maintain Loyalty,0.1,159.309
15290,5,26,10496.28,6567,5,5,5,555,VIP Loyal,P2 - Maintain Loyalty,0.1,1049.6280000000002
15291,26,40,13846.56,5017,4,5,5,455,VIP Loyal,P2 - Maintain Loyalty,0.1,1384.656
15292,201,1,180.94,56,2,1,1,211,Low Priority,P5 - Minimal Effort,0.0,0.0
15293,666,1,247.5,178,1,1,1,111,Low Priority,P5 - Minimal Effort,0.0,0.0
15294,411,1,233.35,97,1,1,1,111,Low Priority,P5 - Minimal Effort,0.0,0.0
15295,654,1,217.23999999999998,151,1,1,1,111,Low Priority,P5 - Minimal Effort,0.0,0.0
15296,51,12,10342.83,5464,4,5,5,455,VIP Loyal,P2 - Maintain Loyalty,0.1,1034.2830000000001
15297,10,3,641.94,292,5,3,3,533,Growth Potential,P3 - Upsell Opportunity,0.15,96.29100000000001
15298,2,23,9459.37,6286,5,5,5,555,VIP Loyal,P2 - Maintain Loyalty,0.1,945.9370000000001
15299,67,10,7991.54,5453,3,5,5,355,Growth Potential,P3 - Upsell Opportunity,0.15,1198.731
15300,64,1,496.44,292,3,1,2,312,Low Priority,P5 - Minimal Effort,0.0,0.0
15301,51,17,7603.4400000000005,4290,4,5,5,455,VIP Loyal,P2 - Maintain Loyalty,0.1,760.344
15302,730,1,308.0,102,1,1,2,112,Low Priority,P5 - Minimal Effort,0.0,0.0
15303,290,3,1224.18,514,2,3,3,233,Growth Potential,P3 - Upsell Opportunity,0.15,183.627
15304,61,9,919.5500000000001,133,3,5,3,353,Growth Potential,P3 - Upsell Opportunity,0.15,137.9325
15305,555,1,93.6,40,1,1,1,111,Low Priority,P5 - Minimal Effort,0.0,0.0
15306,64,9,3484.73,3074,3,5,5,355,Growth Potential,P3 - Upsell Opportunity,0.15,522.7094999999999
15307,96,1,205.3,37,3,1,1,311,Low Priority,P5 - Minimal Effort,0.0,0.0
15308,274,1,310.47,175,2,1,2,212,Low Priority,P5 - Minimal Effort,0.0,0.0
15309,611,4,797.96,440,1,3,3,133,Growth Potential,P3 - Upsell Opportunity,0.15,119.694
15310,479,1,1634.64,1476,1,1,4,114,High Value At Risk,P1 - Immediate Retention,0.35,572.124
15311,1,208,116771.16,71010,5,5,5,555,VIP Loyal,P2 - Maintain Loyalty,0.1,11677.116000000002
15312,75,12,2930.19,1693,3,5,4,354,Growth Potential,P3 - Upsell Opportunity,0.15,439.5285
15313,110,1,52.0,25,3,1,1,311,Low Priority,P5 - Minimal Effort,0.0,0.0
15314,199,3,820.4499999999999,750,2,3,3,233,Growth Potential,P3 - Upsell Opportunity,0.15,123.06749999999998
15315,64,2,570.5,862,3,2,2,322,Low Priority,P5 - Minimal Effort,0.0,0.0
15316,327,1,165.0,100,2,1,1,211,Low Priority,P5 - Minimal Effort,0.0,0.0
15317,677,1,129.75,45,1,1,1,111,Low Priority,P5 - Minimal Effort,0.0,0.0
15318,4,1,312.62,642,5,1,2,512,New/Low Spend Active,P4 - Nurture,0.05,15.631
15319,284,1,204.5,175,2,1,1,211,Low Priority,P5 - Minimal Effort,0.0,0.0
15320,44,1,267.13,326,4,1,1,411,New/Low Spend Active,P4 - Nurture,0.05,13.3565
15321,71,12,6709.7300000000005,3653,3,5,5,355,Growth Potential,P3 - Upsell Opportunity,0.15,1006.4595
15322,86,2,1390.86,971,3,2,4,324,Low Priority,P5 - Minimal Effort,0.0,0.0
15323,563,3,434.6,188,1,3,2,132,Low Priority,P5 - Minimal Effort,0.0,0.0
15324,701,1,140.22000000000003,74,1,1,1,111,Low Priority,P5 - Minimal Effort,0.0,0.0
15325,104,8,1602.01,1383,3,4,4,344,Growth Potential,P3 - Upsell Opportunity,0.15,240.30149999999998
15326,334,5,1700.52,1351,2,4,4,244,High Value At Risk,P1 - Immediate Retention,0.35,595.1819999999999
15327,53,1,208.75,116,4,1,1,411,New/Low Spend Active,P4 - Nurture,0.05,10.4375
15328,408,1,107.24,88,2,1,1,211,Low Priority,P5 - Minimal Effort,0.0,0.0
15329,39,11,2984.33,1219,4,5,5,455,VIP Loyal,P2 - Maintain Loyalty,0.1,298.433
15330,32,2,714.96,1312,4,2,3,423,Low Priority,P5 - Minimal Effort,0.0,0.0
15331,500,3,767.91,701,1,3,3,133,Growth Potential,P3 - Upsell Opportunity,0.15,115.1865
15332,366,6,6553.74,2958,2,4,5,245,High Value At Risk,P1 - Immediate Retention,0.35,2293.8089999999997
15333,208,1,1028.56,344,2,1,3,213,Low Priority,P5 - Minimal Effort,0.0,0.0
15334,157,3,351.67,274,3,3,2,332,Low Priority,P5 - Minimal Effort,0.0,0.0
15335,54,1,173.97,80,4,1,1,411,New/Low Spend Active,P4 - Nurture,0.05,8.698500000000001
15336,402,1,240.5,84,2,1,1,211,Low Priority,P5 - Minimal Effort,0.0,0.0
15337,411,1,373.02,200,1,1,2,112,Low Priority,P5 - Minimal Effort,0.0,0.0
15338,677,1,283.43,150,1,1,1,111,Low Priority,P5 - Minimal Effort,0.0,0.0
15339,66,7,1827.84,1143,3,4,4,344,Growth Potential,P3 - Upsell Opportunity,0.15,274.176
15340,562,1,105.5,76,1,1,1,111,Low Priority,P5 - Minimal Effort,0.0,0.0
15341,81,2,2402.7200000000003,1008,3,2,4,324,Low Priority,P5 - Minimal Effort,0.0,0.0
15342,130,1,406.09,283,3,1,2,312,Low Priority,P5 - Minimal Effort,0.0,0.0
15343,87,1,364.5,84,3,1,2,312,Low Priority,P5 - Minimal Effort,0.0,0.0
15344,1,3,563.94,116,5,3,2,532,New/Low Spend Active,P4 - Nurture,0.05,28.197000000000003
15345,46,1,393.54,81,4,1,2,412,New/Low Spend Active,P4 - Nurture,0.05,19.677000000000003
15346,333,3,596.12,260,2,3,2,232,Low Priority,P5 - Minimal Effort,0.0,0.0
15347,366,4,1363.6,672,2,3,4,234,High Value At Risk,P1 - Immediate Retention,0.35,477.25999999999993
15348,72,1,158.04,84,3,1,1,311,Low Priority,P5 - Minimal Effort,0.0,0.0
15349,158,2,473.81,327,3,2,2,322,Low Priority,P5 - Minimal Effort,0.0,0.0
15350,373,2,663.25,323,2,2,3,223,Low Priority,P5 - Minimal Effort,0.0,0.0
15351,12,10,3738.29,1491,5,5,5,555,VIP Loyal,P2 - Maintain Loyalty,0.1,373.829
15352,549,1,114.95,43,1,1,1,111,Low Priority,P5 - Minimal Effort,0.0,0.0
15353,255,7,3175.95,1551,2,4,5,245,High Value At Risk,P1 - Immediate Retention,0.35,1111.5824999999998
15354,603,3,284.4,3,1,3,1,131,Low Priority,P5 - Minimal Effort,0.0,0.0
15355,29,2,277.05,45,4,2,1,421,New/Low Spend Active,P4 - Nurture,0.05,13.852500000000001
15356,31,13,3464.95,2015,4,5,5,455,VIP Loyal,P2 - Maintain Loyalty,0.1,346.495
15358,5,42,17050.41,15378,5,5,5,555,VIP Loyal,P2 - Maintain Loyalty,0.1,1705.0410000000002
15359,663,8,181.35,145,1,4,1,141,Low Priority,P5 - Minimal Effort,0.0,0.0
15360,40,1,427.93,223,4,1,2,412,New/Low Spend Active,P4 - Nurture,0.05,21.396500000000003
15361,362,4,689.07,373,2,3,3,233,Growth Potential,P3 - Upsell Opportunity,0.15,103.3605
15362,449,2,613.08,368,1,2,2,122,Low Priority,P5 - Minimal Effort,0.0,0.0
15363,373,2,1004.11,527,2,2,3,223,Low Priority,P5 - Minimal Effort,0.0,0.0
15364,96,2,913.19,493,3,2,3,323,Low Priority,P5 - Minimal Effort,0.0,0.0
15365,26,13,4557.13,2131,4,5,5,455,VIP Loyal,P2 - Maintain Loyalty,0.1,455.713
15366,75,7,2389.08,2447,3,4,4,344,Growth Potential,P3 - Upsell Opportunity,0.15,358.36199999999997
15367,57,11,5081.33,2944,4,5,5,455,VIP Loyal,P2 - Maintain Loyalty,0.1,508.13300000000004
15368,21,2,722.74,406,4,2,3,423,Low Priority,P5 - Minimal Effort,0.0,0.0
15369,492,11,6251.26,3288,1,5,5,155,High Value At Risk,P1 - Immediate Retention,0.35,2187.941
15370,41,8,3739.01,1397,4,4,5,445,VIP Loyal,P2 - Maintain Loyalty,0.1,373.90100000000007
15371,662,1,59.400000000000006,12,1,1,1,111,Low Priority,P5 - Minimal Effort,0.0,0.0
15372,137,8,6017.06,6410,3,4,5,345,Growth Potential,P3 - Upsell Opportunity,0.15,902.5590000000001
15373,8,17,3421.39,769,5,5,5,555,VIP Loyal,P2 - Maintain Loyalty,0.1,342.139
15374,129,2,307.32,290,3,2,2,322,Low Priority,P5 - Minimal Effort,0.0,0.0
15375,690,1,60.959999999999994,84,1,1,1,111,Low Priority,P5 - Minimal Effort,0.0,0.0
15376,40,3,1233.3600000000001,619,4,3,3,433,Growth Potential,P3 - Upsell Opportunity,0.15,185.00400000000002
15377,383,4,1211.75,253,2,3,3,233,Growth Potential,P3 - Upsell Opportunity,0.15,181.7625
15378,463,2,246.5,130,1,2,1,121,Low Priority,P5 - Minimal Effort,0.0,0.0
15379,169,8,4877.84,3000,3,4,5,345,Growth Potential,P3 - Upsell Opportunity,0.15,731.676
15380,9,11,3479.0600000000004,1032,5,5,5,555,VIP Loyal,P2 - Maintain Loyalty,0.1,347.90600000000006
15381,214,5,1890.5700000000002,802,2,4,4,244,High Value At Risk,P1 - Immediate Retention,0.35,661.6995000000001
15382,15,12,13733.550000000001,9178,5,5,5,555,VIP Loyal,P2 - Maintain Loyalty,0.1,1373.3550000000002
15384,170,4,2027.79,1767,3,3,4,334,Growth Potential,P3 - Upsell Opportunity,0.15,304.1685
15385,40,3,942.08,428,4,3,3,433,Growth Potential,P3 - Upsell Opportunity,0.15,141.312
15386,186,1,394.14,446,3,1,2,312,Low Priority,P5 - Minimal Effort,0.0,0.0
15387,492,1,468.65,335,1,1,2,112,Low Priority,P5 - Minimal Effort,0.0,0.0
15388,270,1,140.54,88,2,1,1,211,Low Priority,P5 - Minimal Effort,0.0,0.0
15389,172,5,2733.8,3940,3,4,4,344,Growth Potential,P3 - Upsell Opportunity,0.15,410.07
15390,396,2,1216.66,894,2,2,3,223,Low Priority,P5 - Minimal Effort,0.0,0.0
15391,584,1,289.87,109,1,1,1,111,Low Priority,P5 - Minimal Effort,0.0,0.0
15392,5,7,2911.62,2144,5,4,4,544,VIP Loyal,P2 - Maintain Loyalty,0.1,291.162
15393,16,5,891.34,378,5,4,3,543,Growth Potential,P3 - Upsell Opportunity,0.15,133.701
15394,10,11,5286.8,2372,5,5,5,555,VIP Loyal,P2 - Maintain Loyalty,0.1,528.6800000000001
15395,326,1,107.45,17,2,1,1,211,Low Priority,P5 - Minimal Effort,0.0,0.0
15396,113,2,796.38,278,3,2,3,323,Low Priority,P5 - Minimal Effort,0.0,0.0
15397,290,1,94.0,20,2,1,1,211,Low Priority,P5 - Minimal Effort,0.0,0.0
15398,16,2,1345.53,769,5,2,4,524,VIP Loyal,P2 - Maintain Loyalty,0.1,134.553
15399,1,3,815.77,611,5,3,3,533,Growth Potential,P3 - Upsell Opportunity,0.15,122.3655
15400,92,8,1302.3,662,3,4,4,344,Growth Potential,P3 - Upsell Opportunity,0.15,195.345
15401,452,2,216.95000000000002,93,1,2,1,121,Low Priority,P5 - Minimal Effort,0.0,0.0
15402,149,6,1830.54,2034,3,4,4,344,Growth Potential,P3 - Upsell Opportunity,0.15,274.58099999999996
15403,492,2,170.88,492,1,2,1,121,Low Priority,P5 - Minimal Effort,0.0,0.0
15404,376,1,257.06,334,2,1,1,211,Low Priority,P5 - Minimal Effort,0.0,0.0
15405,189,2,659.84,348,3,2,3,323,Low Priority,P5 - Minimal Effort,0.0,0.0
15406,31,4,975.87,547,4,3,3,433,Growth Potential,P3 - Upsell Opportunity,0.15,146.38049999999998
15407,34,4,1056.44,558,4,3,3,433,Growth Potential,P3 - Upsell Opportunity,0.15,158.466
15408,264,1,267.18,106,2,1,1,211,Low Priority,P5 - Minimal Effort,0.0,0.0
15409,721,1,131.25,59,1,1,1,111,Low Priority,P5 - Minimal Effort,0.0,0.0
15410,84,10,4685.72,1902,3,5,5,355,Growth Potential,P3 - Upsell Opportunity,0.15,702.8580000000001
15411,26,4,1358.88,530,4,3,4,434,VIP Loyal,P2 - Maintain Loyalty,0.1,135.888
15412,171,1,190.53,108,3,1,1,311,Low Priority,P5 - Minimal Effort,0.0,0.0
15413,692,5,6798.72,2694,1,4,5,145,High Value At Risk,P1 - Immediate Retention,0.35,2379.552
15414,10,3,774.9000000000001,443,5,3,3,533,Growth Potential,P3 - Upsell Opportunity,0.15,116.23500000000001
15415,313,1,572.8100000000001,575,2,1,2,212,Low Priority,P5 - Minimal Effort,0.0,0.0
15416,65,7,4572.82,2420,3,4,5,345,Growth Potential,P3 - Upsell Opportunity,0.15,685.9229999999999
15417,85,1,508.8,284,3,1,2,312,Low Priority,P5 - Minimal Effort,0.0,0.0
15418,425,2,452.32,266,1,2,2,122,Low Priority,P5 - Minimal Effort,0.0,0.0
15419,25,1,135.86,230,4,1,1,411,New/Low Spend Active,P4 - Nurture,0.05,6.793000000000001
15420,434,6,743.0,844,1,4,3,143,Growth Potential,P3 - Upsell Opportunity,0.15,111.45
15421,59,10,3805.34,1927,4,5,5,455,VIP Loyal,P2 - Maintain Loyalty,0.1,380.53400000000005
15422,323,7,1619.97,710,2,4,4,244,High Value At Risk,P1 - Immediate Retention,0.35,566.9895
15423,38,3,266.89,198,4,3,1,431,New/Low Spend Active,P4 - Nurture,0.05,13.3445
15424,254,3,597.78,873,2,3,2,232,Low Priority,P5 - Minimal Effort,0.0,0.0
15425,400,4,1944.57,1042,2,3,4,234,High Value At Risk,P1 - Immediate Retention,0.35,680.5994999999999
15426,19,9,2615.39,1220,5,5,4,554,VIP Loyal,P2 - Maintain Loyalty,0.1,261.539
15427,33,3,1483.14,1013,4,3,4,434,VIP Loyal,P2 - Maintain Loyalty,0.1,148.31400000000002
15428,15,4,762.75,347,5,3,3,533,Growth Potential,P3 - Upsell Opportunity,0.15,114.4125
15429,27,2,397.35,380,4,2,2,422,New/Low Spend Active,P4 - Nurture,0.05,19.867500000000003
15430,468,2,954.75,309,1,2,3,123,Low Priority,P5 - Minimal Effort,0.0,0.0
15431,503,1,153.24,84,1,1,1,111,Low Priority,P5 - Minimal Effort,0.0,0.0
15432,23,2,320.76,92,4,2,2,422,New/Low Spend Active,P4 - Nurture,0.05,16.038
15433,214,2,533.3,534,2,2,2,222,Low Priority,P5 - Minimal Effort,0.0,0.0
15434,8,11,2567.06,1423,5,5,4,554,VIP Loyal,P2 - Maintain Loyalty,0.1,256.706
15435,22,1,149.29,54,4,1,1,411,New/Low Spend Active,P4 - Nurture,0.05,7.4645
15436,12,3,1122.53,613,5,3,3,533,Growth Potential,P3 - Upsell Opportunity,0.15,168.37949999999998
15437,262,2,393.45,177,2,2,2,222,Low Priority,P5 - Minimal Effort,0.0,0.0
15438,131,1,156.57999999999998,59,3,1,1,311,Low Priority,P5 - Minimal Effort,0.0,0.0
15439,405,4,1269.05,572,2,3,4,234,High Value At Risk,P1 - Immediate Retention,0.35,444.16749999999996
15440,55,3,383.68,197,4,3,2,432,New/Low Spend Active,P4 - Nurture,0.05,19.184
15441,396,3,1254.21,587,2,3,4,234,High Value At Risk,P1 - Immediate Retention,0.35,438.9735
15442,249,1,594.0,120,2,1,2,212,Low Priority,P5 - Minimal Effort,0.0,0.0
15443,2,14,5175.93,2735,5,5,5,555,VIP Loyal,P2 - Maintain Loyalty,0.1,517.5930000000001
15444,9,2,1418.26,764,5,2,4,524,VIP Loyal,P2 - Maintain Loyalty,0.1,141.826
15445,264,2,284.5,118,2,2,1,221,Low Priority,P5 - Minimal Effort,0.0,0.0
15446,377,3,406.95,267,2,3,2,232,Low Priority,P5 - Minimal Effort,0.0,0.0
15447,331,5,492.88,228,2,4,2,242,Low Priority,P5 - Minimal Effort,0.0,0.0
15448,313,2,788.81,487,2,2,3,223,Low Priority,P5 - Minimal Effort,0.0,0.0
15449,26,3,974.52,812,4,3,3,433,Growth Potential,P3 - Upsell Opportunity,0.15,146.178
15450,30,1,429.84,376,4,1,2,412,New/Low Spend Active,P4 - Nurture,0.05,21.492
15451,434,2,233.21,79,1,2,1,121,Low Priority,P5 - Minimal Effort,0.0,0.0
15452,30,6,1799.1100000000001,1091,4,4,4,444,VIP Loyal,P2 - Maintain Loyalty,0.1,179.91100000000003
15453,2,7,1388.37,845,5,4,4,544,VIP Loyal,P2 - Maintain Loyalty,0.1,138.837
15454,362,2,307.69,148,2,2,2,222,Low Priority,P5 - Minimal Effort,0.0,0.0
15455,598,1,38.25,3,1,1,1,111,Low Priority,P5 - Minimal Effort,0.0,0.0
15456,283,10,2119.27,2826,2,5,4,254,High Value At Risk,P1 - Immediate Retention,0.35,741.7444999999999
15457,262,1,237.07,132,2,1,1,211,Low Priority,P5 - Minimal Effort,0.0,0.0
15458,25,2,370.43999999999994,300,4,2,2,422,New/Low Spend Active,P4 - Nurture,0.05,18.522
15459,417,2,202.82999999999998,121,1,2,1,121,Low Priority,P5 - Minimal Effort,0.0,0.0
15460,354,1,216.76,109,2,1,1,211,Low Priority,P5 - Minimal Effort,0.0,0.0
15461,461,2,429.7,230,1,2,2,122,Low Priority,P5 - Minimal Effort,0.0,0.0
15462,94,4,737.05,495,3,3,3,333,Growth Potential,P3 - Upsell Opportunity,0.15,110.55749999999999
15463,29,1,126.14,106,4,1,1,411,New/Low Spend Active,P4 - Nurture,0.05,6.307
15464,338,1,1048.85,350,2,1,3,213,Low Priority,P5 - Minimal Effort,0.0,0.0
15465,20,32,12655.65,2769,4,5,5,455,VIP Loyal,P2 - Maintain Loyalty,0.1,1265.565
15466,85,4,1571.01,944,3,3,4,334,Growth Potential,P3 - Upsell Opportunity,0.15,235.6515
15467,9,3,524.88,310,5,3,2,532,New/Low Spend Active,P4 - Nurture,0.05,26.244
15468,51,3,1430.48,1400,4,3,4,434,VIP Loyal,P2 - Maintain Loyalty,0.1,143.048
15469,50,3,874.25,287,4,3,3,433,Growth Potential,P3 - Upsell Opportunity,0.15,131.1375
15470,576,1,63.419999999999995,232,1,1,1,111,Low Priority,P5 - Minimal Effort,0.0,0.0
15471,2,3,1316.56,683,5,3,4,534,VIP Loyal,P2 - Maintain Loyalty,0.1,131.656
15472,113,1,371.56,251,3,1,2,312,Low Priority,P5 - Minimal Effort,0.0,0.0
15473,14,8,2046.0,776,5,4,4,544,VIP Loyal,P2 - Maintain Loyalty,0.1,204.60000000000002
15474,596,1,163.1,56,1,1,1,111,Low Priority,P5 - Minimal Effort,0.0,0.0
15475,77,1,454.10999999999996,319,3,1,2,312,Low Priority,P5 - Minimal Effort,0.0,0.0
15476,380,4,2209.98,1174,2,3,4,234,High Value At Risk,P1 - Immediate Retention,0.35,773.4929999999999
15477,650,1,368.4,216,1,1,2,112,Low Priority,P5 - Minimal Effort,0.0,0.0
15478,40,3,2024.98,904,4,3,4,434,VIP Loyal,P2 - Maintain Loyalty,0.1,202.49800000000002
15479,733,1,147.4,38,1,1,1,111,Low Priority,P5 - Minimal Effort,0.0,0.0
15480,116,5,6279.0,1852,3,4,5,345,Growth Potential,P3 - Upsell Opportunity,0.15,941.8499999999999
15481,401,1,1993.34,1450,2,1,4,214,High Value At Risk,P1 - Immediate Retention,0.35,697.669
15482,16,19,14592.56,6532,5,5,5,555,VIP Loyal,P2 - Maintain Loyalty,0.1,1459.256
15483,161,10,862.2,944,3,5,3,353,Growth Potential,P3 - Upsell Opportunity,0.15,129.33
15484,1,6,4656.0,4076,5,4,5,545,VIP Loyal,P2 - Maintain Loyalty,0.1,465.6
15485,30,7,5771.51,2594,4,4,5,445,VIP Loyal,P2 - Maintain Loyalty,0.1,577.1510000000001
15486,527,1,102.0,40,1,1,1,111,Low Priority,P5 - Minimal Effort,0.0,0.0
15487,680,1,231.32,144,1,1,1,111,Low Priority,P5 - Minimal Effort,0.0,0.0
15488,93,5,431.92,251,3,4,2,342,Low Priority,P5 - Minimal Effort,0.0,0.0
15489,23,8,2419.61,1264,4,4,4,444,VIP Loyal,P2 - Maintain Loyalty,0.1,241.961
15490,430,1,217.6,85,1,1,1,111,Low Priority,P5 - Minimal Effort,0.0,0.0
15491,95,6,3100.09,1646,3,4,5,345,Growth Potential,P3 - Upsell Opportunity,0.15,465.0135
15492,28,2,659.4599999999999,483,4,2,3,423,Low Priority,P5 - Minimal Effort,0.0,0.0
15493,33,9,4314.9800000000005,1260,4,5,5,455,VIP Loyal,P2 - Maintain Loyalty,0.1,431.49800000000005
15494,21,5,3780.05,3097,4,4,5,445,VIP Loyal,P2 - Maintain Loyalty,0.1,378.00500000000005
15495,379,1,246.5,194,2,1,1,211,Low Priority,P5 - Minimal Effort,0.0,0.0
15496,631,1,146.14000000000001,98,1,1,1,111,Low Priority,P5 - Minimal Effort,0.0,0.0
15497,18,9,8657.39,2937,5,5,5,555,VIP Loyal,P2 - Maintain Loyalty,0.1,865.739
15498,3,44,26039.58,12622,5,5,5,555,VIP Loyal,P2 - Maintain Loyalty,0.1,2603.9580000000005
15499,724,1,161.6,60,1,1,1,111,Low Priority,P5 - Minimal Effort,0.0,0.0
15500,8,4,1131.56,572,5,3,3,533,Growth Potential,P3 - Upsell Opportunity,0.15,169.73399999999998
15501,405,2,402.5,206,2,2,2,222,Low Priority,P5 - Minimal Effort,0.0,0.0
15502,16,14,13993.47,5861,5,5,5,555,VIP Loyal,P2 - Maintain Loyalty,0.1,1399.347
15503,363,2,267.15,136,2,2,1,221,Low Priority,P5 - Minimal Effort,0.0,0.0
15504,81,4,423.85,148,3,3,2,332,Low Priority,P5 - Minimal Effort,0.0,0.0
15505,53,5,3610.96,2390,4,4,5,445,VIP Loyal,P2 - Maintain Loyalty,0.1,361.096
15506,23,6,2040.03,1647,4,4,4,444,VIP Loyal,P2 - Maintain Loyalty,0.1,204.00300000000001
15507,172,1,492.36,162,3,1,2,312,Low Priority,P5 - Minimal Effort,0.0,0.0
15508,189,6,1000.27,440,3,4,3,343,Growth Potential,P3 - Upsell Opportunity,0.15,150.04049999999998
15509,380,1,166.51,72,2,1,1,211,Low Priority,P5 - Minimal Effort,0.0,0.0
15510,331,1,250.0,2,2,1,1,211,Low Priority,P5 - Minimal Effort,0.0,0.0
15511,12,5,909.23,271,5,4,3,543,Growth Potential,P3 - Upsell Opportunity,0.15,136.3845
15512,156,4,331.58,235,3,3,2,332,Low Priority,P5 - Minimal Effort,0.0,0.0
15513,33,35,27750.55,10831,4,5,5,455,VIP Loyal,P2 - Maintain Loyalty,0.1,2775.0550000000003
15514,12,18,6598.55,4246,5,5,5,555,VIP Loyal,P2 - Maintain Loyalty,0.1,659.855
15515,387,1,171.81,131,2,1,1,211,Low Priority,P5 - Minimal Effort,0.0,0.0
15516,45,3,62.43,27,4,3,1,431,New/Low Spend Active,P4 - Nurture,0.05,3.1215
15517,233,1,267.03,293,2,1,1,211,Low Priority,P5 - Minimal Effort,0.0,0.0
15518,64,15,4218.94,2823,3,5,5,355,Growth Potential,P3 - Upsell Opportunity,0.15,632.8409999999999
15519,383,2,344.61,116,2,2,2,222,Low Priority,P5 - Minimal Effort,0.0,0.0
15520,2,1,343.5,314,5,1,2,512,New/Low Spend Active,P4 - Nurture,0.05,17.175
15521,40,16,7106.69,4516,4,5,5,455,VIP Loyal,P2 - Maintain Loyalty,0.1,710.669
15522,33,2,398.84,573,4,2,2,422,New/Low Spend Active,P4 - Nurture,0.05,19.942
15523,84,16,17359.99,15873,3,5,5,355,Growth Potential,P3 - Upsell Opportunity,0.15,2603.9985
15524,25,2,591.4,28,4,2,2,422,New/Low Spend Active,P4 - Nurture,0.05,29.57
15525,2,4,1295.7,680,5,3,4,534,VIP Loyal,P2 - Maintain Loyalty,0.1,129.57000000000002
15526,33,2,148.44,24,4,2,1,421,New/Low Spend Active,P4 - Nurture,0.05,7.422000000000001
15527,19,23,5575.64,2222,5,5,5,555,VIP Loyal,P2 - Maintain Loyalty,0.1,557.5640000000001
15528,254,1,229.33,123,2,1,1,211,Low Priority,P5 - Minimal Effort,0.0,0.0
15529,23,12,5111.95,4488,4,5,5,455,VIP Loyal,P2 - Maintain Loyalty,0.1,511.195
15530,22,5,1813.72,1340,4,4,4,444,VIP Loyal,P2 - Maintain Loyalty,0.1,181.372
15531,8,2,2007.44,1105,5,2,4,524,VIP Loyal,P2 - Maintain Loyalty,0.1,200.74400000000003
15532,25,10,3771.9,1349,4,5,5,455,VIP Loyal,P2 - Maintain Loyalty,0.1,377.19000000000005
15533,19,3,807.57,289,5,3,3,533,Growth Potential,P3 - Upsell Opportunity,0.15,121.13550000000001
15534,726,1,162.25,63,1,1,1,111,Low Priority,P5 - Minimal Effort,0.0,0.0
15535,173,6,1087.82,323,3,4,3,343,Growth Potential,P3 - Upsell Opportunity,0.15,163.17299999999997
15536,409,1,259.09,242,2,1,1,211,Low Priority,P5 - Minimal Effort,0.0,0.0
15537,163,1,110.92,29,3,1,1,311,Low Priority,P5 - Minimal Effort,0.0,0.0
15538,538,6,3358.3999999999996,1016,1,4,5,145,High Value At Risk,P1 - Immediate Retention,0.35,1175.4399999999998
15539,7,1,538.46,410,5,1,2,512,New/Low Spend Active,P4 - Nurture,0.05,26.923000000000002
15540,11,2,460.68,444,5,2,2,522,New/Low Spend Active,P4 - Nurture,0.05,23.034000000000002
15541,114,1,85.13000000000001,49,3,1,1,311,Low Priority,P5 - Minimal Effort,0.0,0.0
15542,512,3,918.45,469,1,3,3,133,Growth Potential,P3 - Upsell Opportunity,0.15,137.7675
15543,288,2,242.84,169,2,2,1,221,Low Priority,P5 - Minimal Effort,0.0,0.0
15544,9,20,8162.43,7019,5,5,5,555,VIP Loyal,P2 - Maintain Loyalty,0.1,816.243
15545,54,2,428.05,238,4,2,2,422,New/Low Spend Active,P4 - Nurture,0.05,21.402500000000003
15546,607,2,1079.1000000000001,198,1,2,3,123,Low Priority,P5 - Minimal Effort,0.0,0.0
15547,7,26,10154.39,7362,5,5,5,555,VIP Loyal,P2 - Maintain Loyalty,0.1,1015.439
15548,596,1,158.09,64,1,1,1,111,Low Priority,P5 - Minimal Effort,0.0,0.0
15549,77,8,2345.96,940,3,4,4,344,Growth Potential,P3 - Upsell Opportunity,0.15,351.894
15550,4,12,2218.8,1144,5,5,4,554,VIP Loyal,P2 - Maintain Loyalty,0.1,221.88000000000002
15551,37,7,1710.08,814,4,4,4,444,VIP Loyal,P2 - Maintain Loyalty,0.1,171.008
15552,217,2,252.52,166,2,2,1,221,Low Priority,P5 - Minimal Effort,0.0,0.0
15553,60,1,437.23,451,3,1,2,312,Low Priority,P5 - Minimal Effort,0.0,0.0
15554,278,1,217.2,74,2,1,1,211,Low Priority,P5 - Minimal Effort,0.0,0.0
15555,12,36,12112.35,9037,5,5,5,555,VIP Loyal,P2 - Maintain Loyalty,0.1,1211.2350000000001
15556,24,1,279.77,236,4,1,1,411,New/Low Spend Active,P4 - Nurture,0.05,13.9885
15557,29,1,473.65000000000003,219,4,1,2,412,New/Low Spend Active,P4 - Nurture,0.05,23.682500000000005
15558,639,1,214.13,86,1,1,1,111,Low Priority,P5 - Minimal Effort,0.0,0.0
15559,568,1,1109.4,526,1,1,3,113,Low Priority,P5 - Minimal Effort,0.0,0.0
15560,398,2,153.52,72,2,2,1,221,Low Priority,P5 - Minimal Effort,0.0,0.0
15561,12,8,1934.3899999999999,1334,5,4,4,544,VIP Loyal,P2 - Maintain Loyalty,0.1,193.439
15562,352,3,673.3800000000001,561,2,3,3,233,Growth Potential,P3 - Upsell Opportunity,0.15,101.00700000000002
15563,22,7,2867.0,3019,4,4,4,444,VIP Loyal,P2 - Maintain Loyalty,0.1,286.7
15564,463,2,70.74000000000001,42,1,2,1,121,Low Priority,P5 - Minimal Effort,0.0,0.0
15565,50,2,173.16,60,4,2,1,421,New/Low Spend Active,P4 - Nurture,0.05,8.658
15566,393,2,227.87,153,2,2,1,221,Low Priority,P5 - Minimal Effort,0.0,0.0
15567,19,1,186.01,223,5,1,1,511,New/Low Spend Active,P4 - Nurture,0.05,9.3005
15568,3,3,758.29,461,5,3,3,533,Growth Potential,P3 - Upsell Opportunity,0.15,113.7435
15569,104,10,3586.35,1736,3,5,5,355,Growth Potential,P3 - Upsell Opportunity,0.15,537.9525
15570,7,25,9311.04,4279,5,5,5,555,VIP Loyal,P2 - Maintain Loyalty,0.1,931.1040000000002
15571,12,14,4051.63,2506,5,5,5,555,VIP Loyal,P2 - Maintain Loyalty,0.1,405.163
15572,5,10,4068.67,2148,5,5,5,555,VIP Loyal,P2 - Maintain Loyalty,0.1,406.867
15573,32,5,1207.18,780,4,4,3,443,Growth Potential,P3 - Upsell Opportunity,0.15,181.077
15574,178,6,1518.7,949,3,4,4,344,Growth Potential,P3 - Upsell Opportunity,0.15,227.805
15575,620,1,30.1,6,1,1,1,111,Low Priority,P5 - Minimal Effort,0.0,0.0
15576,38,1,940.6700000000001,404,4,1,3,413,Low Priority,P5 - Minimal Effort,0.0,0.0
15577,151,5,397.98,121,3,4,2,342,Low Priority,P5 - Minimal Effort,0.0,0.0
15578,162,1,127.1,52,3,1,1,311,Low Priority,P5 - Minimal Effort,0.0,0.0
15579,69,5,1302.5,723,3,4,4,344,Growth Potential,P3 - Upsell Opportunity,0.15,195.375
15580,377,8,1381.19,959,2,4,4,244,High Value At Risk,P1 - Immediate Retention,0.35,483.4165
15581,121,38,7794.59,3146,3,5,5,355,Growth Potential,P3 - Upsell Opportunity,0.15,1169.1885
15582,25,3,682.9100000000001,453,4,3,3,433,Growth Potential,P3 - Upsell Opportunity,0.15,102.43650000000001
15583,376,1,107.86,63,2,1,1,211,Low Priority,P5 - Minimal Effort,0.0,0.0
15584,24,6,1277.5,487,4,4,4,444,VIP Loyal,P2 - Maintain Loyalty,0.1,127.75
15585,177,1,455.3,320,3,1,2,312,Low Priority,P5 - Minimal Effort,0.0,0.0
15586,593,3,1139.1,1338,1,3,3,133,Growth Potential,P3 - Upsell Opportunity,0.15,170.86499999999998
15587,50,7,1522.0800000000002,528,4,4,4,444,VIP Loyal,P2 - Maintain Loyalty,0.1,152.20800000000003
15588,678,1,579.6,96,1,1,2,112,Low Priority,P5 - Minimal Effort,0.0,0.0
15589,256,3,478.53000000000003,243,2,3,2,232,Low Priority,P5 - Minimal Effort,0.0,0.0
15590,382,5,1496.6,832,2,4,4,244,High Value At Risk,P1 - Immediate Retention,0.35,523.81
15591,583,3,217.9,58,1,3,1,131,Low Priority,P5 - Minimal Effort,0.0,0.0
15592,47,1,388.58,354,4,1,2,412,New/Low Spend Active,P4 - Nurture,0.05,19.429000000000002
15593,71,1,199.8,60,3,1,1,311,Low Priority,P5 - Minimal Effort,0.0,0.0
15594,16,5,1771.78,983,5,4,4,544,VIP Loyal,P2 - Maintain Loyalty,0.1,177.178
15595,488,1,357.6,144,1,1,2,112,Low Priority,P5 - Minimal Effort,0.0,0.0
15596,101,9,3130.04,1376,3,5,5,355,Growth Potential,P3 - Upsell Opportunity,0.15,469.506
15597,35,2,563.37,393,4,2,2,422,New/Low Spend Active,P4 - Nurture,0.05,28.1685
15598,53,2,548.02,404,4,2,2,422,New/Low Spend Active,P4 - Nurture,0.05,27.401
15599,27,3,1250.06,1098,4,3,4,434,VIP Loyal,P2 - Maintain Loyalty,0.1,125.006
15600,428,4,1199.31,657,1,3,3,133,Growth Potential,P3 - Upsell Opportunity,0.15,179.89649999999997
15601,11,30,14960.12,11061,5,5,5,555,VIP Loyal,P2 - Maintain Loyalty,0.1,1496.0120000000002
15602,8,16,3230.51,2349,5,5,5,555,VIP Loyal,P2 - Maintain Loyalty,0.1,323.05100000000004
15603,79,2,88.48,128,3,2,1,321,Low Priority,P5 - Minimal Effort,0.0,0.0
15604,52,1,216.39,159,4,1,1,411,New/Low Spend Active,P4 - Nurture,0.05,10.8195
15605,36,9,1936.8,712,4,5,4,454,VIP Loyal,P2 - Maintain Loyalty,0.1,193.68
15606,61,17,5230.99,1615,3,5,5,355,Growth Potential,P3 - Upsell Opportunity,0.15,784.6484999999999
15607,337,9,1708.97,1470,2,5,4,254,High Value At Risk,P1 - Immediate Retention,0.35,598.1395
15608,28,5,1785.98,1262,4,4,4,444,VIP Loyal,P2 - Maintain Loyalty,0.1,178.598
15609,184,1,298.48,148,3,1,2,312,Low Priority,P5 - Minimal Effort,0.0,0.0
15610,52,1,112.46000000000001,66,4,1,1,411,New/Low Spend Active,P4 - Nurture,0.05,5.623000000000001
15611,10,26,2997.28,747,5,5,5,555,VIP Loyal,P2 - Maintain Loyalty,0.1,299.728
15612,36,2,195.15,52,4,2,1,421,New/Low Spend Active,P4 - Nurture,0.05,9.7575
15613,610,1,433.71999999999997,700,1,1,2,112,Low Priority,P5 - Minimal Effort,0.0,0.0
15614,438,4,3147.36,1632,1,3,5,135,High Value At Risk,P1 - Immediate Retention,0.35,1101.576
15615,10,47,21373.97,12090,5,5,5,555,VIP Loyal,P2 - Maintain Loyalty,0.1,2137.3970000000004
15616,438,1,317.11,137,1,1,2,112,Low Priority,P5 - Minimal Effort,0.0,0.0
15617,396,3,828.5500000000001,485,2,3,3,233,Growth Potential,P3 - Upsell Opportunity,0.15,124.2825
15618,33,4,776.851,454,4,3,3,433,Growth Potential,P3 - Upsell Opportunity,0.15,116.52765
15619,11,1,336.40000000000003,136,5,1,2,512,New/Low Spend Active,P4 - Nurture,0.05,16.820000000000004
15620,57,4,1942.36,1249,4,3,4,434,VIP Loyal,P2 - Maintain Loyalty,0.1,194.236
15621,4,4,1293.03,501,5,3,4,534,VIP Loyal,P2 - Maintain Loyalty,0.1,129.303
15622,43,17,7852.61,4091,4,5,5,455,VIP Loyal,P2 - Maintain Loyalty,0.1,785.261
15623,141,8,2437.05,1087,3,4,4,344,Growth Potential,P3 - Upsell Opportunity,0.15,365.5575
15624,117,4,588.13,357,3,3,2,332,Low Priority,P5 - Minimal Effort,0.0,0.0
15625,104,9,3236.4,3020,3,5,5,355,Growth Potential,P3 - Upsell Opportunity,0.15,485.46
15626,75,3,1067.52,1138,3,3,3,333,Growth Potential,P3 - Upsell Opportunity,0.15,160.128
15627,457,2,566.9,344,1,2,2,122,Low Priority,P5 - Minimal Effort,0.0,0.0
15628,5,17,5652.26,3819,5,5,5,555,VIP Loyal,P2 - Maintain Loyalty,0.1,565.226
15629,450,4,2240.9,1518,1,3,4,134,High Value At Risk,P1 - Immediate Retention,0.35,784.3149999999999
15630,45,3,1481.4,987,4,3,4,434,VIP Loyal,P2 - Maintain Loyalty,0.1,148.14000000000001
15631,642,1,596.67,525,1,1,2,112,Low Priority,P5 - Minimal Effort,0.0,0.0
15632,16,8,3285.31,2109,5,4,5,545,VIP Loyal,P2 - Maintain Loyalty,0.1,328.531
15633,509,13,4352.46,2058,1,5,5,155,High Value At Risk,P1 - Immediate Retention,0.35,1523.3609999999999
15634,17,2,554.65,227,5,2,2,522,New/Low Spend Active,P4 - Nurture,0.05,27.7325
15635,396,1,100.35,5,2,1,1,211,Low Priority,P5 - Minimal Effort,0.0,0.0
15636,90,4,1444.58,560,3,3,4,334,Growth Potential,P3 - Upsell Opportunity,0.15,216.68699999999998
15637,53,5,797.59,651,4,4,3,443,Growth Potential,P3 - Upsell Opportunity,0.15,119.6385
15638,379,6,2265.2,1134,2,4,4,244,High Value At Risk,P1 - Immediate Retention,0.35,792.8199999999999
15639,134,3,1065.08,849,3,3,3,333,Growth Potential,P3 - Upsell Opportunity,0.15,159.76199999999997
15640,4,29,23957.58,12390,5,5,5,555,VIP Loyal,P2 - Maintain Loyalty,0.1,2395.7580000000003
15641,105,12,5345.55,4422,3,5,5,355,Growth Potential,P3 - Upsell Opportunity,0.15,801.8325
15642,730,1,105.78000000000002,270,1,1,1,111,Low Priority,P5 - Minimal Effort,0.0,0.0
15643,192,3,664.0,246,2,3,3,233,Growth Potential,P3 - Upsell Opportunity,0.15,99.6
15644,166,4,813.0,557,3,3,3,333,Growth Potential,P3 - Upsell Opportunity,0.15,121.94999999999999
15645,19,3,1055.17,396,5,3,3,533,Growth Potential,P3 - Upsell Opportunity,0.15,158.2755
15646,158,5,974.61,1051,3,4,3,343,Growth Potential,P3 - Upsell Opportunity,0.15,146.1915
15647,415,1,169.0,124,1,1,1,111,Low Priority,P5 - Minimal Effort,0.0,0.0
15648,204,2,657.35,221,2,2,3,223,Low Priority,P5 - Minimal Effort,0.0,0.0
15649,336,4,2170.35,485,2,3,4,234,High Value At Risk,P1 - Immediate Retention,0.35,759.6225
15650,522,2,553.88,210,1,2,2,122,Low Priority,P5 - Minimal Effort,0.0,0.0
15651,37,5,1259.06,871,4,4,4,444,VIP Loyal,P2 - Maintain Loyalty,0.1,125.906
15652,91,5,1420.34,659,3,4,4,344,Growth Potential,P3 - Upsell Opportunity,0.15,213.051
15653,93,2,877.4399999999999,1200,3,2,3,323,Low Priority,P5 - Minimal Effort,0.0,0.0
15654,9,2,922.53,475,5,2,3,523,Low Priority,P5 - Minimal Effort,0.0,0.0
15655,243,1,560.67,324,2,1,2,212,Low Priority,P5 - Minimal Effort,0.0,0.0
15656,45,4,748.5,343,4,3,3,433,Growth Potential,P3 - Upsell Opportunity,0.15,112.27499999999999
15657,23,1,30.0,24,4,1,1,411,New/Low Spend Active,P4 - Nurture,0.05,1.5
15658,190,8,2423.4700000000003,691,2,4,4,244,High Value At Risk,P1 - Immediate Retention,0.35,848.2145
15659,44,3,532.49,161,4,3,2,432,New/Low Spend Active,P4 - Nurture,0.05,26.6245
15660,25,15,2812.99,1893,4,5,4,454,VIP Loyal,P2 - Maintain Loyalty,0.1,281.299
15661,317,8,1215.95,779,2,4,3,243,Growth Potential,P3 - Upsell Opportunity,0.15,182.3925
15662,661,2,283.73,145,1,2,1,121,Low Priority,P5 - Minimal Effort,0.0,0.0
15663,106,1,138.14,106,3,1,1,311,Low Priority,P5 - Minimal Effort,0.0,0.0
15664,51,4,1254.03,530,4,3,4,434,VIP Loyal,P2 - Maintain Loyalty,0.1,125.403
15665,168,5,4015.12,2794,3,4,5,345,Growth Potential,P3 - Upsell Opportunity,0.15,602.2679999999999
15666,472,2,632.9399999999999,469,1,2,3,123,Low Priority,P5 - Minimal Effort,0.0,0.0
15667,40,1,301.32,240,4,1,2,412,New/Low Spend Active,P4 - Nurture,0.05,15.066
15668,218,1,76.32000000000001,72,2,1,1,211,Low Priority,P5 - Minimal Effort,0.0,0.0
15669,40,4,684.34,342,4,3,3,433,Growth Potential,P3 - Upsell Opportunity,0.15,102.651
15670,297,2,325.2,132,2,2,2,222,Low Priority,P5 - Minimal Effort,0.0,0.0
15671,19,7,2657.13,1699,5,4,4,544,VIP Loyal,P2 - Maintain Loyalty,0.1,265.713
15672,725,1,45.300000000000004,10,1,1,1,111,Low Priority,P5 - Minimal Effort,0.0,0.0
15673,88,9,6414.79,3361,3,5,5,355,Growth Potential,P3 - Upsell Opportunity,0.15,962.2185
15674,73,13,6948.2300000000005,3648,3,5,5,355,Growth Potential,P3 - Upsell Opportunity,0.15,1042.2345
15675,81,4,542.04,624,3,3,2,332,Low Priority,P5 - Minimal Effort,0.0,0.0
15676,19,3,3435.76,2252,5,3,5,535,VIP Loyal,P2 - Maintain Loyalty,0.1,343.576
15677,49,3,1305.63,675,4,3,4,434,VIP Loyal,P2 - Maintain Loyalty,0.1,130.56300000000002
15678,53,3,1893.89,1067,4,3,4,434,VIP Loyal,P2 - Maintain Loyalty,0.1,189.389
15679,24,4,781.28,1170,4,3,3,433,Growth Potential,P3 - Upsell Opportunity,0.15,117.192
15680,9,10,4507.58,3074,5,5,5,555,VIP Loyal,P2 - Maintain Loyalty,0.1,450.75800000000004
15681,25,14,2989.7,1392,4,5,5,455,VIP Loyal,P2 - Maintain Loyalty,0.1,298.96999999999997
15682,599,2,318.24,222,1,2,2,122,Low Priority,P5 - Minimal Effort,0.0,0.0
15683,117,2,524.54,332,3,2,2,322,Low Priority,P5 - Minimal Effort,0.0,0.0
15684,547,3,173.95,77,1,3,1,131,Low Priority,P5 - Minimal Effort,0.0,0.0
15685,450,1,55.980000000000004,36,1,1,1,111,Low Priority,P5 - Minimal Effort,0.0,0.0
15686,420,1,90.0,72,1,1,1,111,Low Priority,P5 - Minimal Effort,0.0,0.0
15687,9,9,2993.1,1310,5,5,5,555,VIP Loyal,P2 - Maintain Loyalty,0.1,299.31
15688,419,1,190.57,95,1,1,1,111,Low Priority,P5 - Minimal Effort,0.0,0.0
15689,120,3,521.03,207,3,3,2,332,Low Priority,P5 - Minimal Effort,0.0,0.0
15690,4,2,239.76,408,5,2,1,521,New/Low Spend Active,P4 - Nurture,0.05,11.988
15691,252,4,571.3,212,2,3,2,232,Low Priority,P5 - Minimal Effort,0.0,0.0
15692,28,1,191.04,138,4,1,1,411,New/Low Spend Active,P4 - Nurture,0.05,9.552
15693,659,1,37.5,30,1,1,1,111,Low Priority,P5 - Minimal Effort,0.0,0.0
15694,1,24,10810.81,2658,5,5,5,555,VIP Loyal,P2 - Maintain Loyalty,0.1,1081.081
15695,267,4,1131.04,484,2,3,3,233,Growth Potential,P3 - Upsell Opportunity,0.15,169.65599999999998
15696,33,13,3906.57,1399,4,5,5,455,VIP Loyal,P2 - Maintain Loyalty,0.1,390.65700000000004
15697,690,1,246.75,127,1,1,1,111,Low Priority,P5 - Minimal Effort,0.0,0.0
15698,624,1,46.2,60,1,1,1,111,Low Priority,P5 - Minimal Effort,0.0,0.0
15699,18,1,309.65,113,5,1,2,512,New/Low Spend Active,P4 - Nurture,0.05,15.4825
15700,172,2,696.68,357,3,2,3,323,Low Priority,P5 - Minimal Effort,0.0,0.0
15701,2,4,1542.14,923,5,3,4,534,VIP Loyal,P2 - Maintain Loyalty,0.1,154.21400000000003
15702,476,2,140.39000000000001,103,1,2,1,121,Low Priority,P5 - Minimal Effort,0.0,0.0
15703,265,1,211.5,66,2,1,1,211,Low Priority,P5 - Minimal Effort,0.0,0.0
15704,140,6,3817.96,1723,3,4,5,345,Growth Potential,P3 - Upsell Opportunity,0.15,572.694
15705,201,1,143.1,62,2,1,1,211,Low Priority,P5 - Minimal Effort,0.0,0.0
15706,64,4,1060.56,321,3,3,3,333,Growth Potential,P3 - Upsell Opportunity,0.15,159.08399999999997
15707,35,4,945.58,605,4,3,3,433,Growth Potential,P3 - Upsell Opportunity,0.15,141.837
15708,41,9,4378.72,1675,4,5,5,455,VIP Loyal,P2 - Maintain Loyalty,0.1,437.87200000000007
15709,284,2,327.85,169,2,2,2,222,Low Priority,P5 - Minimal Effort,0.0,0.0
15710,417,1,898.87,641,1,1,3,113,Low Priority,P5 - Minimal Effort,0.0,0.0
15711,557,2,420.25,199,1,2,2,122,Low Priority,P5 - Minimal Effort,0.0,0.0
15712,9,12,3472.4100000000003,1277,5,5,5,555,VIP Loyal,P2 - Maintain Loyalty,0.1,347.24100000000004
15713,143,4,1010.79,510,3,3,3,333,Growth Potential,P3 - Upsell Opportunity,0.15,151.61849999999998
15714,12,5,784.8100000000001,362,5,4,3,543,Growth Potential,P3 - Upsell Opportunity,0.15,117.7215
15715,556,5,658.02,246,1,4,3,143,Growth Potential,P3 - Upsell Opportunity,0.15,98.70299999999999
15716,146,11,3056.81,1821,3,5,5,355,Growth Potential,P3 - Upsell Opportunity,0.15,458.5215
15717,234,5,607.0,224,2,4,2,242,Low Priority,P5 - Minimal Effort,0.0,0.0
15718,540,1,293.79,95,1,1,2,112,Low Priority,P5 - Minimal Effort,0.0,0.0
15719,33,31,10223.06,5368,4,5,5,455,VIP Loyal,P2 - Maintain Loyalty,0.1,1022.306
15720,24,2,741.92,329,4,2,3,423,Low Priority,P5 - Minimal Effort,0.0,0.0
15721,12,1,507.08,409,5,1,2,512,New/Low Spend Active,P4 - Nurture,0.05,25.354
15722,36,11,5258.1,2283,4,5,5,455,VIP Loyal,P2 - Maintain Loyalty,0.1,525.8100000000001
15723,365,4,947.65,444,2,3,3,233,Growth Potential,P3 - Upsell Opportunity,0.15,142.14749999999998
15724,201,3,310.85,117,2,3,2,232,Low Priority,P5 - Minimal Effort,0.0,0.0
15725,15,1,415.25,221,5,1,2,512,New/Low Spend Active,P4 - Nurture,0.05,20.762500000000003
15726,390,1,321.91,123,2,1,2,212,Low Priority,P5 - Minimal Effort,0.0,0.0
15727,17,15,9445.51,5942,5,5,5,555,VIP Loyal,P2 - Maintain Loyalty,0.1,944.551
15728,380,2,544.6,132,2,2,2,222,Low Priority,P5 - Minimal Effort,0.0,0.0
15729,213,3,192.55,47,2,3,1,231,Low Priority,P5 - Minimal Effort,0.0,0.0
15730,66,5,1726.58,1061,3,4,4,344,Growth Potential,P3 - Upsell Opportunity,0.15,258.98699999999997
15731,554,1,125.3,122,1,1,1,111,Low Priority,P5 - Minimal Effort,0.0,0.0
15732,212,10,1682.07,1361,2,5,4,254,High Value At Risk,P1 - Immediate Retention,0.35,588.7244999999999
15733,283,1,162.3,62,2,1,1,211,Low Priority,P5 - Minimal Effort,0.0,0.0
15734,115,4,2263.3,516,3,3,4,334,Growth Potential,P3 - Upsell Opportunity,0.15,339.495
15735,421,1,327.68,206,1,1,2,112,Low Priority,P5 - Minimal Effort,0.0,0.0
15736,435,2,1815.72,1268,1,2,4,124,High Value At Risk,P1 - Immediate Retention,0.35,635.502
15737,15,8,1205.1200000000001,599,5,4,3,543,Growth Potential,P3 - Upsell Opportunity,0.15,180.768
15738,19,41,13372.970000000001,9285,5,5,5,555,VIP Loyal,P2 - Maintain Loyalty,0.1,1337.2970000000003
15739,66,1,449.12,472,3,1,2,312,Low Priority,P5 - Minimal Effort,0.0,0.0
15740,49,1,154.88,152,4,1,1,411,New/Low Spend Active,P4 - Nurture,0.05,7.744
15741,458,2,208.62,70,1,2,1,121,Low Priority,P5 - Minimal Effort,0.0,0.0
15742,619,1,156.87,51,1,1,1,111,Low Priority,P5 - Minimal Effort,0.0,0.0
15743,16,4,784.46,216,5,3,3,533,Growth Potential,P3 - Upsell Opportunity,0.15,117.669
15744,78,1,34.8,120,3,1,1,311,Low Priority,P5 - Minimal Effort,0.0,0.0
15745,19,4,1094.59,421,5,3,3,533,Growth Potential,P3 - Upsell Opportunity,0.15,164.18849999999998
15746,134,1,196.88,178,3,1,1,311,Low Priority,P5 - Minimal Effort,0.0,0.0
15747,13,9,2562.61,1370,5,5,4,554,VIP Loyal,P2 - Maintain Loyalty,0.1,256.261
15748,40,3,614.7600000000001,262,4,3,2,432,New/Low Spend Active,P4 - Nurture,0.05,30.738000000000007
15749,235,3,44534.3,18028,2,3,5,235,High Value At Risk,P1 - Immediate Retention,0.35,15587.005
15750,3,18,6797.191,4593,5,5,5,555,VIP Loyal,P2 - Maintain Loyalty,0.1,679.7191
15751,461,11,1380.44,443,1,5,4,154,High Value At Risk,P1 - Immediate Retention,0.35,483.154
15752,40,9,4207.54,2967,4,5,5,455,VIP Loyal,P2 - Maintain Loyalty,0.1,420.754
15753,305,1,79.2,144,2,1,1,211,Low Priority,P5 - Minimal Effort,0.0,0.0
15754,51,9,3037.61,1762,4,5,5,455,VIP Loyal,P2 - Maintain Loyalty,0.1,303.761
15755,10,17,5993.12,4034,5,5,5,555,VIP Loyal,P2 - Maintain Loyalty,0.1,599.312
15756,61,4,532.96,242,3,3,2,332,Low Priority,P5 - Minimal Effort,0.0,0.0
15757,66,6,2940.36,1757,3,4,4,344,Growth Potential,P3 - Upsell Opportunity,0.15,441.05400000000003
15758,25,1,205.25,47,4,1,1,411,New/Low Spend Active,P4 - Nurture,0.05,10.262500000000001
15759,218,7,830.9300000000001,523,2,4,3,243,Growth Potential,P3 - Upsell Opportunity,0.15,124.6395
15760,631,2,13916.34,2,1,2,5,125,High Value At Risk,P1 - Immediate Retention,0.35,4870.719
15761,443,1,143.05,31,1,1,1,111,Low Priority,P5 - Minimal Effort,0.0,0.0
15762,65,2,583.75,251,3,2,2,322,Low Priority,P5 - Minimal Effort,0.0,0.0
15763,32,2,1086.92,271,4,2,3,423,Low Priority,P5 - Minimal Effort,0.0,0.0
15764,88,8,4503.08,2945,3,4,5,345,Growth Potential,P3 - Upsell Opportunity,0.15,675.462
15765,667,1,370.63,335,1,1,2,112,Low Priority,P5 - Minimal Effort,0.0,0.0
15766,64,3,831.06,334,3,3,3,333,Growth Potential,P3 - Upsell Opportunity,0.15,124.65899999999999
15768,116,34,15601.09,4259,3,5,5,355,Growth Potential,P3 - Upsell Opportunity,0.15,2340.1635
15769,7,46,88704.32,49104,5,5,5,555,VIP Loyal,P2 - Maintain Loyalty,0.1,8870.432
15770,613,1,321.45,67,1,1,2,112,Low Priority,P5 - Minimal Effort,0.0,0.0
15771,604,3,1006.54,512,1,3,3,133,Growth Potential,P3 - Upsell Opportunity,0.15,150.981
15772,418,1,280.88,110,1,1,1,111,Low Priority,P5 - Minimal Effort,0.0,0.0
15773,6,2,774.52,410,5,2,3,523,Low Priority,P5 - Minimal Effort,0.0,0.0
15774,69,6,1329.94,473,3,4,4,344,Growth Potential,P3 - Upsell Opportunity,0.15,199.491
15775,245,2,150.5,260,2,2,1,221,Low Priority,P5 - Minimal Effort,0.0,0.0
15776,133,1,241.62,138,3,1,1,311,Low Priority,P5 - Minimal Effort,0.0,0.0
15777,241,7,1762.61,599,2,4,4,244,High Value At Risk,P1 - Immediate Retention,0.35,616.9134999999999
15778,431,1,307.95,101,1,1,2,112,Low Priority,P5 - Minimal Effort,0.0,0.0
15779,463,2,124.08000000000001,20,1,2,1,121,Low Priority,P5 - Minimal Effort,0.0,0.0
15780,184,3,475.28000000000003,220,3,3,2,332,Low Priority,P5 - Minimal Effort,0.0,0.0
15781,25,3,345.46,180,4,3,2,432,New/Low Spend Active,P4 - Nurture,0.05,17.273
15782,10,4,4014.1,1844,5,3,5,535,VIP Loyal,P2 - Maintain Loyalty,0.1,401.41
15783,11,1,246.3,212,5,1,1,511,New/Low Spend Active,P4 - Nurture,0.05,12.315000000000001
15784,468,2,848.3299999999999,381,1,2,3,123,Low Priority,P5 - Minimal Effort,0.0,0.0
15785,33,16,5969.93,4479,4,5,5,455,VIP Loyal,P2 - Maintain Loyalty,0.1,596.993
15786,46,5,8514.82,5981,4,4,5,445,VIP Loyal,P2 - Maintain Loyalty,0.1,851.482
15787,26,3,948.05,540,4,3,3,433,Growth Potential,P3 - Upsell Opportunity,0.15,142.20749999999998
15788,509,1,221.82999999999998,115,1,1,1,111,Low Priority,P5 - Minimal Effort,0.0,0.0
15789,358,6,1962.01,2499,2,4,4,244,High Value At Risk,P1 - Immediate Retention,0.35,686.7035
15790,10,1,220.85,114,5,1,1,511,New/Low Spend Active,P4 - Nurture,0.05,11.0425
15791,44,5,3608.34,1970,4,4,5,445,VIP Loyal,P2 - Maintain Loyalty,0.1,360.83400000000006
15792,400,2,933.84,606,2,2,3,223,Low Priority,P5 - Minimal Effort,0.0,0.0
15793,15,8,2399.57,1685,5,4,4,544,VIP Loyal,P2 - Maintain Loyalty,0.1,239.95700000000002
15794,736,2,777.0,288,1,2,3,123,Low Priority,P5 - Minimal Effort,0.0,0.0
15795,150,8,1979.8700000000001,1411,3,4,4,344,Growth Potential,P3 - Upsell Opportunity,0.15,296.9805
15796,1,17,5175.83,1735,5,5,5,555,VIP Loyal,P2 - Maintain Loyalty,0.1,517.583
15797,113,6,2821.08,1281,3,4,4,344,Growth Potential,P3 - Upsell Opportunity,0.15,423.162
15798,493,3,1535.37,915,1,3,4,134,High Value At Risk,P1 - Immediate Retention,0.35,537.3794999999999
15799,76,4,1424.29,1342,3,3,4,334,Growth Potential,P3 - Upsell Opportunity,0.15,213.6435
15800,107,7,1242.58,588,3,4,3,343,Growth Potential,P3 - Upsell Opportunity,0.15,186.38699999999997
15801,46,3,1063.95,570,4,3,3,433,Growth Potential,P3 - Upsell Opportunity,0.15,159.5925
15802,143,1,451.42,1,3,1,2,312,Low Priority,P5 - Minimal Effort,0.0,0.0
15803,51,4,1929.66,1030,4,3,4,434,VIP Loyal,P2 - Maintain Loyalty,0.1,192.966
15804,1,13,4206.39,2565,5,5,5,555,VIP Loyal,P2 - Maintain Loyalty,0.1,420.63900000000007
15805,23,30,10189.23,6225,4,5,5,455,VIP Loyal,P2 - Maintain Loyalty,0.1,1018.923
15806,46,3,784.58,602,4,3,3,433,Growth Potential,P3 - Upsell Opportunity,0.15,117.687
15807,50,5,1817.52,1532,4,4,4,444,VIP Loyal,P2 - Maintain Loyalty,0.1,181.752
15808,306,21,18409.93,7229,2,5,5,255,High Value At Risk,P1 - Immediate Retention,0.35,6443.4755
15809,36,7,1274.44,700,4,4,4,444,VIP Loyal,P2 - Maintain Loyalty,0.1,127.44400000000002
15810,79,8,2999.04,1653,3,4,5,345,Growth Potential,P3 - Upsell Opportunity,0.15,449.856
15811,22,7,3890.52,1922,4,4,5,445,VIP Loyal,P2 - Maintain Loyalty,0.1,389.052
15812,107,12,5201.47,3450,3,5,5,355,Growth Potential,P3 - Upsell Opportunity,0.15,780.2205
15813,208,2,1303.9099999999999,603,2,2,4,224,High Value At Risk,P1 - Immediate Retention,0.35,456.3684999999999
15814,17,6,2634.44,1728,5,4,4,544,VIP Loyal,P2 - Maintain Loyalty,0.1,263.444
15815,64,5,2100.6,1856,3,4,4,344,Growth Potential,P3 - Upsell Opportunity,0.15,315.09
15816,542,2,144.14999999999998,54,1,2,1,121,Low Priority,P5 - Minimal Effort,0.0,0.0
15817,421,3,2766.4,1596,1,3,4,134,High Value At Risk,P1 - Immediate Retention,0.35,968.24
15818,588,1,340.5,284,1,1,2,112,Low Priority,P5 - Minimal Effort,0.0,0.0
15819,49,10,3934.79,2928,4,5,5,455,VIP Loyal,P2 - Maintain Loyalty,0.1,393.47900000000004
15820,320,1,206.98,128,2,1,1,211,Low Priority,P5 - Minimal Effort,0.0,0.0
15821,44,2,570.96,202,4,2,2,422,New/Low Spend Active,P4 - Nurture,0.05,28.548000000000002
15822,3,6,1840.06,950,5,4,4,544,VIP Loyal,P2 - Maintain Loyalty,0.1,184.006
15823,372,3,3897.17,1775,2,3,5,235,High Value At Risk,P1 - Immediate Retention,0.35,1364.0095
15824,453,2,890.94,478,1,2,3,123,Low Priority,P5 - Minimal Effort,0.0,0.0
15825,172,1,532.94,220,3,1,2,312,Low Priority,P5 - Minimal Effort,0.0,0.0
15826,56,4,2598.28,1824,4,3,4,434,VIP Loyal,P2 - Maintain Loyalty,0.1,259.82800000000003
15827,73,28,3794.07,1824,3,5,5,355,Growth Potential,P3 - Upsell Opportunity,0.15,569.1105
15828,375,1,1108.82,367,2,1,3,213,Low Priority,P5 - Minimal Effort,0.0,0.0
15829,99,2,636.14,996,3,2,3,323,Low Priority,P5 - Minimal Effort,0.0,0.0
15830,38,1,576.0,415,4,1,2,412,New/Low Spend Active,P4 - Nurture,0.05,28.8
15831,58,3,801.76,1105,4,3,3,433,Growth Potential,P3 - Upsell Opportunity,0.15,120.264
15832,254,1,836.79,465,2,1,3,213,Low Priority,P5 - Minimal Effort,0.0,0.0
15833,738,1,80.4,24,1,1,1,111,Low Priority,P5 - Minimal Effort,0.0,0.0
15834,70,7,3772.9900000000002,1819,3,4,5,345,Growth Potential,P3 - Upsell Opportunity,0.15,565.9485
15835,44,4,954.09,439,4,3,3,433,Growth Potential,P3 - Upsell Opportunity,0.15,143.1135
15836,50,1,137.37,26,4,1,1,411,New/Low Spend Active,P4 - Nurture,0.05,6.868500000000001
15837,65,2,777.01,405,3,2,3,323,Low Priority,P5 - Minimal Effort,0.0,0.0
15838,11,34,74163.0,64664,5,5,5,555,VIP Loyal,P2 - Maintain Loyalty,0.1,7416.3
15839,33,3,1048.49,675,4,3,3,433,Growth Potential,P3 - Upsell Opportunity,0.15,157.27349999999998
15840,59,2,355.56,396,4,2,2,422,New/Low Spend Active,P4 - Nurture,0.05,17.778000000000002
15841,73,9,2742.41,2391,3,5,4,354,Growth Potential,P3 - Upsell Opportunity,0.15,411.3615
15842,393,2,548.8,296,2,2,2,222,Low Priority,P5 - Minimal Effort,0.0,0.0
15843,304,1,118.95000000000002,27,2,1,1,211,Low Priority,P5 - Minimal Effort,0.0,0.0
15844,46,1,130.73999999999998,134,4,1,1,411,New/Low Spend Active,P4 - Nurture,0.05,6.536999999999999
15845,18,11,4426.28,2128,5,5,5,555,VIP Loyal,P2 - Maintain Loyalty,0.1,442.628
15846,385,1,107.01,79,2,1,1,211,Low Priority,P5 - Minimal Effort,0.0,0.0
15847,38,5,822.57,643,4,4,3,443,Growth Potential,P3 - Upsell Opportunity,0.15,123.38550000000001
15848,622,1,139.94,46,1,1,1,111,Low Priority,P5 - Minimal Effort,0.0,0.0
15850,19,6,1058.72,1379,5,4,3,543,Growth Potential,P3 - Upsell Opportunity,0.15,158.808
15851,527,1,109.73,67,1,1,1,111,Low Priority,P5 - Minimal Effort,0.0,0.0
15852,187,3,257.26,60,3,3,1,331,Low Priority,P5 - Minimal Effort,0.0,0.0
15853,52,1,110.8,135,4,1,1,411,New/Low Spend Active,P4 - Nurture,0.05,5.54
15854,4,21,5583.81,1704,5,5,5,555,VIP Loyal,P2 - Maintain Loyalty,0.1,558.3810000000001
15855,137,6,1052.72,712,3,4,3,343,Growth Potential,P3 - Upsell Opportunity,0.15,157.908
15856,4,52,34220.340000000004,20432,5,5,5,555,VIP Loyal,P2 - Maintain Loyalty,0.1,3422.0340000000006
15857,19,2,570.48,584,5,2,2,522,New/Low Spend Active,P4 - Nurture,0.05,28.524
15858,16,13,3960.37,2919,5,5,5,555,VIP Loyal,P2 - Maintain Loyalty,0.1,396.03700000000003
15859,432,1,438.46,174,1,1,2,112,Low Priority,P5 - Minimal Effort,0.0,0.0
15860,41,17,2505.21,1342,4,5,4,454,VIP Loyal,P2 - Maintain Loyalty,0.1,250.52100000000002
15861,12,12,4401.79,3860,5,5,5,555,VIP Loyal,P2 - Maintain Loyalty,0.1,440.17900000000003
15862,8,13,2928.29,1680,5,5,4,554,VIP Loyal,P2 - Maintain Loyalty,0.1,292.829
15863,26,5,358.7,164,4,4,2,442,New/Low Spend Active,P4 - Nurture,0.05,17.935
15864,22,7,2180.76,1486,4,4,4,444,VIP Loyal,P2 - Maintain Loyalty,0.1,218.07600000000002
15865,41,5,2248.92,1147,4,4,4,444,VIP Loyal,P2 - Maintain Loyalty,0.1,224.89200000000002
15866,101,1,230.53,126,3,1,1,311,Low Priority,P5 - Minimal Effort,0.0,0.0
15867,5,31,9063.95,5139,5,5,5,555,VIP Loyal,P2 - Maintain Loyalty,0.1,906.3950000000001
15868,583,1,94.53,57,1,1,1,111,Low Priority,P5 - Minimal Effort,0.0,0.0
15869,277,3,323.65999999999997,274,2,3,2,232,Low Priority,P5 - Minimal Effort,0.0,0.0
15870,33,4,862.61,508,4,3,3,433,Growth Potential,P3 - Upsell Opportunity,0.15,129.3915
15871,437,1,33.099999999999994,5,1,1,1,111,Low Priority,P5 - Minimal Effort,0.0,0.0
15872,15,4,795.68,506,5,3,3,533,Growth Potential,P3 - Upsell Opportunity,0.15,119.35199999999999
15873,500,4,313.91999999999996,1152,1,3,2,132,Low Priority,P5 - Minimal Effort,0.0,0.0
15874,64,21,11284.76,5102,3,5,5,355,Growth Potential,P3 - Upsell Opportunity,0.15,1692.714
15875,646,1,111.72,76,1,1,1,111,Low Priority,P5 - Minimal Effort,0.0,0.0
15876,409,2,1449.1399999999999,886,2,2,4,224,High Value At Risk,P1 - Immediate Retention,0.35,507.1989999999999
15877,2,2,493.28,371,5,2,2,522,New/Low Spend Active,P4 - Nurture,0.05,24.664
15878,562,2,330.77,243,1,2,2,122,Low Priority,P5 - Minimal Effort,0.0,0.0
15879,404,4,1157.3,643,2,3,3,233,Growth Potential,P3 - Upsell Opportunity,0.15,173.595
15880,369,1,686.5600000000001,422,2,1,3,213,Low Priority,P5 - Minimal Effort,0.0,0.0
15881,312,5,501.39000000000004,260,2,4,2,242,Low Priority,P5 - Minimal Effort,0.0,0.0
15882,199,8,1495.98,814,2,4,4,244,High Value At Risk,P1 - Immediate Retention,0.35,523.593
15883,2,2,396.48,223,5,2,2,522,New/Low Spend Active,P4 - Nurture,0.05,19.824
15884,432,2,249.70000000000002,158,1,2,1,121,Low Priority,P5 - Minimal Effort,0.0,0.0
15885,93,15,1951.82,622,3,5,4,354,Growth Potential,P3 - Upsell Opportunity,0.15,292.77299999999997
15886,60,4,1052.8700000000001,667,3,3,3,333,Growth Potential,P3 - Upsell Opportunity,0.15,157.93050000000002
15887,407,3,1027.15,605,2,3,3,233,Growth Potential,P3 - Upsell Opportunity,0.15,154.07250000000002
15888,81,3,429.16,139,3,3,2,332,Low Priority,P5 - Minimal Effort,0.0,0.0
15889,157,8,1806.28,989,3,4,4,344,Growth Potential,P3 - Upsell Opportunity,0.15,270.942
15890,395,5,535.65,119,2,4,2,242,Low Priority,P5 - Minimal Effort,0.0,0.0
15891,227,1,524.52,442,2,1,2,212,Low Priority,P5 - Minimal Effort,0.0,0.0
15892,669,1,128.2,46,1,1,1,111,Low Priority,P5 - Minimal Effort,0.0,0.0
15893,482,1,305.28000000000003,288,1,1,2,112,Low Priority,P5 - Minimal Effort,0.0,0.0
15894,253,2,420.29,283,2,2,2,222,Low Priority,P5 - Minimal Effort,0.0,0.0
15895,150,1,179.17,94,3,1,1,311,Low Priority,P5 - Minimal Effort,0.0,0.0
15897,194,2,222.05,261,2,2,1,221,Low Priority,P5 - Minimal Effort,0.0,0.0
15898,1,25,5596.31,2418,5,5,5,555,VIP Loyal,P2 - Maintain Loyalty,0.1,559.6310000000001
15899,369,1,112.5,78,2,1,1,211,Low Priority,P5 - Minimal Effort,0.0,0.0
15900,24,4,900.4,661,4,3,3,433,Growth Potential,P3 - Upsell Opportunity,0.15,135.06
15901,17,7,703.22,702,5,4,3,543,Growth Potential,P3 - Upsell Opportunity,0.15,105.483
15902,380,1,145.01,124,2,1,1,211,Low Priority,P5 - Minimal Effort,0.0,0.0
15903,10,12,8939.84,3926,5,5,5,555,VIP Loyal,P2 - Maintain Loyalty,0.1,893.984
15904,8,1,164.68,84,5,1,1,511,New/Low Spend Active,P4 - Nurture,0.05,8.234
15905,543,1,114.69,82,1,1,1,111,Low Priority,P5 - Minimal Effort,0.0,0.0
15906,20,10,2555.64,751,4,5,4,454,VIP Loyal,P2 - Maintain Loyalty,0.1,255.564
15907,4,3,967.45,509,5,3,3,533,Growth Potential,P3 - Upsell Opportunity,0.15,145.1175
15908,491,2,764.57,174,1,2,3,123,Low Priority,P5 - Minimal Effort,0.0,0.0
15909,174,1,191.94,98,3,1,1,311,Low Priority,P5 - Minimal Effort,0.0,0.0
15910,1,15,2681.8,2171,5,5,4,554,VIP Loyal,P2 - Maintain Loyalty,0.1,268.18
15911,624,8,1702.34,811,1,4,4,144,High Value At Risk,P1 - Immediate Retention,0.35,595.819
15912,178,9,1074.7,759,3,5,3,353,Growth Potential,P3 - Upsell Opportunity,0.15,161.205
15913,534,1,6.300000000000001,3,1,1,1,111,Low Priority,P5 - Minimal Effort,0.0,0.0
15914,378,2,205.99,149,2,2,1,221,Low Priority,P5 - Minimal Effort,0.0,0.0
15915,402,1,429.21,451,2,1,2,212,Low Priority,P5 - Minimal Effort,0.0,0.0
15916,16,13,3427.17,1703,5,5,5,555,VIP Loyal,P2 - Maintain Loyalty,0.1,342.71700000000004
15917,248,5,560.63,263,2,4,2,242,Low Priority,P5 - Minimal Effort,0.0,0.0
15918,191,3,582.88,240,2,3,2,232,Low Priority,P5 - Minimal Effort,0.0,0.0
15919,20,2,910.61,787,4,2,3,423,Low Priority,P5 - Minimal Effort,0.0,0.0
15920,154,9,571.64,240,3,5,2,352,Low Priority,P5 - Minimal Effort,0.0,0.0
15921,173,4,802.11,342,3,3,3,333,Growth Potential,P3 - Upsell Opportunity,0.15,120.31649999999999
15922,373,1,739.0,276,2,1,3,213,Low Priority,P5 - Minimal Effort,0.0,0.0
15923,373,1,254.16,244,2,1,1,211,Low Priority,P5 - Minimal Effort,0.0,0.0
15924,731,1,102.82,103,1,1,1,111,Low Priority,P5 - Minimal Effort,0.0,0.0
15925,194,1,207.15,93,2,1,1,211,Low Priority,P5 - Minimal Effort,0.0,0.0
15926,542,1,134.44,155,1,1,1,111,Low Priority,P5 - Minimal Effort,0.0,0.0
15927,647,1,123.39,69,1,1,1,111,Low Priority,P5 - Minimal Effort,0.0,0.0
15928,656,1,293.53,164,1,1,2,112,Low Priority,P5 - Minimal Effort,0.0,0.0
15929,644,1,594.0,120,1,1,2,112,Low Priority,P5 - Minimal Effort,0.0,0.0
15930,67,1,426.63,139,3,1,2,312,Low Priority,P5 - Minimal Effort,0.0,0.0
15931,428,1,239.9,118,1,1,1,111,Low Priority,P5 - Minimal Effort,0.0,0.0
15932,4,8,2495.87,2325,5,4,4,544,VIP Loyal,P2 - Maintain Loyalty,0.1,249.587
15933,21,3,1107.46,885,4,3,3,433,Growth Potential,P3 - Upsell Opportunity,0.15,166.119
15934,418,2,2190.66,2166,1,2,4,124,High Value At Risk,P1 - Immediate Retention,0.35,766.7309999999999
15935,239,2,416.86,115,2,2,2,222,Low Priority,P5 - Minimal Effort,0.0,0.0
15936,379,2,282.79,211,2,2,1,221,Low Priority,P5 - Minimal Effort,0.0,0.0
15937,64,1,145.35,73,3,1,1,311,Low Priority,P5 - Minimal Effort,0.0,0.0
15938,112,9,734.81,449,3,5,3,353,Growth Potential,P3 - Upsell Opportunity,0.15,110.22149999999999
15939,90,16,9060.39,6260,3,5,5,355,Growth Potential,P3 - Upsell Opportunity,0.15,1359.0584999999999
15940,311,1,35.8,4,2,1,1,211,Low Priority,P5 - Minimal Effort,0.0,0.0
15941,637,1,405.0,60,1,1,2,112,Low Priority,P5 - Minimal Effort,0.0,0.0
15942,134,1,337.44,232,3,1,2,312,Low Priority,P5 - Minimal Effort,0.0,0.0
15943,650,2,271.28999999999996,183,1,2,1,121,Low Priority,P5 - Minimal Effort,0.0,0.0
15944,277,4,2164.24,859,2,3,4,234,High Value At Risk,P1 - Immediate Retention,0.35,757.4839999999999
15945,365,4,827.27,397,2,4,3,243,Growth Potential,P3 - Upsell Opportunity,0.15,124.09049999999999
15946,503,3,2304.18,1614,1,3,4,134,High Value At Risk,P1 - Immediate Retention,0.35,806.4629999999999
15947,83,1,1708.24,898,3,1,4,314,Low Priority,P5 - Minimal Effort,0.0,0.0
15948,8,3,1509.0900000000001,852,5,3,4,534,VIP Loyal,P2 - Maintain Loyalty,0.1,150.90900000000002
15949,17,2,364.72,284,5,2,2,522,New/Low Spend Active,P4 - Nurture,0.05,18.236
15950,32,10,7180.71,3384,4,5,5,455,VIP Loyal,P2 - Maintain Loyalty,0.1,718.071
15951,9,3,1013.17,420,5,3,3,533,Growth Potential,P3 - Upsell Opportunity,0.15,151.97549999999998
15952,34,4,806.57,399,4,4,3,443,Growth Potential,P3 - Upsell Opportunity,0.15,120.9855
15953,15,18,3669.5499999999997,1852,5,5,5,555,VIP Loyal,P2 - Maintain Loyalty,0.1,366.955
15954,589,1,190.75,119,1,1,1,111,Low Priority,P5 - Minimal Effort,0.0,0.0
15955,24,22,8658.36,4213,4,5,5,455,VIP Loyal,P2 - Maintain Loyalty,0.1,865.8360000000001
15956,551,2,617.6,278,1,2,2,122,Low Priority,P5 - Minimal Effort,0.0,0.0
15957,32,3,930.1,458,4,3,3,433,Growth Potential,P3 - Upsell Opportunity,0.15,139.515
15958,74,4,492.99,164,3,4,2,342,Low Priority,P5 - Minimal Effort,0.0,0.0
15959,682,3,579.49,282,1,3,2,132,Low Priority,P5 - Minimal Effort,0.0,0.0
15960,374,4,410.95,258,2,4,2,242,Low Priority,P5 - Minimal Effort,0.0,0.0
15961,379,1,451.28999999999996,154,2,1,2,212,Low Priority,P5 - Minimal Effort,0.0,0.0
15962,449,1,295.83,235,1,1,2,112,Low Priority,P5 - Minimal Effort,0.0,0.0
15963,20,2,470.76,298,4,2,2,422,New/Low Spend Active,P4 - Nurture,0.05,23.538
15964,663,1,272.96000000000004,94,1,1,1,111,Low Priority,P5 - Minimal Effort,0.0,0.0
15965,17,13,3013.09,1433,5,5,5,555,VIP Loyal,P2 - Maintain Loyalty,0.1,301.309
15966,451,1,426.53000000000003,275,1,1,2,112,Low Priority,P5 - Minimal Effort,0.0,0.0
15967,23,12,3041.6,1204,4,5,5,455,VIP Loyal,P2 - Maintain Loyalty,0.1,304.16
15968,388,1,418.05,253,2,1,2,212,Low Priority,P5 - Minimal Effort,0.0,0.0
15969,3,5,1127.05,223,5,4,3,543,Growth Potential,P3 - Upsell Opportunity,0.15,169.05749999999998
15970,304,2,1017.32,498,2,2,3,223,Low Priority,P5 - Minimal Effort,0.0,0.0
15971,18,18,5902.83,2251,5,5,5,555,VIP Loyal,P2 - Maintain Loyalty,0.1,590.283
15972,456,5,1810.27,480,1,4,4,144,High Value At Risk,P1 - Immediate Retention,0.35,633.5944999999999
15973,367,3,988.44,301,2,3,3,233,Growth Potential,P3 - Upsell Opportunity,0.15,148.266
15974,39,7,3442.15,2262,4,4,5,445,VIP Loyal,P2 - Maintain Loyalty,0.1,344.21500000000003
15975,84,1,371.01,243,3,1,2,312,Low Priority,P5 - Minimal Effort,0.0,0.0
15976,165,6,1746.6399999999999,1078,3,4,4,344,Growth Potential,P3 - Upsell Opportunity,0.15,261.996
15977,17,2,1054.73,1016,5,2,3,523,Low Priority,P5 - Minimal Effort,0.0,0.0
15978,77,3,3279.42,2444,3,3,5,335,Growth Potential,P3 - Upsell Opportunity,0.15,491.913
15979,603,1,329.22,450,1,1,2,112,Low Priority,P5 - Minimal Effort,0.0,0.0
15980,89,7,6593.68,4862,3,4,5,345,Growth Potential,P3 - Upsell Opportunity,0.15,989.052
15981,25,21,9362.77,4827,4,5,5,455,VIP Loyal,P2 - Maintain Loyalty,0.1,936.277
15982,605,1,324.51,131,1,1,2,112,Low Priority,P5 - Minimal Effort,0.0,0.0
15983,22,8,3958.8199999999997,2450,4,4,5,445,VIP Loyal,P2 - Maintain Loyalty,0.1,395.882
15984,3,30,8759.32,6084,5,5,5,555,VIP Loyal,P2 - Maintain Loyalty,0.1,875.932
15985,123,7,2715.28,2750,3,4,4,344,Growth Potential,P3 - Upsell Opportunity,0.15,407.29200000000003
15986,30,2,354.42,368,4,2,2,422,New/Low Spend Active,P4 - Nurture,0.05,17.721
15987,12,8,1682.13,1715,5,4,4,544,VIP Loyal,P2 - Maintain Loyalty,0.1,168.21300000000002
15988,19,3,770.09,486,5,3,3,533,Growth Potential,P3 - Upsell Opportunity,0.15,115.5135
15989,376,2,372.51,171,2,2,2,222,Low Priority,P5 - Minimal Effort,0.0,0.0
15990,44,7,2010.05,1090,4,4,4,444,VIP Loyal,P2 - Maintain Loyalty,0.1,201.005
15991,534,1,150.55,41,1,1,1,111,Low Priority,P5 - Minimal Effort,0.0,0.0
15992,4,3,896.6,514,5,3,3,533,Growth Potential,P3 - Upsell Opportunity,0.15,134.49
15993,9,7,2797.57,2051,5,4,4,544,VIP Loyal,P2 - Maintain Loyalty,0.1,279.757
15994,55,3,1202.18,469,4,3,3,433,Growth Potential,P3 - Upsell Opportunity,0.15,180.327
15995,414,1,696.19,353,1,1,3,113,Low Priority,P5 - Minimal Effort,0.0,0.0
15996,88,7,1686.9,747,3,4,4,344,Growth Potential,P3 - Upsell Opportunity,0.15,253.035
15998,37,16,8308.34,5372,4,5,5,455,VIP Loyal,P2 - Maintain Loyalty,0.1,830.8340000000001
15999,736,1,20.4,24,1,1,1,111,Low Priority,P5 - Minimal Effort,0.0,0.0
16000,3,3,12393.7,5110,5,3,5,535,VIP Loyal,P2 - Maintain Loyalty,0.1,1239.3700000000001
16001,381,1,583.39,337,2,1,2,212,Low Priority,P5 - Minimal Effort,0.0,0.0
16002,625,1,169.21,70,1,1,1,111,Low Priority,P5 - Minimal Effort,0.0,0.0
16003,30,10,5613.83,2210,4,5,5,455,VIP Loyal,P2 - Maintain Loyalty,0.1,561.383
16004,475,5,2146.39,1076,1,4,4,144,High Value At Risk,P1 - Immediate Retention,0.35,751.2364999999999
16005,12,10,2436.22,1310,5,5,4,554,VIP Loyal,P2 - Maintain Loyalty,0.1,243.62199999999999
16006,211,2,347.17,211,2,2,2,222,Low Priority,P5 - Minimal Effort,0.0,0.0
16007,48,7,3075.14,2643,4,4,5,445,VIP Loyal,P2 - Maintain Loyalty,0.1,307.514
16008,24,15,5384.13,3273,4,5,5,455,VIP Loyal,P2 - Maintain Loyalty,0.1,538.413
16009,22,4,992.71,378,4,4,3,443,Growth Potential,P3 - Upsell Opportunity,0.15,148.9065
16010,246,11,1724.06,931,2,5,4,254,High Value At Risk,P1 - Immediate Retention,0.35,603.4209999999999
16011,8,29,5880.46,3471,5,5,5,555,VIP Loyal,P2 - Maintain Loyalty,0.1,588.046
16012,35,5,2989.79,1766,4,4,5,445,VIP Loyal,P2 - Maintain Loyalty,0.1,298.979
16013,4,84,57446.44,25952,5,5,5,555,VIP Loyal,P2 - Maintain Loyalty,0.1,5744.644
16014,38,5,1130.27,478,4,4,3,443,Growth Potential,P3 - Upsell Opportunity,0.15,169.54049999999998
16015,4,3,705.39,909,5,3,3,533,Growth Potential,P3 - Upsell Opportunity,0.15,105.8085
16016,3,11,2533.94,1059,5,5,4,554,VIP Loyal,P2 - Maintain Loyalty,0.1,253.394
16017,47,5,1553.83,640,4,4,4,444,VIP Loyal,P2 - Maintain Loyalty,0.1,155.383
16018,39,4,698.13,503,4,4,3,443,Growth Potential,P3 - Upsell Opportunity,0.15,104.7195
16019,47,27,17465.85,6976,4,5,5,455,VIP Loyal,P2 - Maintain Loyalty,0.1,1746.585
16020,17,3,851.01,487,5,3,3,533,Growth Potential,P3 - Upsell Opportunity,0.15,127.6515
16021,395,2,532.25,297,2,2,2,222,Low Priority,P5 - Minimal Effort,0.0,0.0
16022,260,1,628.28,261,2,1,3,213,Low Priority,P5 - Minimal Effort,0.0,0.0
16023,46,3,719.81,358,4,3,3,433,Growth Potential,P3 - Upsell Opportunity,0.15,107.97149999999999
16024,12,3,484.2,505,5,3,2,532,New/Low Spend Active,P4 - Nurture,0.05,24.21
16025,30,1,439.65999999999997,338,4,1,2,412,New/Low Spend Active,P4 - Nurture,0.05,21.983
16026,43,1,236.09,243,4,1,1,411,New/Low Spend Active,P4 - Nurture,0.05,11.8045
16027,92,15,2048.36,2099,3,5,4,354,Growth Potential,P3 - Upsell Opportunity,0.15,307.254
16028,596,1,82.2,18,1,1,1,111,Low Priority,P5 - Minimal Effort,0.0,0.0
16029,39,107,122209.14,56486,4,5,5,455,VIP Loyal,P2 - Maintain Loyalty,0.1,12220.914
16030,310,1,331.24,283,2,1,2,212,Low Priority,P5 - Minimal Effort,0.0,0.0
16031,92,2,548.94,423,3,2,2,322,Low Priority,P5 - Minimal Effort,0.0,0.0
16032,456,6,1970.45,1480,1,4,4,144,High Value At Risk,P1 - Immediate Retention,0.35,689.6575
16033,6,27,10836.13,4288,5,5,5,555,VIP Loyal,P2 - Maintain Loyalty,0.1,1083.613
16034,196,6,928.72,597,2,4,3,243,Growth Potential,P3 - Upsell Opportunity,0.15,139.308
16035,560,1,217.73,33,1,1,1,111,Low Priority,P5 - Minimal Effort,0.0,0.0
16036,87,4,2556.84,1369,3,4,4,344,Growth Potential,P3 - Upsell Opportunity,0.15,383.526
16037,270,5,1509.34,766,2,4,4,244,High Value At Risk,P1 - Immediate Retention,0.35,528.2689999999999
16038,8,3,471.78000000000003,244,5,3,2,532,New/Low Spend Active,P4 - Nurture,0.05,23.589000000000002
16039,424,2,456.4,409,1,2,2,122,Low Priority,P5 - Minimal Effort,0.0,0.0
16040,65,7,2416.9,1185,3,4,4,344,Growth Potential,P3 - Upsell Opportunity,0.15,362.535
16041,31,3,3166.4,1584,4,3,5,435,VIP Loyal,P2 - Maintain Loyalty,0.1,316.64000000000004
16042,22,8,2265.12,1442,4,4,4,444,VIP Loyal,P2 - Maintain Loyalty,0.1,226.512
16043,38,8,1856.5900000000001,1011,4,4,4,444,VIP Loyal,P2 - Maintain Loyalty,0.1,185.65900000000002
16044,435,1,340.84000000000003,170,1,1,2,112,Low Priority,P5 - Minimal Effort,0.0,0.0
16045,120,8,3434.9300000000003,2108,3,4,5,345,Growth Potential,P3 - Upsell Opportunity,0.15,515.2395
16046,562,1,235.78,248,1,1,1,111,Low Priority,P5 - Minimal Effort,0.0,0.0
16047,682,1,107.14,1,1,1,1,111,Low Priority,P5 - Minimal Effort,0.0,0.0
16048,373,4,1075.23,569,2,4,3,243,Growth Potential,P3 - Upsell Opportunity,0.15,161.2845
16049,40,6,1899.68,1165,4,4,4,444,VIP Loyal,P2 - Maintain Loyalty,0.1,189.96800000000002
16050,174,3,300.7,388,3,3,2,332,Low Priority,P5 - Minimal Effort,0.0,0.0
16051,682,1,188.44,80,1,1,1,111,Low Priority,P5 - Minimal Effort,0.0,0.0
16052,54,1,362.06,282,4,1,2,412,New/Low Spend Active,P4 - Nurture,0.05,18.103
16053,33,6,3634.84,3067,4,4,5,445,VIP Loyal,P2 - Maintain Loyalty,0.1,363.48400000000004
16054,145,4,2111.88,791,3,4,4,344,Growth Potential,P3 - Upsell Opportunity,0.15,316.782
16055,221,1,134.8,22,2,1,1,211,Low Priority,P5 - Minimal Effort,0.0,0.0
16056,45,1,664.85,347,4,1,3,413,Low Priority,P5 - Minimal Effort,0.0,0.0
16057,16,10,3854.85,1691,5,5,5,555,VIP Loyal,P2 - Maintain Loyalty,0.1,385.485
16058,406,1,62.7,18,2,1,1,211,Low Priority,P5 - Minimal Effort,0.0,0.0
16059,66,12,3217.77,1509,3,5,5,355,Growth Potential,P3 - Upsell Opportunity,0.15,482.66549999999995
16060,401,3,541.95,243,2,3,2,232,Low Priority,P5 - Minimal Effort,0.0,0.0
16061,431,1,89.65,19,1,1,1,111,Low Priority,P5 - Minimal Effort,0.0,0.0
16062,10,8,2863.45,2035,5,5,4,554,VIP Loyal,P2 - Maintain Loyalty,0.1,286.34499999999997
16063,260,1,335.32,262,2,1,2,212,Low Priority,P5 - Minimal Effort,0.0,0.0
16064,725,1,111.0,56,1,1,1,111,Low Priority,P5 - Minimal Effort,0.0,0.0
16065,365,8,2382.62,1447,2,5,4,254,High Value At Risk,P1 - Immediate Retention,0.35,833.9169999999999
16066,17,5,1521.87,936,5,4,4,544,VIP Loyal,P2 - Maintain Loyalty,0.1,152.18699999999998
16067,563,3,3395.29,1279,1,3,5,135,High Value At Risk,P1 - Immediate Retention,0.35,1188.3515
16068,594,1,122.93,52,1,1,1,111,Low Priority,P5 - Minimal Effort,0.0,0.0
16069,418,1,457.7,138,1,1,2,112,Low Priority,P5 - Minimal Effort,0.0,0.0
16070,22,2,852.15,457,4,2,3,423,Low Priority,P5 - Minimal Effort,0.0,0.0
16071,45,4,1076.8,697,4,4,3,443,Growth Potential,P3 - Upsell Opportunity,0.15,161.51999999999998
16072,288,4,4328.89,1611,2,4,5,245,High Value At Risk,P1 - Immediate Retention,0.35,1515.1115
16073,297,1,122.39999999999999,48,2,1,1,211,Low Priority,P5 - Minimal Effort,0.0,0.0
16074,390,1,265.25,39,2,1,1,211,Low Priority,P5 - Minimal Effort,0.0,0.0
16075,503,2,736.9300000000001,271,1,2,3,123,Low Priority,P5 - Minimal Effort,0.0,0.0
16076,3,10,2234.73,1435,5,5,4,554,VIP Loyal,P2 - Maintain Loyalty,0.1,223.473
16077,626,1,2300.4,840,1,1,4,114,High Value At Risk,P1 - Immediate Retention,0.35,805.14
16078,284,2,362.99,200,2,2,2,222,Low Priority,P5 - Minimal Effort,0.0,0.0
16079,17,3,1352.0,864,5,3,4,534,VIP Loyal,P2 - Maintain Loyalty,0.1,135.20000000000002
16080,82,4,602.5600000000001,298,3,4,2,342,Low Priority,P5 - Minimal Effort,0.0,0.0
16081,56,8,4460.18,2244,4,5,5,455,VIP Loyal,P2 - Maintain Loyalty,0.1,446.01800000000003
16082,670,1,106.75,39,1,1,1,111,Low Priority,P5 - Minimal Effort,0.0,0.0
16083,101,4,2351.42,1514,3,4,4,344,Growth Potential,P3 - Upsell Opportunity,0.15,352.713
16084,299,1,436.18,216,2,1,2,212,Low Priority,P5 - Minimal Effort,0.0,0.0
16085,23,12,2343.53,1384,4,5,4,454,VIP Loyal,P2 - Maintain Loyalty,0.1,234.35300000000004
16086,59,10,2864.9900000000002,1526,4,5,4,454,VIP Loyal,P2 - Maintain Loyalty,0.1,286.499
16087,389,5,1739.92,664,2,4,4,244,High Value At Risk,P1 - Immediate Retention,0.35,608.972
16088,576,2,1437.43,373,1,2,4,124,High Value At Risk,P1 - Immediate Retention,0.35,503.1005
16089,386,2,271.44,122,2,2,1,221,Low Priority,P5 - Minimal Effort,0.0,0.0
16090,624,1,205.91,65,1,1,1,111,Low Priority,P5 - Minimal Effort,0.0,0.0
16091,155,2,315.06,154,3,2,2,322,Low Priority,P5 - Minimal Effort,0.0,0.0
16092,115,6,1587.94,1188,3,4,4,344,Growth Potential,P3 - Upsell Opportunity,0.15,238.191
16093,107,1,17.0,20,3,1,1,311,Low Priority,P5 - Minimal Effort,0.0,0.0
16094,12,11,3695.56,2020,5,5,5,555,VIP Loyal,P2 - Maintain Loyalty,0.1,369.55600000000004
16095,456,1,447.05,265,1,1,2,112,Low Priority,P5 - Minimal Effort,0.0,0.0
16096,264,4,1584.97,700,2,4,4,244,High Value At Risk,P1 - Immediate Retention,0.35,554.7395
16097,240,1,185.04999999999998,87,2,1,1,211,Low Priority,P5 - Minimal Effort,0.0,0.0
16098,88,14,4448.1,2150,3,5,5,355,Growth Potential,P3 - Upsell Opportunity,0.15,667.215
16099,50,7,1573.2,960,4,4,4,444,VIP Loyal,P2 - Maintain Loyalty,0.1,157.32000000000002
16100,463,1,582.64,438,1,1,2,112,Low Priority,P5 - Minimal Effort,0.0,0.0
16101,71,4,3229.16,1844,3,4,5,345,Growth Potential,P3 - Upsell Opportunity,0.15,484.37399999999997
16102,42,3,1842.14,942,4,3,4,434,VIP Loyal,P2 - Maintain Loyalty,0.1,184.21400000000003
16103,7,22,6191.71,2639,5,5,5,555,VIP Loyal,P2 - Maintain Loyalty,0.1,619.171
16104,62,9,2778.61,1048,3,5,4,354,Growth Potential,P3 - Upsell Opportunity,0.15,416.7915
16105,249,5,2386.19,2125,2,4,4,244,High Value At Risk,P1 - Immediate Retention,0.35,835.1664999999999
16106,66,1,108.38,74,3,1,1,311,Low Priority,P5 - Minimal Effort,0.0,0.0
16107,18,7,3204.1600000000003,1176,5,4,5,545,VIP Loyal,P2 - Maintain Loyalty,0.1,320.41600000000005
16108,85,4,2235.92,1473,3,4,4,344,Growth Potential,P3 - Upsell Opportunity,0.15,335.388
16109,219,3,939.48,1092,2,3,3,233,Growth Potential,P3 - Upsell Opportunity,0.15,140.922
16110,45,4,1819.27,902,4,4,4,444,VIP Loyal,P2 - Maintain Loyalty,0.1,181.92700000000002
16111,428,1,562.48,236,1,1,2,112,Low Priority,P5 - Minimal Effort,0.0,0.0
16112,143,4,195.73999999999998,574,3,4,1,341,Low Priority,P5 - Minimal Effort,0.0,0.0
16113,183,1,161.38,176,3,1,1,311,Low Priority,P5 - Minimal Effort,0.0,0.0
16114,171,1,135.75000000000003,43,3,1,1,311,Low Priority,P5 - Minimal Effort,0.0,0.0
16115,10,12,2575.14,1601,5,5,4,554,VIP Loyal,P2 - Maintain Loyalty,0.1,257.514
16116,212,1,612.78,248,2,1,2,212,Low Priority,P5 - Minimal Effort,0.0,0.0
16117,190,3,654.4,321,2,3,3,233,Growth Potential,P3 - Upsell Opportunity,0.15,98.16
16118,653,1,4376.25,2851,1,1,5,115,High Value At Risk,P1 - Immediate Retention,0.35,1531.6875
16119,8,8,1720.81,811,5,5,4,554,VIP Loyal,P2 - Maintain Loyalty,0.1,172.08100000000002
16120,59,6,3056.91,2205,4,4,5,445,VIP Loyal,P2 - Maintain Loyalty,0.1,305.691
16121,57,5,1477.09,897,4,4,4,444,VIP Loyal,P2 - Maintain Loyalty,0.1,147.709
16122,73,6,1001.34,1398,3,4,3,343,Growth Potential,P3 - Upsell Opportunity,0.15,150.201
16123,52,1,307.78,170,4,1,2,412,New/Low Spend Active,P4 - Nurture,0.05,15.389
16124,317,4,1772.49,797,2,4,4,244,High Value At Risk,P1 - Immediate Retention,0.35,620.3715
16125,367,14,4587.65,1944,2,5,5,255,High Value At Risk,P1 - Immediate Retention,0.35,1605.6774999999998
16126,29,15,14646.800000000001,6142,4,5,5,455,VIP Loyal,P2 - Maintain Loyalty,0.1,1464.6800000000003
16127,39,2,801.31,391,4,2,3,423,Low Priority,P5 - Minimal Effort,0.0,0.0
16128,18,11,3801.05,2445,5,5,5,555,VIP Loyal,P2 - Maintain Loyalty,0.1,380.105
16129,407,3,1396.05,1261,2,3,4,234,High Value At Risk,P1 - Immediate Retention,0.35,488.61749999999995
16130,422,4,987.48,296,1,4,3,143,Growth Potential,P3 - Upsell Opportunity,0.15,148.12199999999999
16131,52,12,9957.42,4768,4,5,5,455,VIP Loyal,P2 - Maintain Loyalty,0.1,995.7420000000001
16132,544,2,664.1999999999999,280,1,2,3,123,Low Priority,P5 - Minimal Effort,0.0,0.0
16133,4,56,22992.260000000002,13653,5,5,5,555,VIP Loyal,P2 - Maintain Loyalty,0.1,2299.226
16134,22,5,2145.34,1637,4,4,4,444,VIP Loyal,P2 - Maintain Loyalty,0.1,214.53400000000002
16135,263,2,819.45,395,2,2,3,223,Low Priority,P5 - Minimal Effort,0.0,0.0
16136,60,4,946.8,674,3,4,3,343,Growth Potential,P3 - Upsell Opportunity,0.15,142.01999999999998
16137,680,1,422.7,210,1,1,2,112,Low Priority,P5 - Minimal Effort,0.0,0.0
16138,379,3,910.35,774,2,3,3,233,Growth Potential,P3 - Upsell Opportunity,0.15,136.5525
16139,19,5,1111.15,602,5,4,3,543,Growth Potential,P3 - Upsell Opportunity,0.15,166.6725
16140,66,3,1557.6000000000001,1376,3,3,4,334,Growth Potential,P3 - Upsell Opportunity,0.15,233.64000000000001
16141,88,2,955.94,410,3,2,3,323,Low Priority,P5 - Minimal Effort,0.0,0.0
16142,250,1,535.34,422,2,1,2,212,Low Priority,P5 - Minimal Effort,0.0,0.0
16143,3,12,4910.83,2011,5,5,5,555,VIP Loyal,P2 - Maintain Loyalty,0.1,491.083
16144,247,1,175.2,16,2,1,1,211,Low Priority,P5 - Minimal Effort,0.0,0.0
16145,9,19,6805.4400000000005,5270,5,5,5,555,VIP Loyal,P2 - Maintain Loyalty,0.1,680.5440000000001
16146,157,4,946.38,544,3,4,3,343,Growth Potential,P3 - Upsell Opportunity,0.15,141.957
16147,134,5,2398.91,1395,3,4,4,344,Growth Potential,P3 - Upsell Opportunity,0.15,359.83649999999994
16148,296,2,386.62,250,2,2,2,222,Low Priority,P5 - Minimal Effort,0.0,0.0
16149,5,3,422.22,598,5,3,2,532,New/Low Spend Active,P4 - Nurture,0.05,21.111000000000004
16150,43,10,4395.59,2164,4,5,5,455,VIP Loyal,P2 - Maintain Loyalty,0.1,439.559
16152,269,1,1829.04,642,2,1,4,214,High Value At Risk,P1 - Immediate Retention,0.35,640.164
16153,50,11,5133.49,3693,4,5,5,455,VIP Loyal,P2 - Maintain Loyalty,0.1,513.349
16155,382,5,796.9,495,2,4,3,243,Growth Potential,P3 - Upsell Opportunity,0.15,119.535
16156,9,20,6218.18,3240,5,5,5,555,VIP Loyal,P2 - Maintain Loyalty,0.1,621.8180000000001
16157,16,3,656.69,347,5,3,3,533,Growth Potential,P3 - Upsell Opportunity,0.15,98.5035
16158,522,9,628.32,182,1,5,3,153,Growth Potential,P3 - Upsell Opportunity,0.15,94.248
16159,282,4,1232.79,635,2,4,3,243,Growth Potential,P3 - Upsell Opportunity,0.15,184.9185
16160,65,2,1025.44,1162,3,2,3,323,Low Priority,P5 - Minimal Effort,0.0,0.0
16161,2,43,12831.8,6380,5,5,5,555,VIP Loyal,P2 - Maintain Loyalty,0.1,1283.18
16162,252,1,37.4,4,2,1,1,211,Low Priority,P5 - Minimal Effort,0.0,0.0
16163,232,6,2849.58,768,2,4,4,244,High Value At Risk,P1 - Immediate Retention,0.35,997.353
16164,17,3,822.48,433,5,3,3,533,Growth Potential,P3 - Upsell Opportunity,0.15,123.372
16165,505,1,79.9,2,1,1,1,111,Low Priority,P5 - Minimal Effort,0.0,0.0
16166,428,2,435.83,173,1,2,2,122,Low Priority,P5 - Minimal Effort,0.0,0.0
16167,414,5,1386.1200000000001,1494,1,4,4,144,High Value At Risk,P1 - Immediate Retention,0.35,485.142
16168,11,66,10636.47,5099,5,5,5,555,VIP Loyal,P2 - Maintain Loyalty,0.1,1063.647
16169,8,4,1822.97,1325,5,4,4,544,VIP Loyal,P2 - Maintain Loyalty,0.1,182.29700000000003
16170,51,20,6869.0,6056,4,5,5,455,VIP Loyal,P2 - Maintain Loyalty,0.1,686.9000000000001
16171,59,1,73.2,24,4,1,1,411,New/Low Spend Active,P4 - Nurture,0.05,3.66
16172,95,8,1884.55,1419,3,5,4,354,Growth Potential,P3 - Upsell Opportunity,0.15,282.6825
16173,16,6,1418.32,575,5,4,4,544,VIP Loyal,P2 - Maintain Loyalty,0.1,141.832
16174,126,7,2246.75,1431,3,4,4,344,Growth Potential,P3 - Upsell Opportunity,0.15,337.0125
16175,94,7,1836.44,932,3,4,4,344,Growth Potential,P3 - Upsell Opportunity,0.15,275.466
16176,421,4,2052.69,952,1,4,4,144,High Value At Risk,P1 - Immediate Retention,0.35,718.4415
16177,50,8,2247.31,1021,4,5,4,454,VIP Loyal,P2 - Maintain Loyalty,0.1,224.731
16178,138,2,612.6,304,3,2,2,322,Low Priority,P5 - Minimal Effort,0.0,0.0
16179,61,1,215.83,99,3,1,1,311,Low Priority,P5 - Minimal Effort,0.0,0.0
16180,100,13,16249.87,9813,3,5,5,355,Growth Potential,P3 - Upsell Opportunity,0.15,2437.4805
16181,73,1,305.54,152,3,1,2,312,Low Priority,P5 - Minimal Effort,0.0,0.0
16182,72,9,9971.65,5887,3,5,5,355,Growth Potential,P3 - Upsell Opportunity,0.15,1495.7475
16183,67,4,1077.81,351,3,4,3,343,Growth Potential,P3 - Upsell Opportunity,0.15,161.67149999999998
16184,64,6,1158.79,561,3,4,3,343,Growth Potential,P3 - Upsell Opportunity,0.15,173.8185
16185,17,3,644.72,321,5,3,3,533,Growth Potential,P3 - Upsell Opportunity,0.15,96.708
16186,23,26,9026.11,6825,4,5,5,455,VIP Loyal,P2 - Maintain Loyalty,0.1,902.6110000000001
16187,32,15,6911.4400000000005,5048,4,5,5,455,VIP Loyal,P2 - Maintain Loyalty,0.1,691.1440000000001
16188,45,5,1087.66,838,4,4,3,443,Growth Potential,P3 - Upsell Opportunity,0.15,163.149
16189,16,2,215.48,134,5,2,1,521,New/Low Spend Active,P4 - Nurture,0.05,10.774000000000001
16190,40,8,2723.55,1231,4,5,4,454,VIP Loyal,P2 - Maintain Loyalty,0.1,272.355
16191,3,24,15688.02,9360,5,5,5,555,VIP Loyal,P2 - Maintain Loyalty,0.1,1568.8020000000001
16192,736,1,351.3,208,1,1,2,112,Low Priority,P5 - Minimal Effort,0.0,0.0
16193,237,2,630.43,379,2,2,3,223,Low Priority,P5 - Minimal Effort,0.0,0.0
16194,375,1,308.59999999999997,140,2,1,2,212,Low Priority,P5 - Minimal Effort,0.0,0.0
16195,723,1,323.25,123,1,1,2,112,Low Priority,P5 - Minimal Effort,0.0,0.0
16196,489,1,93.3,26,1,1,1,111,Low Priority,P5 - Minimal Effort,0.0,0.0
16197,469,9,2016.71,1420,1,5,4,154,High Value At Risk,P1 - Immediate Retention,0.35,705.8485
16198,75,2,1030.0410000000002,384,3,2,3,323,Low Priority,P5 - Minimal Effort,0.0,0.0
16199,392,7,942.75,321,2,4,3,243,Growth Potential,P3 - Upsell Opportunity,0.15,141.4125
16200,4,12,5643.45,3089,5,5,5,555,VIP Loyal,P2 - Maintain Loyalty,0.1,564.345
16201,3,5,2112.12,1421,5,4,4,544,VIP Loyal,P2 - Maintain Loyalty,0.1,211.212
16202,361,9,2501.9900000000002,1307,2,5,4,254,High Value At Risk,P1 - Immediate Retention,0.35,875.6965
16203,59,6,1114.54,607,4,4,3,443,Growth Potential,P3 - Upsell Opportunity,0.15,167.18099999999998
16204,23,3,944.24,686,4,3,3,433,Growth Potential,P3 - Upsell Opportunity,0.15,141.636
16205,31,7,1830.61,1455,4,4,4,444,VIP Loyal,P2 - Maintain Loyalty,0.1,183.061
16206,55,13,2602.32,1384,4,5,4,454,VIP Loyal,P2 - Maintain Loyalty,0.1,260.232
16207,25,1,394.38,140,4,1,2,412,New/Low Spend Active,P4 - Nurture,0.05,19.719
16208,45,10,3440.45,1541,4,5,5,455,VIP Loyal,P2 - Maintain Loyalty,0.1,344.045
16209,89,9,4146.78,1895,3,5,5,355,Growth Potential,P3 - Upsell Opportunity,0.15,622.0169999999999
16210,2,35,38489.51,14263,5,5,5,555,VIP Loyal,P2 - Maintain Loyalty,0.1,3848.9510000000005
16211,89,3,1090.59,519,3,3,3,333,Growth Potential,P3 - Upsell Opportunity,0.15,163.58849999999998
16212,19,4,1293.71,571,5,4,4,544,VIP Loyal,P2 - Maintain Loyalty,0.1,129.371
16213,79,1,159.0,48,3,1,1,311,Low Priority,P5 - Minimal Effort,0.0,0.0
16214,171,4,2038.25,1308,3,4,4,344,Growth Potential,P3 - Upsell Opportunity,0.15,305.7375
16215,81,1,242.35,104,3,1,1,311,Low Priority,P5 - Minimal Effort,0.0,0.0
16216,267,1,914.9300000000001,254,2,1,3,213,Low Priority,P5 - Minimal Effort,0.0,0.0
16217,235,2,304.25,91,2,2,2,222,Low Priority,P5 - Minimal Effort,0.0,0.0
16218,30,13,4439.97,3237,4,5,5,455,VIP Loyal,P2 - Maintain Loyalty,0.1,443.99700000000007
16219,501,1,40.8,48,1,1,1,111,Low Priority,P5 - Minimal Effort,0.0,0.0
16221,37,9,2235.5099999999998,1515,4,5,4,454,VIP Loyal,P2 - Maintain Loyalty,0.1,223.551
16222,318,2,1345.22,503,2,2,4,224,High Value At Risk,P1 - Immediate Retention,0.35,470.827
16223,375,2,1102.3500000000001,651,2,2,3,223,Low Priority,P5 - Minimal Effort,0.0,0.0
16224,57,5,1616.54,1555,4,4,4,444,VIP Loyal,P2 - Maintain Loyalty,0.1,161.654
16225,45,15,2867.4100000000003,1285,4,5,4,454,VIP Loyal,P2 - Maintain Loyalty,0.1,286.74100000000004
16226,203,5,672.1700000000001,521,2,4,3,243,Growth Potential,P3 - Upsell Opportunity,0.15,100.8255
16227,225,3,1027.22,436,2,3,3,233,Growth Potential,P3 - Upsell Opportunity,0.15,154.083
16228,385,3,890.8100000000001,561,2,3,3,233,Growth Potential,P3 - Upsell Opportunity,0.15,133.6215
16229,87,6,2867.86,1292,3,4,4,344,Growth Potential,P3 - Upsell Opportunity,0.15,430.17900000000003
16230,190,2,542.03,365,2,2,2,222,Low Priority,P5 - Minimal Effort,0.0,0.0
16231,379,4,1078.22,564,2,4,3,243,Growth Potential,P3 - Upsell Opportunity,0.15,161.733
16232,44,7,2712.97,1849,4,4,4,444,VIP Loyal,P2 - Maintain Loyalty,0.1,271.29699999999997
16233,71,9,1965.71,689,3,5,4,354,Growth Potential,P3 - Upsell Opportunity,0.15,294.8565
16234,476,3,333.18,170,1,3,2,132,Low Priority,P5 - Minimal Effort,0.0,0.0
16235,41,9,2053.71,788,4,5,4,454,VIP Loyal,P2 - Maintain Loyalty,0.1,205.371
16236,78,1,432.2,184,3,1,2,312,Low Priority,P5 - Minimal Effort,0.0,0.0
16237,437,1,136.65,57,1,1,1,111,Low Priority,P5 - Minimal Effort,0.0,0.0
16238,423,1,63.66,85,1,1,1,111,Low Priority,P5 - Minimal Effort,0.0,0.0
16239,57,6,1492.2,692,4,4,4,444,VIP Loyal,P2 - Maintain Loyalty,0.1,149.22
16240,24,2,3718.8,1641,4,2,5,425,VIP Loyal,P2 - Maintain Loyalty,0.1,371.88000000000005
16241,10,16,4329.31,2377,5,5,5,555,VIP Loyal,P2 - Maintain Loyalty,0.1,432.93100000000004
16242,8,14,7474.4,3955,5,5,5,555,VIP Loyal,P2 - Maintain Loyalty,0.1,747.44
16243,34,2,409.1,110,4,2,2,422,New/Low Spend Active,P4 - Nurture,0.05,20.455000000000002
16244,212,2,2579.38,1474,2,2,4,224,High Value At Risk,P1 - Immediate Retention,0.35,902.783
16245,24,3,1413.66,1014,4,3,4,434,VIP Loyal,P2 - Maintain Loyalty,0.1,141.366
16246,460,2,827.25,338,1,2,3,123,Low Priority,P5 - Minimal Effort,0.0,0.0
16247,170,1,114.56,182,3,1,1,311,Low Priority,P5 - Minimal Effort,0.0,0.0
16248,62,1,152.94,78,3,1,1,311,Low Priority,P5 - Minimal Effort,0.0,0.0
16249,53,5,1800.07,950,4,4,4,444,VIP Loyal,P2 - Maintain Loyalty,0.1,180.007
16250,261,3,791.38,376,2,3,3,233,Growth Potential,P3 - Upsell Opportunity,0.15,118.707
16251,512,1,128.31,44,1,1,1,111,Low Priority,P5 - Minimal Effort,0.0,0.0
16252,383,1,295.09000000000003,158,2,1,2,212,Low Priority,P5 - Minimal Effort,0.0,0.0
16253,67,7,7310.15,6061,3,4,5,345,Growth Potential,P3 - Upsell Opportunity,0.15,1096.5224999999998
16254,378,3,985.14,549,2,3,3,233,Growth Potential,P3 - Upsell Opportunity,0.15,147.771
16255,17,15,4906.8,3050,5,5,5,555,VIP Loyal,P2 - Maintain Loyalty,0.1,490.68000000000006
16256,267,3,1629.37,1590,2,3,4,234,High Value At Risk,P1 - Immediate Retention,0.35,570.2794999999999
16257,177,1,46.95,2,3,1,1,311,Low Priority,P5 - Minimal Effort,0.0,0.0
16258,45,15,11942.52,7200,4,5,5,455,VIP Loyal,P2 - Maintain Loyalty,0.1,1194.2520000000002
16259,410,3,361.94,162,2,3,2,232,Low Priority,P5 - Minimal Effort,0.0,0.0
16260,51,1,1035.45,311,4,1,3,413,Low Priority,P5 - Minimal Effort,0.0,0.0
16261,17,6,1059.45,459,5,4,3,543,Growth Potential,P3 - Upsell Opportunity,0.15,158.9175
16262,378,1,755.15,446,2,1,3,213,Low Priority,P5 - Minimal Effort,0.0,0.0
16263,423,1,351.01,200,1,1,2,112,Low Priority,P5 - Minimal Effort,0.0,0.0
16264,438,2,837.53,632,1,2,3,123,Low Priority,P5 - Minimal Effort,0.0,0.0
16265,9,12,6935.17,3214,5,5,5,555,VIP Loyal,P2 - Maintain Loyalty,0.1,693.517
16266,74,14,1757.95,791,3,5,4,354,Growth Potential,P3 - Upsell Opportunity,0.15,263.6925
16267,591,1,186.66,198,1,1,1,111,Low Priority,P5 - Minimal Effort,0.0,0.0
16268,71,2,667.65,533,3,2,3,323,Low Priority,P5 - Minimal Effort,0.0,0.0
16269,438,1,717.57,579,1,1,3,113,Low Priority,P5 - Minimal Effort,0.0,0.0
16270,353,1,1141.24,688,2,1,3,213,Low Priority,P5 - Minimal Effort,0.0,0.0
16271,3,10,3463.02,2399,5,5,5,555,VIP Loyal,P2 - Maintain Loyalty,0.1,346.302
16272,117,1,411.7,224,3,1,2,312,Low Priority,P5 - Minimal Effort,0.0,0.0
16273,648,2,336.03999999999996,46,1,2,2,122,Low Priority,P5 - Minimal Effort,0.0,0.0
16274,373,1,715.9,310,2,1,3,213,Low Priority,P5 - Minimal Effort,0.0,0.0
16275,197,3,2151.11,1268,2,3,4,234,High Value At Risk,P1 - Immediate Retention,0.35,752.8885
16276,177,3,2629.3900000000003,1467,3,3,4,334,Growth Potential,P3 - Upsell Opportunity,0.15,394.40850000000006
16277,734,1,188.69,33,1,1,1,111,Low Priority,P5 - Minimal Effort,0.0,0.0
16278,100,3,1117.84,342,3,3,3,333,Growth Potential,P3 - Upsell Opportunity,0.15,167.676
16279,21,9,5705.08,3691,4,5,5,455,VIP Loyal,P2 - Maintain Loyalty,0.1,570.508
16280,725,1,238.05,101,1,1,1,111,Low Priority,P5 - Minimal Effort,0.0,0.0
16281,72,3,3424.02,1570,3,3,5,335,Growth Potential,P3 - Upsell Opportunity,0.15,513.603
16282,340,3,1307.58,790,2,3,4,234,High Value At Risk,P1 - Immediate Retention,0.35,457.65299999999996
16283,6,8,4403.82,2889,5,5,5,555,VIP Loyal,P2 - Maintain Loyalty,0.1,440.382
16284,31,3,1029.77,683,4,3,3,433,Growth Potential,P3 - Upsell Opportunity,0.15,154.4655
16285,646,1,176.9,60,1,1,1,111,Low Priority,P5 - Minimal Effort,0.0,0.0
16286,477,2,328.95,101,1,2,2,122,Low Priority,P5 - Minimal Effort,0.0,0.0
16287,170,5,1006.98,1426,3,4,3,343,Growth Potential,P3 - Upsell Opportunity,0.15,151.047
16288,470,1,129.85,19,1,1,1,111,Low Priority,P5 - Minimal Effort,0.0,0.0
16289,462,1,136.31,97,1,1,1,111,Low Priority,P5 - Minimal Effort,0.0,0.0
16290,465,4,2069.3,1001,1,4,4,144,High Value At Risk,P1 - Immediate Retention,0.35,724.255
16291,682,1,117.72,1,1,1,1,111,Low Priority,P5 - Minimal Effort,0.0,0.0
16292,122,5,1253.76,688,3,4,4,344,Growth Potential,P3 - Upsell Opportunity,0.15,188.064
16293,22,15,4657.95,2022,4,5,5,455,VIP Loyal,P2 - Maintain Loyalty,0.1,465.795
16294,477,1,126.05000000000001,54,1,1,1,111,Low Priority,P5 - Minimal Effort,0.0,0.0
16295,10,4,1328.55,841,5,4,4,544,VIP Loyal,P2 - Maintain Loyalty,0.1,132.855
16296,626,4,1313.67,645,1,4,4,144,High Value At Risk,P1 - Immediate Retention,0.35,459.7845
16297,269,1,301.9,206,2,1,2,212,Low Priority,P5 - Minimal Effort,0.0,0.0
16298,23,7,1085.7,308,4,4,3,443,Growth Potential,P3 - Upsell Opportunity,0.15,162.855
16299,477,1,193.65,107,1,1,1,111,Low Priority,P5 - Minimal Effort,0.0,0.0
16300,430,3,1392.43,658,1,3,4,134,High Value At Risk,P1 - Immediate Retention,0.35,487.3505
16301,737,1,107.33,41,1,1,1,111,Low Priority,P5 - Minimal Effort,0.0,0.0
16302,127,1,233.22,158,3,1,1,311,Low Priority,P5 - Minimal Effort,0.0,0.0
16303,26,7,7928.27,3859,4,4,5,445,VIP Loyal,P2 - Maintain Loyalty,0.1,792.8270000000001
16304,695,1,381.66,228,1,1,2,112,Low Priority,P5 - Minimal Effort,0.0,0.0
16305,139,1,361.21999999999997,256,3,1,2,312,Low Priority,P5 - Minimal Effort,0.0,0.0
16306,214,7,1192.82,742,2,4,3,243,Growth Potential,P3 - Upsell Opportunity,0.15,178.92299999999997
16307,429,3,1194.92,1123,1,3,3,133,Growth Potential,P3 - Upsell Opportunity,0.15,179.238
16308,38,7,5120.0,16000,4,4,5,445,VIP Loyal,P2 - Maintain Loyalty,0.1,512.0
16309,106,2,706.57,467,3,2,3,323,Low Priority,P5 - Minimal Effort,0.0,0.0
16310,414,2,460.08,270,1,2,2,122,Low Priority,P5 - Minimal Effort,0.0,0.0
16311,18,2,616.26,394,5,2,2,522,New/Low Spend Active,P4 - Nurture,0.05,30.813000000000002
16312,432,1,171.15,53,1,1,1,111,Low Priority,P5 - Minimal Effort,0.0,0.0
16313,3,2,274.15000000000003,165,5,2,1,521,New/Low Spend Active,P4 - Nurture,0.05,13.707500000000003
16314,390,3,1491.4,636,2,3,4,234,High Value At Risk,P1 - Immediate Retention,0.35,521.99
16315,331,2,402.71,143,2,2,2,222,Low Priority,P5 - Minimal Effort,0.0,0.0
16316,64,13,5744.91,3057,3,5,5,355,Growth Potential,P3 - Upsell Opportunity,0.15,861.7365
16317,120,5,2192.51,1236,3,4,4,344,Growth Potential,P3 - Upsell Opportunity,0.15,328.8765
16318,35,1,328.15,199,4,1,2,412,New/Low Spend Active,P4 - Nurture,0.05,16.4075
16319,218,1,404.40000000000003,72,2,1,2,212,Low Priority,P5 - Minimal Effort,0.0,0.0
16320,172,6,5628.99,3319,3,4,5,345,Growth Potential,P3 - Upsell Opportunity,0.15,844.3485
16321,72,7,604.5500000000001,259,3,4,2,342,Low Priority,P5 - Minimal Effort,0.0,0.0
16322,1,2,326.75,231,5,2,2,522,New/Low Spend Active,P4 - Nurture,0.05,16.337500000000002
16323,196,2,353.66,146,2,2,2,222,Low Priority,P5 - Minimal Effort,0.0,0.0
16324,128,3,428.68,282,3,3,2,332,Low Priority,P5 - Minimal Effort,0.0,0.0
16325,47,12,3597.5,2464,4,5,5,455,VIP Loyal,P2 - Maintain Loyalty,0.1,359.75
16326,6,24,4826.99,1120,5,5,5,555,VIP Loyal,P2 - Maintain Loyalty,0.1,482.699
16327,14,16,10731.34,8540,5,5,5,555,VIP Loyal,P2 - Maintain Loyalty,0.1,1073.134
16328,563,1,310.83,141,1,1,2,112,Low Priority,P5 - Minimal Effort,0.0,0.0
16329,428,4,1703.07,826,1,4,4,144,High Value At Risk,P1 - Immediate Retention,0.35,596.0745
16330,18,7,634.33,327,5,4,3,543,Growth Potential,P3 - Upsell Opportunity,0.15,95.1495
16331,432,6,2037.7,756,1,4,4,144,High Value At Risk,P1 - Immediate Retention,0.35,713.1949999999999
16332,28,11,2010.41,1132,4,5,4,454,VIP Loyal,P2 - Maintain Loyalty,0.1,201.04100000000003
16333,8,22,26626.8,32184,5,5,5,555,VIP Loyal,P2 - Maintain Loyalty,0.1,2662.6800000000003
16334,492,1,277.48,211,1,1,1,111,Low Priority,P5 - Minimal Effort,0.0,0.0
16335,552,7,2774.0,1016,1,4,4,144,High Value At Risk,P1 - Immediate Retention,0.35,970.9
16336,421,4,3517.69,1473,1,4,5,145,High Value At Risk,P1 - Immediate Retention,0.35,1231.1915
16337,37,1,151.05,87,4,1,1,411,New/Low Spend Active,P4 - Nurture,0.05,7.552500000000001
16338,157,1,214.79999999999998,94,3,1,1,311,Low Priority,P5 - Minimal Effort,0.0,0.0
16339,284,1,109.95,23,2,1,1,211,Low Priority,P5 - Minimal Effort,0.0,0.0
16340,107,3,1526.06,1345,3,3,4,334,Growth Potential,P3 - Upsell Opportunity,0.15,228.909
16341,25,7,3850.79,3022,4,4,5,445,VIP Loyal,P2 - Maintain Loyalty,0.1,385.079
16342,75,4,322.41,157,3,4,2,342,Low Priority,P5 - Minimal Effort,0.0,0.0
16343,16,3,687.0699999999999,422,5,3,3,533,Growth Potential,P3 - Upsell Opportunity,0.15,103.06049999999999
16344,158,4,842.42,706,3,4,3,343,Growth Potential,P3 - Upsell Opportunity,0.15,126.36299999999999
16345,44,2,1198.74,620,4,2,3,423,Low Priority,P5 - Minimal Effort,0.0,0.0
16346,385,1,224.51,289,2,1,1,211,Low Priority,P5 - Minimal Effort,0.0,0.0
16347,11,11,3509.41,1750,5,5,5,555,VIP Loyal,P2 - Maintain Loyalty,0.1,350.94100000000003
16348,32,8,1798.22,1178,4,5,4,454,VIP Loyal,P2 - Maintain Loyalty,0.1,179.822
16349,291,1,53.5,9,2,1,1,211,Low Priority,P5 - Minimal Effort,0.0,0.0
16350,21,9,2253.89,1077,4,5,4,454,VIP Loyal,P2 - Maintain Loyalty,0.1,225.389
16351,333,13,3330.0299999999997,2165,2,5,5,255,High Value At Risk,P1 - Immediate Retention,0.35,1165.5104999999999
16352,18,2,494.44,300,5,2,2,522,New/Low Spend Active,P4 - Nurture,0.05,24.722
16353,4,38,9999.460000000001,3531,5,5,5,555,VIP Loyal,P2 - Maintain Loyalty,0.1,999.9460000000001
16354,63,5,1129.51,599,3,4,3,343,Growth Potential,P3 - Upsell Opportunity,0.15,169.4265
16355,375,1,416.35,179,2,1,2,212,Low Priority,P5 - Minimal Effort,0.0,0.0
16356,198,6,415.87,190,2,4,2,242,Low Priority,P5 - Minimal Effort,0.0,0.0
16357,33,4,868.37,389,4,4,3,443,Growth Potential,P3 - Upsell Opportunity,0.15,130.25549999999998
16358,1,5,2919.65,2065,5,4,4,544,VIP Loyal,P2 - Maintain Loyalty,0.1,291.96500000000003
16359,7,16,2697.75,1764,5,5,4,554,VIP Loyal,P2 - Maintain Loyalty,0.1,269.77500000000003
16360,5,6,3512.53,2144,5,4,5,545,VIP Loyal,P2 - Maintain Loyalty,0.1,351.25300000000004
16361,10,4,896.66,421,5,4,3,543,Growth Potential,P3 - Upsell Opportunity,0.15,134.499
16362,32,6,946.94,478,4,4,3,443,Growth Potential,P3 - Upsell Opportunity,0.15,142.041
16363,53,1,109.36000000000001,52,4,1,1,411,New/Low Spend Active,P4 - Nurture,0.05,5.468000000000001
16364,12,2,707.04,280,5,2,3,523,Low Priority,P5 - Minimal Effort,0.0,0.0
16365,18,15,3307.2,1135,5,5,5,555,VIP Loyal,P2 - Maintain Loyalty,0.1,330.72
16366,19,4,1548.1299999999999,882,5,4,4,544,VIP Loyal,P2 - Maintain Loyalty,0.1,154.813
16367,37,3,1362.4,1117,4,3,4,434,VIP Loyal,P2 - Maintain Loyalty,0.1,136.24
16368,2,3,640.21,317,5,3,3,533,Growth Potential,P3 - Upsell Opportunity,0.15,96.03150000000001
16369,18,7,2664.81,1594,5,4,4,544,VIP Loyal,P2 - Maintain Loyalty,0.1,266.481
16370,82,4,1320.56,647,3,4,4,344,Growth Potential,P3 - Upsell Opportunity,0.15,198.08399999999997
16371,449,1,157.2,108,1,1,1,111,Low Priority,P5 - Minimal Effort,0.0,0.0
16372,33,5,1328.61,748,4,4,4,444,VIP Loyal,P2 - Maintain Loyalty,0.1,132.861
16373,382,2,309.49,119,2,2,2,222,Low Priority,P5 - Minimal Effort,0.0,0.0
16374,66,5,1771.45,800,3,4,4,344,Growth Potential,P3 - Upsell Opportunity,0.15,265.7175
16375,470,2,104.0,74,1,2,1,121,Low Priority,P5 - Minimal Effort,0.0,0.0
16376,9,2,987.01,694,5,2,3,523,Low Priority,P5 - Minimal Effort,0.0,0.0
16377,267,2,1308.48,2928,2,2,4,224,High Value At Risk,P1 - Immediate Retention,0.35,457.96799999999996
16378,247,3,362.95,267,2,3,2,232,Low Priority,P5 - Minimal Effort,0.0,0.0
16379,4,4,2157.4,1410,5,4,4,544,VIP Loyal,P2 - Maintain Loyalty,0.1,215.74
16380,61,1,1780.59,1524,3,1,4,314,Low Priority,P5 - Minimal Effort,0.0,0.0
16381,396,2,258.7,112,2,2,1,221,Low Priority,P5 - Minimal Effort,0.0,0.0
16382,408,2,353.1,167,2,2,2,222,Low Priority,P5 - Minimal Effort,0.0,0.0
16383,75,7,2974.84,1620,3,4,5,345,Growth Potential,P3 - Upsell Opportunity,0.15,446.226
16384,90,4,1358.95,861,3,4,4,344,Growth Potential,P3 - Upsell Opportunity,0.15,203.8425
16385,60,5,1030.61,549,3,4,3,343,Growth Potential,P3 - Upsell Opportunity,0.15,154.59149999999997
16386,29,3,1102.59,723,4,3,3,433,Growth Potential,P3 - Upsell Opportunity,0.15,165.3885
16387,323,5,918.55,457,2,4,3,243,Growth Potential,P3 - Upsell Opportunity,0.15,137.7825
16388,654,1,186.05,83,1,1,1,111,Low Priority,P5 - Minimal Effort,0.0,0.0
16389,53,4,1382.07,1242,4,4,4,444,VIP Loyal,P2 - Maintain Loyalty,0.1,138.207
16390,537,3,467.5,122,1,3,2,132,Low Priority,P5 - Minimal Effort,0.0,0.0
16391,401,4,1103.61,748,2,4,3,243,Growth Potential,P3 - Upsell Opportunity,0.15,165.54149999999998
16392,270,3,763.05,609,2,3,3,233,Growth Potential,P3 - Upsell Opportunity,0.15,114.4575
16393,2,23,5561.66,3132,5,5,5,555,VIP Loyal,P2 - Maintain Loyalty,0.1,556.166
16394,57,5,1555.34,2604,4,4,4,444,VIP Loyal,P2 - Maintain Loyalty,0.1,155.534
16395,61,14,3537.85,2919,3,5,5,355,Growth Potential,P3 - Upsell Opportunity,0.15,530.6775
16396,476,1,137.8,80,1,1,1,111,Low Priority,P5 - Minimal Effort,0.0,0.0
16397,628,1,127.88,50,1,1,1,111,Low Priority,P5 - Minimal Effort,0.0,0.0
16398,154,2,1705.8,758,3,2,4,324,Low Priority,P5 - Minimal Effort,0.0,0.0
16399,19,3,641.82,456,5,3,3,533,Growth Potential,P3 - Upsell Opportunity,0.15,96.27300000000001
16400,95,9,3159.44,2159,3,5,5,355,Growth Potential,P3 - Upsell Opportunity,0.15,473.916
16401,1,23,6849.15,6035,5,5,5,555,VIP Loyal,P2 - Maintain Loyalty,0.1,684.915
16402,265,2,511.4,254,2,2,2,222,Low Priority,P5 - Minimal Effort,0.0,0.0
16403,312,1,177.5,114,2,1,1,211,Low Priority,P5 - Minimal Effort,0.0,0.0
16404,70,1,443.05,157,3,1,2,312,Low Priority,P5 - Minimal Effort,0.0,0.0
16405,302,2,167.25,187,2,2,1,221,Low Priority,P5 - Minimal Effort,0.0,0.0
16406,19,3,552.68,271,5,3,2,532,New/Low Spend Active,P4 - Nurture,0.05,27.634
16407,13,14,2821.65,1484,5,5,4,554,VIP Loyal,P2 - Maintain Loyalty,0.1,282.165
16408,591,1,231.93,227,1,1,1,111,Low Priority,P5 - Minimal Effort,0.0,0.0
16409,36,12,5709.04,3706,4,5,5,455,VIP Loyal,P2 - Maintain Loyalty,0.1,570.904
16410,734,1,130.32,348,1,1,1,111,Low Priority,P5 - Minimal Effort,0.0,0.0
16411,19,4,910.1899999999999,543,5,4,3,543,Growth Potential,P3 - Upsell Opportunity,0.15,136.52849999999998
16412,54,5,647.23,311,4,4,3,443,Growth Potential,P3 - Upsell Opportunity,0.15,97.0845
16413,57,2,528.98,284,4,2,2,422,New/Low Spend Active,P4 - Nurture,0.05,26.449
16414,22,5,559.71,202,4,4,2,442,New/Low Spend Active,P4 - Nurture,0.05,27.985500000000002
16415,44,3,719.44,527,4,3,3,433,Growth Potential,P3 - Upsell Opportunity,0.15,107.91600000000001
16416,27,9,2972.88,2210,4,5,5,455,VIP Loyal,P2 - Maintain Loyalty,0.1,297.288
16417,493,1,35.7,6,1,1,1,111,Low Priority,P5 - Minimal Effort,0.0,0.0
16418,45,5,1101.94,580,4,4,3,443,Growth Potential,P3 - Upsell Opportunity,0.15,165.291
16419,113,8,1487.42,721,3,5,4,354,Growth Potential,P3 - Upsell Opportunity,0.15,223.113
16420,396,1,75.0,120,2,1,1,211,Low Priority,P5 - Minimal Effort,0.0,0.0
16421,376,3,526.27,123,2,3,2,232,Low Priority,P5 - Minimal Effort,0.0,0.0
16422,17,109,63651.47,66369,5,5,5,555,VIP Loyal,P2 - Maintain Loyalty,0.1,6365.147000000001
16423,25,1,346.12,230,4,1,2,412,New/Low Spend Active,P4 - Nurture,0.05,17.306
16424,191,2,443.06,212,2,2,2,222,Low Priority,P5 - Minimal Effort,0.0,0.0
16425,302,1,302.7,199,2,1,2,212,Low Priority,P5 - Minimal Effort,0.0,0.0
16426,2,10,1908.25,1243,5,5,4,554,VIP Loyal,P2 - Maintain Loyalty,0.1,190.82500000000002
16427,263,2,241.06,156,2,2,1,221,Low Priority,P5 - Minimal Effort,0.0,0.0
16428,414,3,660.28,595,1,3,3,133,Growth Potential,P3 - Upsell Opportunity,0.15,99.04199999999999
16429,106,1,284.55,9,3,1,1,311,Low Priority,P5 - Minimal Effort,0.0,0.0
16430,57,7,1117.94,307,4,4,3,443,Growth Potential,P3 - Upsell Opportunity,0.15,167.691
16431,213,3,642.81,453,2,3,3,233,Growth Potential,P3 - Upsell Opportunity,0.15,96.4215
16432,64,1,287.4,276,3,1,1,311,Low Priority,P5 - Minimal Effort,0.0,0.0
16433,28,2,384.52,214,4,2,2,422,New/Low Spend Active,P4 - Nurture,0.05,19.226
16434,29,12,2741.74,1338,4,5,4,454,VIP Loyal,P2 - Maintain Loyalty,0.1,274.174
16435,512,3,1011.5699999999999,609,1,3,3,133,Growth Potential,P3 - Upsell Opportunity,0.15,151.73549999999997
16436,668,3,329.34,239,1,3,2,132,Low Priority,P5 - Minimal Effort,0.0,0.0
16437,381,2,301.25,197,2,2,2,222,Low Priority,P5 - Minimal Effort,0.0,0.0
16438,6,5,798.35,463,5,4,3,543,Growth Potential,P3 - Upsell Opportunity,0.15,119.7525
16439,722,1,310.70000000000005,74,1,1,2,112,Low Priority,P5 - Minimal Effort,0.0,0.0
16440,8,6,3856.9700000000003,2108,5,4,5,545,VIP Loyal,P2 - Maintain Loyalty,0.1,385.69700000000006
16441,67,5,1034.43,484,3,4,3,343,Growth Potential,P3 - Upsell Opportunity,0.15,155.1645
16442,2,5,899.47,583,5,4,3,543,Growth Potential,P3 - Upsell Opportunity,0.15,134.9205
16443,521,1,162.24,96,1,1,1,111,Low Priority,P5 - Minimal Effort,0.0,0.0
16444,46,17,3656.58,1959,4,5,5,455,VIP Loyal,P2 - Maintain Loyalty,0.1,365.658
16445,34,4,602.73,299,4,4,2,442,New/Low Spend Active,P4 - Nurture,0.05,30.1365
16446,1,2,168472.5,80997,5,2,5,525,VIP Loyal,P2 - Maintain Loyalty,0.1,16847.25
16447,136,3,775.14,323,3,3,3,333,Growth Potential,P3 - Upsell Opportunity,0.15,116.27099999999999
16448,198,2,367.87,179,2,2,2,222,Low Priority,P5 - Minimal Effort,0.0,0.0
16449,198,2,707.69,367,2,2,3,223,Low Priority,P5 - Minimal Effort,0.0,0.0
16450,150,3,1505.73,681,3,3,4,334,Growth Potential,P3 - Upsell Opportunity,0.15,225.8595
16451,88,3,1013.15,524,3,3,3,333,Growth Potential,P3 - Upsell Opportunity,0.15,151.9725
16452,631,2,332.17,199,1,2,2,122,Low Priority,P5 - Minimal Effort,0.0,0.0
16453,531,2,251.71,139,1,2,1,121,Low Priority,P5 - Minimal Effort,0.0,0.0
16454,45,4,30.950000000000003,9,4,4,1,441,New/Low Spend Active,P4 - Nurture,0.05,1.5475000000000003
16455,64,11,4384.37,3103,3,5,5,355,Growth Potential,P3 - Upsell Opportunity,0.15,657.6555
16456,99,13,6862.91,3725,3,5,5,355,Growth Potential,P3 - Upsell Opportunity,0.15,1029.4365
16457,218,1,208.36,140,2,1,1,211,Low Priority,P5 - Minimal Effort,0.0,0.0
16458,3,30,5715.34,3406,5,5,5,555,VIP Loyal,P2 - Maintain Loyalty,0.1,571.534
16459,730,1,71.78999999999999,59,1,1,1,111,Low Priority,P5 - Minimal Effort,0.0,0.0
16460,28,3,814.72,879,4,3,3,433,Growth Potential,P3 - Upsell Opportunity,0.15,122.208
16461,178,3,1615.22,1039,3,3,4,334,Growth Potential,P3 - Upsell Opportunity,0.15,242.283
16462,74,3,136.0,16,3,3,1,331,Low Priority,P5 - Minimal Effort,0.0,0.0
16463,21,4,1422.4,1163,4,4,4,444,VIP Loyal,P2 - Maintain Loyalty,0.1,142.24
16464,20,3,1314.68,963,4,3,4,434,VIP Loyal,P2 - Maintain Loyalty,0.1,131.46800000000002
16465,421,2,746.24,504,1,2,3,123,Low Priority,P5 - Minimal Effort,0.0,0.0
16466,34,15,3838.59,1806,4,5,5,455,VIP Loyal,P2 - Maintain Loyalty,0.1,383.85900000000004
16467,509,7,2869.16,7384,1,4,4,144,High Value At Risk,P1 - Immediate Retention,0.35,1004.2059999999999
16468,74,3,787.52,371,3,3,3,333,Growth Potential,P3 - Upsell Opportunity,0.15,118.12799999999999
16469,24,5,828.91,345,4,4,3,443,Growth Potential,P3 - Upsell Opportunity,0.15,124.33649999999999
16470,52,11,2458.6,1357,4,5,4,454,VIP Loyal,P2 - Maintain Loyalty,0.1,245.86
16471,275,4,1189.98,670,2,4,3,243,Growth Potential,P3 - Upsell Opportunity,0.15,178.49699999999999
16472,434,2,789.6,252,1,2,3,123,Low Priority,P5 - Minimal Effort,0.0,0.0
16473,165,4,470.83,296,3,4,2,342,Low Priority,P5 - Minimal Effort,0.0,0.0
16474,7,7,1871.5,943,5,4,4,544,VIP Loyal,P2 - Maintain Loyalty,0.1,187.15
16475,88,4,544.3,319,3,4,2,342,Low Priority,P5 - Minimal Effort,0.0,0.0
16476,432,1,350.35,187,1,1,2,112,Low Priority,P5 - Minimal Effort,0.0,0.0
16477,64,11,4320.02,2632,3,5,5,355,Growth Potential,P3 - Upsell Opportunity,0.15,648.003
16478,25,3,331.0,224,4,3,2,432,New/Low Spend Active,P4 - Nurture,0.05,16.55
16479,10,2,300.83,102,5,2,2,522,New/Low Spend Active,P4 - Nurture,0.05,15.0415
16480,76,1,769.29,455,3,1,3,313,Low Priority,P5 - Minimal Effort,0.0,0.0
16481,682,1,453.38,201,1,1,2,112,Low Priority,P5 - Minimal Effort,0.0,0.0
16482,16,1,220.62,346,5,1,1,511,New/Low Spend Active,P4 - Nurture,0.05,11.031
16483,192,1,139.35,44,2,1,1,211,Low Priority,P5 - Minimal Effort,0.0,0.0
16484,174,2,404.3,200,3,2,2,322,Low Priority,P5 - Minimal Effort,0.0,0.0
16485,77,5,2294.68,1154,3,4,4,344,Growth Potential,P3 - Upsell Opportunity,0.15,344.20199999999994
16486,538,1,134.36,24,1,1,1,111,Low Priority,P5 - Minimal Effort,0.0,0.0
16487,577,2,209.4,163,1,2,1,121,Low Priority,P5 - Minimal Effort,0.0,0.0
16488,33,3,498.8,728,4,3,2,432,New/Low Spend Active,P4 - Nurture,0.05,24.94
16489,380,2,303.7,38,2,2,2,222,Low Priority,P5 - Minimal Effort,0.0,0.0
16490,436,1,205.41000000000003,113,1,1,1,111,Low Priority,P5 - Minimal Effort,0.0,0.0
16491,47,2,1533.16,1060,4,2,4,424,VIP Loyal,P2 - Maintain Loyalty,0.1,153.316
16492,541,1,385.56,235,1,1,2,112,Low Priority,P5 - Minimal Effort,0.0,0.0
16493,80,7,2132.09,1988,3,4,4,344,Growth Potential,P3 - Upsell Opportunity,0.15,319.81350000000003
16494,297,1,826.53,675,2,1,3,213,Low Priority,P5 - Minimal Effort,0.0,0.0
16495,3,3,684.41,337,5,3,3,533,Growth Potential,P3 - Upsell Opportunity,0.15,102.66149999999999
16496,9,6,2330.77,1764,5,4,4,544,VIP Loyal,P2 - Maintain Loyalty,0.1,233.077
16497,50,23,6695.28,3050,4,5,5,455,VIP Loyal,P2 - Maintain Loyalty,0.1,669.528
16498,161,2,100.97,45,3,2,1,321,Low Priority,P5 - Minimal Effort,0.0,0.0
16499,360,8,2578.34,1364,2,5,4,254,High Value At Risk,P1 - Immediate Retention,0.35,902.419
16500,5,9,843.9100000000001,386,5,5,3,553,Growth Potential,P3 - Upsell Opportunity,0.15,126.5865
16501,383,1,1237.23,642,2,1,3,213,Low Priority,P5 - Minimal Effort,0.0,0.0
16502,620,2,266.5,251,1,2,1,121,Low Priority,P5 - Minimal Effort,0.0,0.0
16503,107,11,3614.34,1535,3,5,5,355,Growth Potential,P3 - Upsell Opportunity,0.15,542.151
16504,25,1,484.38,524,4,1,2,412,New/Low Spend Active,P4 - Nurture,0.05,24.219
16505,32,1,777.6,576,4,1,3,413,Low Priority,P5 - Minimal Effort,0.0,0.0
16506,20,2,90.30000000000001,42,4,2,1,421,New/Low Spend Active,P4 - Nurture,0.05,4.515000000000001
16507,572,1,152.76,116,1,1,1,111,Low Priority,P5 - Minimal Effort,0.0,0.0
16508,630,1,248.8,106,1,1,1,111,Low Priority,P5 - Minimal Effort,0.0,0.0
16509,297,1,363.7,64,2,1,2,212,Low Priority,P5 - Minimal Effort,0.0,0.0
16510,372,6,2100.0,1076,2,4,4,244,High Value At Risk,P1 - Immediate Retention,0.35,735.0
16511,22,6,1819.02,787,4,4,4,444,VIP Loyal,P2 - Maintain Loyalty,0.1,181.90200000000002
16513,5,4,874.59,407,5,4,3,543,Growth Potential,P3 - Upsell Opportunity,0.15,131.1885
16515,52,10,3216.3,1601,4,5,5,455,VIP Loyal,P2 - Maintain Loyalty,0.1,321.63000000000005
16516,30,1,101.69999999999999,58,4,1,1,411,New/Low Spend Active,P4 - Nurture,0.05,5.085
16517,277,1,162.7,96,2,1,1,211,Low Priority,P5 - Minimal Effort,0.0,0.0
16518,61,4,959.37,524,3,4,3,343,Growth Potential,P3 - Upsell Opportunity,0.15,143.9055
16519,25,4,556.26,176,4,4,2,442,New/Low Spend Active,P4 - Nurture,0.05,27.813000000000002
16520,186,6,2482.62,1266,3,4,4,344,Growth Potential,P3 - Upsell Opportunity,0.15,372.393
16521,415,3,1148.01,1016,1,3,3,133,Growth Potential,P3 - Upsell Opportunity,0.15,172.20149999999998
16522,436,2,433.36,212,1,2,2,122,Low Priority,P5 - Minimal Effort,0.0,0.0
16523,2,28,11916.33,4979,5,5,5,555,VIP Loyal,P2 - Maintain Loyalty,0.1,1191.633
16524,446,2,308.14,260,1,2,2,122,Low Priority,P5 - Minimal Effort,0.0,0.0
16525,2,48,24582.64,14630,5,5,5,555,VIP Loyal,P2 - Maintain Loyalty,0.1,2458.264
16526,172,2,717.21,279,3,2,3,323,Low Priority,P5 - Minimal Effort,0.0,0.0
16527,81,2,1272.44,726,3,2,4,324,Low Priority,P5 - Minimal Effort,0.0,0.0
16528,4,1,244.41,171,5,1,1,511,New/Low Spend Active,P4 - Nurture,0.05,12.220500000000001
16529,190,4,2012.0,751,2,4,4,244,High Value At Risk,P1 - Immediate Retention,0.35,704.1999999999999
16530,668,1,48.349999999999994,17,1,1,1,111,Low Priority,P5 - Minimal Effort,0.0,0.0
16531,22,11,2298.33,1863,4,5,4,454,VIP Loyal,P2 - Maintain Loyalty,0.1,229.833
16532,18,5,8756.64,2544,5,4,5,545,VIP Loyal,P2 - Maintain Loyalty,0.1,875.664
16533,19,3,1095.56,612,5,3,3,533,Growth Potential,P3 - Upsell Opportunity,0.15,164.33399999999997
16534,642,1,635.9,168,1,1,3,113,Low Priority,P5 - Minimal Effort,0.0,0.0
16535,5,3,1001.59,685,5,3,3,533,Growth Potential,P3 - Upsell Opportunity,0.15,150.2385
16536,110,1,548.97,251,3,1,2,312,Low Priority,P5 - Minimal Effort,0.0,0.0
16537,641,1,23.35,59,1,1,1,111,Low Priority,P5 - Minimal Effort,0.0,0.0
16538,541,3,399.62,257,1,3,2,132,Low Priority,P5 - Minimal Effort,0.0,0.0
16539,3,10,3732.01,1315,5,5,5,555,VIP Loyal,P2 - Maintain Loyalty,0.1,373.201
16540,414,1,226.70000000000002,114,1,1,1,111,Low Priority,P5 - Minimal Effort,0.0,0.0
16541,735,1,424.03,173,1,1,2,112,Low Priority,P5 - Minimal Effort,0.0,0.0
16542,54,2,257.32,142,4,2,1,421,New/Low Spend Active,P4 - Nurture,0.05,12.866
16543,592,1,292.21,317,1,1,2,112,Low Priority,P5 - Minimal Effort,0.0,0.0
16544,520,4,376.70000000000005,150,1,4,2,142,Low Priority,P5 - Minimal Effort,0.0,0.0
16545,165,2,689.82,322,3,2,3,323,Low Priority,P5 - Minimal Effort,0.0,0.0
16546,291,5,5606.47,4367,2,4,5,245,High Value At Risk,P1 - Immediate Retention,0.35,1962.2645
16547,546,1,111.71,113,1,1,1,111,Low Priority,P5 - Minimal Effort,0.0,0.0
16548,599,1,30.15,6,1,1,1,111,Low Priority,P5 - Minimal Effort,0.0,0.0
16549,10,34,13182.19,7278,5,5,5,555,VIP Loyal,P2 - Maintain Loyalty,0.1,1318.219
16550,109,18,9435.13,5727,3,5,5,355,Growth Potential,P3 - Upsell Opportunity,0.15,1415.2694999999999
16551,96,7,2237.12,2076,3,4,4,344,Growth Potential,P3 - Upsell Opportunity,0.15,335.568
16552,243,2,475.02000000000004,258,2,2,2,222,Low Priority,P5 - Minimal Effort,0.0,0.0
16553,163,33,16644.01,16475,3,5,5,355,Growth Potential,P3 - Upsell Opportunity,0.15,2496.6014999999998
16554,42,8,2841.72,1346,4,5,4,454,VIP Loyal,P2 - Maintain Loyalty,0.1,284.17199999999997
16555,35,6,1915.68,1816,4,4,4,444,VIP Loyal,P2 - Maintain Loyalty,0.1,191.568
16556,67,17,8012.58,4353,3,5,5,355,Growth Potential,P3 - Upsell Opportunity,0.15,1201.887
16557,24,2,281.85,111,4,2,1,421,New/Low Spend Active,P4 - Nurture,0.05,14.092500000000001
16558,1,38,13873.51,8088,5,5,5,555,VIP Loyal,P2 - Maintain Loyalty,0.1,1387.351
16559,397,1,185.20000000000002,73,2,1,1,211,Low Priority,P5 - Minimal Effort,0.0,0.0
16560,27,8,3048.38,1603,4,5,5,455,VIP Loyal,P2 - Maintain Loyalty,0.1,304.838
16561,6,2,511.12,244,5,2,2,522,New/Low Spend Active,P4 - Nurture,0.05,25.556
16562,477,1,223.85999999999999,264,1,1,1,111,Low Priority,P5 - Minimal Effort,0.0,0.0
16563,54,6,4422.76,2596,4,4,5,445,VIP Loyal,P2 - Maintain Loyalty,0.1,442.27600000000007
16564,569,1,87.8,40,1,1,1,111,Low Priority,P5 - Minimal Effort,0.0,0.0
16565,364,4,773.05,211,2,4,3,243,Growth Potential,P3 - Upsell Opportunity,0.15,115.95749999999998
16566,15,5,614.66,362,5,4,2,542,New/Low Spend Active,P4 - Nurture,0.05,30.733
16567,194,2,865.6,996,2,2,3,223,Low Priority,P5 - Minimal Effort,0.0,0.0
16568,428,2,1020.9000000000001,366,1,2,3,123,Low Priority,P5 - Minimal Effort,0.0,0.0
16569,3,5,1455.23,988,5,4,4,544,VIP Loyal,P2 - Maintain Loyalty,0.1,145.523
16570,15,20,7434.31,4292,5,5,5,555,VIP Loyal,P2 - Maintain Loyalty,0.1,743.431
16571,27,10,4248.74,3703,4,5,5,455,VIP Loyal,P2 - Maintain Loyalty,0.1,424.874
16572,127,3,1009.6,532,3,3,3,333,Growth Potential,P3 - Upsell Opportunity,0.15,151.44
16573,85,2,663.61,360,3,2,3,323,Low Priority,P5 - Minimal Effort,0.0,0.0
16574,71,3,1301.78,1002,3,3,4,334,Growth Potential,P3 - Upsell Opportunity,0.15,195.267
16576,420,2,540.87,323,1,2,2,122,Low Priority,P5 - Minimal Effort,0.0,0.0
16577,667,1,380.0,142,1,1,2,112,Low Priority,P5 - Minimal Effort,0.0,0.0
16578,626,1,156.6,108,1,1,1,111,Low Priority,P5 - Minimal Effort,0.0,0.0
16579,426,1,295.05,119,1,1,2,112,Low Priority,P5 - Minimal Effort,0.0,0.0
16581,183,1,105.84,134,3,1,1,311,Low Priority,P5 - Minimal Effort,0.0,0.0
16582,113,1,313.62,164,3,1,2,312,Low Priority,P5 - Minimal Effort,0.0,0.0
16583,374,2,531.4,264,2,2,2,222,Low Priority,P5 - Minimal Effort,0.0,0.0
16584,80,5,3163.67,1919,3,4,5,345,Growth Potential,P3 - Upsell Opportunity,0.15,474.5505
16585,594,2,341.59,151,1,2,2,122,Low Priority,P5 - Minimal Effort,0.0,0.0
16586,249,3,1462.78,348,2,3,4,234,High Value At Risk,P1 - Immediate Retention,0.35,511.97299999999996
16587,232,1,225.15,71,2,1,1,211,Low Priority,P5 - Minimal Effort,0.0,0.0
16588,386,4,1361.28,882,2,4,4,244,High Value At Risk,P1 - Immediate Retention,0.35,476.448
16589,71,4,612.36,536,3,4,2,342,Low Priority,P5 - Minimal Effort,0.0,0.0
16590,401,2,605.9,240,2,2,2,222,Low Priority,P5 - Minimal Effort,0.0,0.0
16591,69,1,213.5,41,3,1,1,311,Low Priority,P5 - Minimal Effort,0.0,0.0
16592,4,28,7807.91,5504,5,5,5,555,VIP Loyal,P2 - Maintain Loyalty,0.1,780.791
16593,51,8,1071.1399999999999,377,4,5,3,453,Growth Potential,P3 - Upsell Opportunity,0.15,160.67099999999996
16594,75,1,181.09,64,3,1,1,311,Low Priority,P5 - Minimal Effort,0.0,0.0
16595,61,5,1810.18,1378,3,4,4,344,Growth Potential,P3 - Upsell Opportunity,0.15,271.527
16596,16,4,579.63,227,5,4,2,542,New/Low Spend Active,P4 - Nurture,0.05,28.9815
16597,4,1,90.04,184,5,1,1,511,New/Low Spend Active,P4 - Nurture,0.05,4.502000000000001
16598,286,1,145.04999999999998,73,2,1,1,211,Low Priority,P5 - Minimal Effort,0.0,0.0
16599,386,1,172.8,159,2,1,1,211,Low Priority,P5 - Minimal Effort,0.0,0.0
16600,4,13,2153.41,2420,5,5,4,554,VIP Loyal,P2 - Maintain Loyalty,0.1,215.341
16601,41,3,684.25,395,4,3,3,433,Growth Potential,P3 - Upsell Opportunity,0.15,102.6375
16602,36,2,763.33,429,4,2,3,423,Low Priority,P5 - Minimal Effort,0.0,0.0
16603,75,2,482.47,480,3,2,2,322,Low Priority,P5 - Minimal Effort,0.0,0.0
16604,563,2,432.45,175,1,2,2,122,Low Priority,P5 - Minimal Effort,0.0,0.0
16605,724,1,60.48,144,1,1,1,111,Low Priority,P5 - Minimal Effort,0.0,0.0
16606,404,2,357.66,148,2,2,2,222,Low Priority,P5 - Minimal Effort,0.0,0.0
16607,18,25,5706.87,4436,5,5,5,555,VIP Loyal,P2 - Maintain Loyalty,0.1,570.687
16608,454,2,1288.72,613,1,2,4,124,High Value At Risk,P1 - Immediate Retention,0.35,451.05199999999996
16609,15,7,5493.46,2420,5,4,5,545,VIP Loyal,P2 - Maintain Loyalty,0.1,549.346
16610,219,1,75.66,66,2,1,1,211,Low Priority,P5 - Minimal Effort,0.0,0.0
16611,186,6,1785.13,874,3,4,4,344,Growth Potential,P3 - Upsell Opportunity,0.15,267.7695
16612,33,9,3245.43,1419,4,5,5,455,VIP Loyal,P2 - Maintain Loyalty,0.1,324.543
16613,70,1,618.59,293,3,1,3,313,Low Priority,P5 - Minimal Effort,0.0,0.0
16614,183,3,1179.79,349,3,3,3,333,Growth Potential,P3 - Upsell Opportunity,0.15,176.96849999999998
16615,626,1,291.5,211,1,1,2,112,Low Priority,P5 - Minimal Effort,0.0,0.0
16616,15,2,500.42,370,5,2,2,522,New/Low Spend Active,P4 - Nurture,0.05,25.021
16617,236,1,151.85,91,2,1,1,211,Low Priority,P5 - Minimal Effort,0.0,0.0
16618,31,5,2647.59,1363,4,4,4,444,VIP Loyal,P2 - Maintain Loyalty,0.1,264.759
16619,264,4,1938.33,1055,2,4,4,244,High Value At Risk,P1 - Immediate Retention,0.35,678.4155
16620,4,6,1758.93,1146,5,4,4,544,VIP Loyal,P2 - Maintain Loyalty,0.1,175.89300000000003
16621,52,4,813.48,302,4,4,3,443,Growth Potential,P3 - Upsell Opportunity,0.15,122.02199999999999
16622,544,1,225.4,44,1,1,1,111,Low Priority,P5 - Minimal Effort,0.0,0.0
16623,246,4,1015.24,442,2,4,3,243,Growth Potential,P3 - Upsell Opportunity,0.15,152.286
16624,81,2,810.5699999999999,488,3,2,3,323,Low Priority,P5 - Minimal Effort,0.0,0.0
16625,275,5,1654.03,1057,2,4,4,244,High Value At Risk,P1 - Immediate Retention,0.35,578.9105
16626,1,17,4413.1,2690,5,5,5,555,VIP Loyal,P2 - Maintain Loyalty,0.1,441.31000000000006
16627,79,1,322.8,162,3,1,2,312,Low Priority,P5 - Minimal Effort,0.0,0.0
16628,30,7,2318.1,1260,4,4,4,444,VIP Loyal,P2 - Maintain Loyalty,0.1,231.81
16629,74,2,417.73,493,3,2,2,322,Low Priority,P5 - Minimal Effort,0.0,0.0
16630,407,1,106.80000000000001,72,2,1,1,211,Low Priority,P5 - Minimal Effort,0.0,0.0
16631,482,7,1892.52,775,1,4,4,144,High Value At Risk,P1 - Immediate Retention,0.35,662.382
16632,486,2,406.4,256,1,2,2,122,Low Priority,P5 - Minimal Effort,0.0,0.0
16633,17,6,2883.1,1138,5,4,4,544,VIP Loyal,P2 - Maintain Loyalty,0.1,288.31
16634,223,6,1814.61,1321,2,4,4,244,High Value At Risk,P1 - Immediate Retention,0.35,635.1134999999999
16635,407,1,473.0,277,2,1,2,212,Low Priority,P5 - Minimal Effort,0.0,0.0
16636,438,4,3802.04,2186,1,4,5,145,High Value At Risk,P1 - Immediate Retention,0.35,1330.714
16637,32,4,1154.47,927,4,4,3,443,Growth Potential,P3 - Upsell Opportunity,0.15,173.1705
16638,23,15,2430.53,1651,4,5,4,454,VIP Loyal,P2 - Maintain Loyalty,0.1,243.05300000000003
16639,31,4,1747.98,751,4,4,4,444,VIP Loyal,P2 - Maintain Loyalty,0.1,174.798
16640,398,1,179.4,146,2,1,1,211,Low Priority,P5 - Minimal Effort,0.0,0.0
16641,106,2,554.5,454,3,2,2,322,Low Priority,P5 - Minimal Effort,0.0,0.0
16642,5,3,1077.45,775,5,3,3,533,Growth Potential,P3 - Upsell Opportunity,0.15,161.6175
16643,246,2,923.11,553,2,2,3,223,Low Priority,P5 - Minimal Effort,0.0,0.0
16644,178,2,833.78,826,3,2,3,323,Low Priority,P5 - Minimal Effort,0.0,0.0
16645,736,1,160.39,117,1,1,1,111,Low Priority,P5 - Minimal Effort,0.0,0.0
16646,449,1,678.8,1072,1,1,3,113,Low Priority,P5 - Minimal Effort,0.0,0.0
16647,170,4,541.9,396,3,4,2,342,Low Priority,P5 - Minimal Effort,0.0,0.0
16648,43,3,672.8,503,4,3,3,433,Growth Potential,P3 - Upsell Opportunity,0.15,100.91999999999999
16649,520,1,306.58000000000004,82,1,1,2,112,Low Priority,P5 - Minimal Effort,0.0,0.0
16650,72,7,1916.11,1511,3,4,4,344,Growth Potential,P3 - Upsell Opportunity,0.15,287.4165
16651,587,1,136.2,60,1,1,1,111,Low Priority,P5 - Minimal Effort,0.0,0.0
16652,59,16,17550.39,7477,4,5,5,455,VIP Loyal,P2 - Maintain Loyalty,0.1,1755.039
16653,16,2,1212.66,733,5,2,3,523,Low Priority,P5 - Minimal Effort,0.0,0.0
16654,141,8,1711.47,703,3,5,4,354,Growth Potential,P3 - Upsell Opportunity,0.15,256.7205
16655,18,13,6548.37,4013,5,5,5,555,VIP Loyal,P2 - Maintain Loyalty,0.1,654.837
16656,22,30,16833.170000000002,15433,4,5,5,455,VIP Loyal,P2 - Maintain Loyalty,0.1,1683.3170000000002
16657,10,4,933.62,1229,5,4,3,543,Growth Potential,P3 - Upsell Opportunity,0.15,140.043
16658,368,6,814.07,317,2,4,3,243,Growth Potential,P3 - Upsell Opportunity,0.15,122.1105
16659,189,1,39.12,72,3,1,1,311,Low Priority,P5 - Minimal Effort,0.0,0.0
16660,16,7,1879.55,991,5,4,4,544,VIP Loyal,P2 - Maintain Loyalty,0.1,187.955
16661,540,4,986.63,385,1,4,3,143,Growth Potential,P3 - Upsell Opportunity,0.15,147.9945
16662,394,1,163.8,36,2,1,1,211,Low Priority,P5 - Minimal Effort,0.0,0.0
16663,729,1,165.0,100,1,2,1,121,Low Priority,P5 - Minimal Effort,0.0,0.0
16664,569,1,109.2,24,1,2,1,121,Low Priority,P5 - Minimal Effort,0.0,0.0
16665,362,1,135.39999999999998,59,2,2,1,221,Low Priority,P5 - Minimal Effort,0.0,0.0
16666,19,2,225.94,367,5,2,1,521,New/Low Spend Active,P4 - Nurture,0.05,11.297
16667,68,2,570.13,237,3,2,2,322,Low Priority,P5 - Minimal Effort,0.0,0.0
16668,15,13,862.42,773,5,5,3,553,Growth Potential,P3 - Upsell Opportunity,0.15,129.363
16669,24,3,1374.8700000000001,888,4,3,4,434,VIP Loyal,P2 - Maintain Loyalty,0.1,137.48700000000002
16670,17,20,8030.150000000001,4534,5,5,5,555,VIP Loyal,P2 - Maintain Loyalty,0.1,803.0150000000001
16671,28,3,1692.27,875,4,3,4,434,VIP Loyal,P2 - Maintain Loyalty,0.1,169.227
16672,2,20,8134.9400000000005,2832,5,5,5,555,VIP Loyal,P2 - Maintain Loyalty,0.1,813.4940000000001
16673,679,1,188.83,101,1,2,1,121,Low Priority,P5 - Minimal Effort,0.0,0.0
16674,55,2,319.61,188,4,2,2,422,New/Low Spend Active,P4 - Nurture,0.05,15.980500000000001
16675,442,2,608.86,296,1,2,2,122,Low Priority,P5 - Minimal Effort,0.0,0.0
16676,34,6,2361.9,927,4,4,4,444,VIP Loyal,P2 - Maintain Loyalty,0.1,236.19000000000003
16677,411,2,880.62,457,1,2,3,123,Low Priority,P5 - Minimal Effort,0.0,0.0
16678,3,12,3109.99,2397,5,5,5,555,VIP Loyal,P2 - Maintain Loyalty,0.1,310.999
16679,366,3,793.06,276,2,3,3,233,Growth Potential,P3 - Upsell Opportunity,0.15,118.95899999999999
16680,43,3,821.45,377,4,3,3,433,Growth Potential,P3 - Upsell Opportunity,0.15,123.2175
16681,73,7,1921.84,1492,3,4,4,344,Growth Potential,P3 - Upsell Opportunity,0.15,288.27599999999995
16682,5,5,1028.0,1040,5,4,3,543,Growth Potential,P3 - Upsell Opportunity,0.15,154.2
16683,534,1,320.25,190,1,2,2,122,Low Priority,P5 - Minimal Effort,0.0,0.0
16684,4,55,147142.77,104810,5,5,5,555,VIP Loyal,P2 - Maintain Loyalty,0.1,14714.277
16685,61,2,324.24,396,3,2,2,322,Low Priority,P5 - Minimal Effort,0.0,0.0
16686,47,16,5070.92,3510,4,5,5,455,VIP Loyal,P2 - Maintain Loyalty,0.1,507.09200000000004
16687,391,1,157.63,141,2,2,1,221,Low Priority,P5 - Minimal Effort,0.0,0.0
16688,1,4,1260.86,804,5,4,4,544,VIP Loyal,P2 - Maintain Loyalty,0.1,126.086
16689,76,2,422.59999999999997,330,3,2,2,322,Low Priority,P5 - Minimal Effort,0.0,0.0
16690,72,4,353.03,209,3,4,2,342,Low Priority,P5 - Minimal Effort,0.0,0.0
16691,418,2,178.83,92,1,2,1,121,Low Priority,P5 - Minimal Effort,0.0,0.0
16692,256,4,1914.6999999999998,878,2,4,4,244,High Value At Risk,P1 - Immediate Retention,0.35,670.1449999999999
16693,69,5,1199.46,688,3,4,3,343,Growth Potential,P3 - Upsell Opportunity,0.15,179.919
16694,723,1,98.30000000000001,26,1,2,1,121,Low Priority,P5 - Minimal Effort,0.0,0.0
16695,562,2,193.15,185,1,2,1,121,Low Priority,P5 - Minimal Effort,0.0,0.0
16696,135,4,657.9000000000001,146,3,4,3,343,Growth Potential,P3 - Upsell Opportunity,0.15,98.68500000000002
16697,241,1,112.75,27,2,2,1,221,Low Priority,P5 - Minimal Effort,0.0,0.0
16698,227,2,1998.0,840,2,2,4,224,High Value At Risk,P1 - Immediate Retention,0.35,699.3
16699,380,7,994.6,640,2,4,3,243,Growth Potential,P3 - Upsell Opportunity,0.15,149.19
16700,9,25,9167.710000000001,6882,5,5,5,555,VIP Loyal,P2 - Maintain Loyalty,0.1,916.7710000000002
16701,9,26,9916.73,11046,5,5,5,555,VIP Loyal,P2 - Maintain Loyalty,0.1,991.673
16702,415,4,1110.83,692,1,4,3,143,Growth Potential,P3 - Upsell Opportunity,0.15,166.62449999999998
16704,618,2,695.66,455,1,2,3,123,Low Priority,P5 - Minimal Effort,0.0,0.0
16705,1,42,43515.051,22302,5,5,5,555,VIP Loyal,P2 - Maintain Loyalty,0.1,4351.5051
16706,37,3,531.35,249,4,3,2,432,New/Low Spend Active,P4 - Nurture,0.05,26.567500000000003
16707,400,4,551.11,402,2,4,2,242,Low Priority,P5 - Minimal Effort,0.0,0.0
16708,46,1,656.63,285,4,2,3,423,Low Priority,P5 - Minimal Effort,0.0,0.0
16709,85,14,9087.460000000001,3276,3,5,5,355,Growth Potential,P3 - Upsell Opportunity,0.15,1363.1190000000001
16710,19,22,6349.09,4399,5,5,5,555,VIP Loyal,P2 - Maintain Loyalty,0.1,634.9090000000001
16711,3,9,2868.48,1212,5,5,4,554,VIP Loyal,P2 - Maintain Loyalty,0.1,286.848
16712,9,13,4266.99,2093,5,5,5,555,VIP Loyal,P2 - Maintain Loyalty,0.1,426.699
16713,19,32,14560.69,8683,5,5,5,555,VIP Loyal,P2 - Maintain Loyalty,0.1,1456.0690000000002
16714,219,4,1529.8,849,2,4,4,244,High Value At Risk,P1 - Immediate Retention,0.35,535.43
16715,78,2,625.52,1174,3,2,3,323,Low Priority,P5 - Minimal Effort,0.0,0.0
16716,267,3,2149.6800000000003,912,2,3,4,234,High Value At Risk,P1 - Immediate Retention,0.35,752.388
16717,24,14,6986.2300000000005,3226,4,5,5,455,VIP Loyal,P2 - Maintain Loyalty,0.1,698.623
16718,369,5,3647.53,2343,2,4,5,245,High Value At Risk,P1 - Immediate Retention,0.35,1276.6355
16719,15,14,3973.3,2536,5,5,5,555,VIP Loyal,P2 - Maintain Loyalty,0.1,397.33000000000004
16720,26,3,795.48,479,4,3,3,433,Growth Potential,P3 - Upsell Opportunity,0.15,119.322
16721,262,1,292.47,172,2,2,2,222,Low Priority,P5 - Minimal Effort,0.0,0.0
16722,17,22,8989.08,8580,5,5,5,555,VIP Loyal,P2 - Maintain Loyalty,0.1,898.908
16723,91,4,1301.63,1002,3,4,4,344,Growth Potential,P3 - Upsell Opportunity,0.15,195.24450000000002
16724,405,1,147.35,69,2,2,1,221,Low Priority,P5 - Minimal Effort,0.0,0.0
16725,302,14,1882.11,784,2,5,4,254,High Value At Risk,P1 - Immediate Retention,0.35,658.7384999999999
16726,26,7,2088.41,1356,4,4,4,444,VIP Loyal,P2 - Maintain Loyalty,0.1,208.841
16727,364,4,1437.42,1109,2,4,4,244,High Value At Risk,P1 - Immediate Retention,0.35,503.097
16728,46,4,1054.67,677,4,4,3,443,Growth Potential,P3 - Upsell Opportunity,0.15,158.2005
16729,38,21,7239.92,5783,4,5,5,455,VIP Loyal,P2 - Maintain Loyalty,0.1,723.9920000000001
16730,52,3,743.11,994,4,3,3,433,Growth Potential,P3 - Upsell Opportunity,0.15,111.4665
16731,648,1,174.05,127,1,2,1,121,Low Priority,P5 - Minimal Effort,0.0,0.0
16732,32,4,4387.64,2414,4,4,5,445,VIP Loyal,P2 - Maintain Loyalty,0.1,438.76400000000007
16733,530,1,259.68,112,1,2,1,121,Low Priority,P5 - Minimal Effort,0.0,0.0
16734,52,3,650.51,346,4,3,3,433,Growth Potential,P3 - Upsell Opportunity,0.15,97.5765
16735,79,14,6270.56,4281,3,5,5,355,Growth Potential,P3 - Upsell Opportunity,0.15,940.5840000000001
16736,506,5,2956.56,1050,1,4,4,144,High Value At Risk,P1 - Immediate Retention,0.35,1034.7959999999998
16737,53,2,835.1999999999999,576,4,2,3,423,Low Priority,P5 - Minimal Effort,0.0,0.0
16738,298,1,3.75,3,2,2,1,221,Low Priority,P5 - Minimal Effort,0.0,0.0
16739,177,2,786.43,391,3,2,3,323,Low Priority,P5 - Minimal Effort,0.0,0.0
16740,395,1,236.81,116,2,2,1,221,Low Priority,P5 - Minimal Effort,0.0,0.0
16741,625,1,173.06,81,1,2,1,121,Low Priority,P5 - Minimal Effort,0.0,0.0
16742,47,14,2852.6099999999997,2600,4,5,4,454,VIP Loyal,P2 - Maintain Loyalty,0.1,285.26099999999997
16743,29,14,4253.26,3738,4,5,5,455,VIP Loyal,P2 - Maintain Loyalty,0.1,425.326
16744,11,7,1304.76,805,5,4,4,544,VIP Loyal,P2 - Maintain Loyalty,0.1,130.476
16745,87,17,7194.3,6735,3,5,5,355,Growth Potential,P3 - Upsell Opportunity,0.15,1079.145
16746,5,42,18066.4,11906,5,5,5,555,VIP Loyal,P2 - Maintain Loyalty,0.1,1806.6400000000003
16747,38,2,836.06,583,4,2,3,423,Low Priority,P5 - Minimal Effort,0.0,0.0
16748,18,14,3637.33,2127,5,5,5,555,VIP Loyal,P2 - Maintain Loyalty,0.1,363.733
16749,591,2,4387.08,2078,1,2,5,125,High Value At Risk,P1 - Immediate Retention,0.35,1535.4779999999998
16750,45,5,623.93,214,4,4,3,443,Growth Potential,P3 - Upsell Opportunity,0.15,93.58949999999999
16751,31,1,1764.72,1031,4,2,4,424,VIP Loyal,P2 - Maintain Loyalty,0.1,176.472
16752,373,1,415.0,108,2,2,2,222,Low Priority,P5 - Minimal Effort,0.0,0.0
16753,58,1,223.92000000000002,189,4,2,1,421,New/Low Spend Active,P4 - Nurture,0.05,11.196000000000002
16754,372,29,67502.47,67831,2,5,5,255,High Value At Risk,P1 - Immediate Retention,0.35,23625.8645
16755,114,7,2900.58,1999,3,4,4,344,Growth Potential,P3 - Upsell Opportunity,0.15,435.087
16756,215,7,1312.3700000000001,707,2,4,4,244,High Value At Risk,P1 - Immediate Retention,0.35,459.3295
16757,319,2,270.48,180,2,2,1,221,Low Priority,P5 - Minimal Effort,0.0,0.0
16758,65,1,369.34000000000003,203,3,2,2,322,Low Priority,P5 - Minimal Effort,0.0,0.0
16759,8,3,789.79,609,5,3,3,533,Growth Potential,P3 - Upsell Opportunity,0.15,118.46849999999999
16760,430,1,228.0,168,1,2,1,121,Low Priority,P5 - Minimal Effort,0.0,0.0
16761,97,1,316.62,341,3,2,2,322,Low Priority,P5 - Minimal Effort,0.0,0.0
16762,20,3,1501.38,618,4,3,4,434,VIP Loyal,P2 - Maintain Loyalty,0.1,150.138
16763,199,2,964.6999999999999,492,2,2,3,223,Low Priority,P5 - Minimal Effort,0.0,0.0
16764,4,13,2799.25,1259,5,5,4,554,VIP Loyal,P2 - Maintain Loyalty,0.1,279.925
16765,294,2,454.75,311,2,2,2,222,Low Priority,P5 - Minimal Effort,0.0,0.0
16766,273,2,1145.6,536,2,2,3,223,Low Priority,P5 - Minimal Effort,0.0,0.0
16767,31,15,8073.8,7121,4,5,5,455,VIP Loyal,P2 - Maintain Loyalty,0.1,807.3800000000001
16768,48,9,1708.12,777,4,5,4,454,VIP Loyal,P2 - Maintain Loyalty,0.1,170.812
16769,260,4,1141.75,301,2,4,3,243,Growth Potential,P3 - Upsell Opportunity,0.15,171.2625
16770,58,9,1932.13,1120,4,5,4,454,VIP Loyal,P2 - Maintain Loyalty,0.1,193.21300000000002
16771,33,10,3967.6,2314,4,5,5,455,VIP Loyal,P2 - Maintain Loyalty,0.1,396.76
16772,423,3,3723.5499999999997,689,1,3,5,135,High Value At Risk,P1 - Immediate Retention,0.35,1303.2424999999998
16773,57,3,421.24,252,4,3,2,432,New/Low Spend Active,P4 - Nurture,0.05,21.062
16774,68,8,1594.45,785,3,5,4,354,Growth Potential,P3 - Upsell Opportunity,0.15,239.1675
16775,10,16,3056.89,1020,5,5,5,555,VIP Loyal,P2 - Maintain Loyalty,0.1,305.689
16776,60,2,619.85,450,3,2,3,323,Low Priority,P5 - Minimal Effort,0.0,0.0
16777,80,5,1307.76,475,3,4,4,344,Growth Potential,P3 - Upsell Opportunity,0.15,196.164
16778,74,2,245.94,194,3,2,1,321,Low Priority,P5 - Minimal Effort,0.0,0.0
16779,2,53,33268.24,19626,5,5,5,555,VIP Loyal,P2 - Maintain Loyalty,0.1,3326.824
16780,100,3,605.55,355,3,3,2,332,Low Priority,P5 - Minimal Effort,0.0,0.0
16781,372,2,934.25,305,2,2,3,223,Low Priority,P5 - Minimal Effort,0.0,0.0
16782,10,38,10438.41,4285,5,5,5,555,VIP Loyal,P2 - Maintain Loyalty,0.1,1043.8410000000001
16783,437,1,391.95,163,1,2,2,122,Low Priority,P5 - Minimal Effort,0.0,0.0
16784,20,5,896.53,496,4,4,3,443,Growth Potential,P3 - Upsell Opportunity,0.15,134.4795
16785,410,1,533.78,313,2,2,2,222,Low Priority,P5 - Minimal Effort,0.0,0.0
16786,394,1,51.839999999999996,72,2,2,1,221,Low Priority,P5 - Minimal Effort,0.0,0.0
16787,398,4,1035.43,474,2,4,3,243,Growth Potential,P3 - Upsell Opportunity,0.15,155.3145
16788,123,5,1950.3,985,3,4,4,344,Growth Potential,P3 - Upsell Opportunity,0.15,292.54499999999996
16789,8,1,80.8,32,5,2,1,521,New/Low Spend Active,P4 - Nurture,0.05,4.04
16790,4,6,1545.6200000000001,898,5,4,4,544,VIP Loyal,P2 - Maintain Loyalty,0.1,154.562
16791,29,15,4038.69,1874,4,5,5,455,VIP Loyal,P2 - Maintain Loyalty,0.1,403.869
16792,282,5,623.46,324,2,4,3,243,Growth Potential,P3 - Upsell Opportunity,0.15,93.519
16793,57,1,243.84,146,4,2,1,421,New/Low Spend Active,P4 - Nurture,0.05,12.192
16794,1,15,2090.91,1602,5,5,4,554,VIP Loyal,P2 - Maintain Loyalty,0.1,209.091
16795,365,3,2492.39,1459,2,3,4,234,High Value At Risk,P1 - Immediate Retention,0.35,872.3364999999999
16796,89,1,305.62,186,3,2,2,322,Low Priority,P5 - Minimal Effort,0.0,0.0
16797,393,5,1827.77,909,2,4,4,244,High Value At Risk,P1 - Immediate Retention,0.35,639.7194999999999
16798,554,3,848.71,209,1,3,3,133,Growth Potential,P3 - Upsell Opportunity,0.15,127.3065
16799,432,2,495.98,176,1,2,2,122,Low Priority,P5 - Minimal Effort,0.0,0.0
16800,11,1,1201.49,540,5,2,3,523,Low Priority,P5 - Minimal Effort,0.0,0.0
16801,163,4,1619.73,499,3,4,4,344,Growth Potential,P3 - Upsell Opportunity,0.15,242.9595
16802,679,2,582.61,369,1,2,2,122,Low Priority,P5 - Minimal Effort,0.0,0.0
16803,65,1,332.3,245,3,2,2,322,Low Priority,P5 - Minimal Effort,0.0,0.0
16804,23,3,536.99,246,4,3,2,432,New/Low Spend Active,P4 - Nurture,0.05,26.849500000000003
16805,174,5,1097.24,1122,3,4,3,343,Growth Potential,P3 - Upsell Opportunity,0.15,164.58599999999998
16806,103,4,801.49,378,3,4,3,343,Growth Potential,P3 - Upsell Opportunity,0.15,120.2235
16807,143,6,2123.88,1433,3,4,4,344,Growth Potential,P3 - Upsell Opportunity,0.15,318.582
16808,99,2,288.42,196,3,2,1,321,Low Priority,P5 - Minimal Effort,0.0,0.0
16809,23,9,1727.43,1093,4,5,4,454,VIP Loyal,P2 - Maintain Loyalty,0.1,172.74300000000002
16810,192,2,842.0400000000001,372,2,2,3,223,Low Priority,P5 - Minimal Effort,0.0,0.0
16811,5,2,547.07,477,5,2,2,522,New/Low Spend Active,P4 - Nurture,0.05,27.353500000000004
16812,361,4,2392.0,1116,2,4,4,244,High Value At Risk,P1 - Immediate Retention,0.35,837.1999999999999
16813,8,10,1692.98,1525,5,5,4,554,VIP Loyal,P2 - Maintain Loyalty,0.1,169.298
16814,14,36,12499.710000000001,5066,5,5,5,555,VIP Loyal,P2 - Maintain Loyalty,0.1,1249.9710000000002
16815,454,2,410.97,238,1,2,2,122,Low Priority,P5 - Minimal Effort,0.0,0.0
16816,103,4,417.06,274,3,4,2,342,Low Priority,P5 - Minimal Effort,0.0,0.0
16817,3,13,2804.9,1565,5,5,4,554,VIP Loyal,P2 - Maintain Loyalty,0.1,280.49
16818,11,11,3349.57,2164,5,5,5,555,VIP Loyal,P2 - Maintain Loyalty,0.1,334.95700000000005
16819,465,2,182.59,253,1,2,1,121,Low Priority,P5 - Minimal Effort,0.0,0.0
16820,96,1,497.61,307,3,2,2,322,Low Priority,P5 - Minimal Effort,0.0,0.0
16821,382,1,113.35,13,2,2,1,221,Low Priority,P5 - Minimal Effort,0.0,0.0
16822,686,1,181.39,171,1,2,1,121,Low Priority,P5 - Minimal Effort,0.0,0.0
16823,227,7,2260.09,1168,2,4,4,244,High Value At Risk,P1 - Immediate Retention,0.35,791.0315
16824,16,3,686.24,390,5,3,3,533,Growth Potential,P3 - Upsell Opportunity,0.15,102.93599999999999
16825,39,5,1826.89,1297,4,4,4,444,VIP Loyal,P2 - Maintain Loyalty,0.1,182.68900000000002
16826,51,1,341.7,158,4,2,2,422,New/Low Spend Active,P4 - Nurture,0.05,17.085
16827,393,5,392.13,125,2,4,2,242,Low Priority,P5 - Minimal Effort,0.0,0.0
16828,93,2,128.5,59,3,2,1,321,Low Priority,P5 - Minimal Effort,0.0,0.0
16829,157,2,513.32,215,3,2,2,322,Low Priority,P5 - Minimal Effort,0.0,0.0
16830,39,4,1207.5,699,4,4,3,443,Growth Potential,P3 - Upsell Opportunity,0.15,181.125
16831,565,1,91.8,48,1,2,1,121,Low Priority,P5 - Minimal Effort,0.0,0.0
16832,184,5,417.61,179,3,4,2,342,Low Priority,P5 - Minimal Effort,0.0,0.0
16833,1,6,2409.04,878,5,4,4,544,VIP Loyal,P2 - Maintain Loyalty,0.1,240.904
16834,228,2,898.96,760,2,3,3,233,Growth Potential,P3 - Upsell Opportunity,0.15,134.844
16835,128,6,1538.41,515,3,4,4,344,Growth Potential,P3 - Upsell Opportunity,0.15,230.7615
16836,40,4,782.37,539,4,4,3,443,Growth Potential,P3 - Upsell Opportunity,0.15,117.35549999999999
16837,31,11,3170.98,1563,4,5,5,455,VIP Loyal,P2 - Maintain Loyalty,0.1,317.098
16838,197,4,1159.61,509,2,4,3,243,Growth Potential,P3 - Upsell Opportunity,0.15,173.9415
16839,9,44,22310.49,11527,5,5,5,555,VIP Loyal,P2 - Maintain Loyalty,0.1,2231.0490000000004
16840,603,2,139.85,117,1,3,1,131,Low Priority,P5 - Minimal Effort,0.0,0.0
16841,37,12,4006.06,3478,4,5,5,455,VIP Loyal,P2 - Maintain Loyalty,0.1,400.606
16842,101,3,1264.19,693,3,3,4,334,Growth Potential,P3 - Upsell Opportunity,0.15,189.6285
16843,43,35,19571.43,18502,4,5,5,455,VIP Loyal,P2 - Maintain Loyalty,0.1,1957.143
16844,563,2,614.34,281,1,3,2,132,Low Priority,P5 - Minimal Effort,0.0,0.0
16845,618,1,253.88,167,1,2,1,121,Low Priority,P5 - Minimal Effort,0.0,0.0
16846,50,3,842.41,517,4,3,3,433,Growth Potential,P3 - Upsell Opportunity,0.15,126.36149999999999
16847,43,2,614.89,255,4,3,2,432,New/Low Spend Active,P4 - Nurture,0.05,30.744500000000002
16848,53,4,1411.62,780,4,4,4,444,VIP Loyal,P2 - Maintain Loyalty,0.1,141.162
16849,187,1,124.57,33,3,2,1,321,Low Priority,P5 - Minimal Effort,0.0,0.0
16850,334,1,332.41,249,2,2,2,222,Low Priority,P5 - Minimal Effort,0.0,0.0
16851,4,3,342.45,271,5,3,2,532,New/Low Spend Active,P4 - Nurture,0.05,17.1225
16852,10,2,144.91000000000003,56,5,3,1,531,New/Low Spend Active,P4 - Nurture,0.05,7.245500000000002
16854,417,2,1408.96,997,1,3,4,134,High Value At Risk,P1 - Immediate Retention,0.35,493.13599999999997
16855,24,2,328.4,164,4,3,2,432,New/Low Spend Active,P4 - Nurture,0.05,16.419999999999998
16856,15,3,358.49,171,5,3,2,532,New/Low Spend Active,P4 - Nurture,0.05,17.924500000000002
16857,443,1,352.8,168,1,2,2,122,Low Priority,P5 - Minimal Effort,0.0,0.0
16858,369,10,4668.28,1514,2,5,5,255,High Value At Risk,P1 - Immediate Retention,0.35,1633.898
16859,145,7,1932.41,1899,3,4,4,344,Growth Potential,P3 - Upsell Opportunity,0.15,289.8615
16860,453,3,1610.62,625,1,3,4,134,High Value At Risk,P1 - Immediate Retention,0.35,563.7169999999999
16861,60,5,946.59,616,3,4,3,343,Growth Potential,P3 - Upsell Opportunity,0.15,141.9885
16862,547,4,662.33,513,1,4,3,143,Growth Potential,P3 - Upsell Opportunity,0.15,99.3495
16863,31,3,998.52,745,4,3,3,433,Growth Potential,P3 - Upsell Opportunity,0.15,149.778
16864,434,2,409.25,283,1,3,2,132,Low Priority,P5 - Minimal Effort,0.0,0.0
16865,402,1,130.95,157,2,2,1,221,Low Priority,P5 - Minimal Effort,0.0,0.0
16866,141,3,207.73999999999998,60,3,3,1,331,Low Priority,P5 - Minimal Effort,0.0,0.0
16867,690,1,76.74000000000001,58,1,2,1,121,Low Priority,P5 - Minimal Effort,0.0,0.0
16868,394,3,393.39,116,2,3,2,232,Low Priority,P5 - Minimal Effort,0.0,0.0
16869,23,4,825.42,585,4,4,3,443,Growth Potential,P3 - Upsell Opportunity,0.15,123.81299999999999
16870,469,1,450.15999999999997,278,1,2,2,122,Low Priority,P5 - Minimal Effort,0.0,0.0
16871,22,6,2812.34,1253,4,4,4,444,VIP Loyal,P2 - Maintain Loyalty,0.1,281.23400000000004
16872,77,6,1213.13,1079,3,4,3,343,Growth Potential,P3 - Upsell Opportunity,0.15,181.9695
16873,5,12,14617.39,8601,5,5,5,555,VIP Loyal,P2 - Maintain Loyalty,0.1,1461.739
16874,379,1,217.74,81,2,2,1,221,Low Priority,P5 - Minimal Effort,0.0,0.0
16875,67,11,4234.53,2099,3,5,5,355,Growth Potential,P3 - Upsell Opportunity,0.15,635.1795
16876,404,1,136.01,181,2,2,1,221,Low Priority,P5 - Minimal Effort,0.0,0.0
16877,12,6,853.72,463,5,4,3,543,Growth Potential,P3 - Upsell Opportunity,0.15,128.058
16878,84,1,13.3,12,3,2,1,321,Low Priority,P5 - Minimal Effort,0.0,0.0
16880,31,8,1840.86,911,4,5,4,454,VIP Loyal,P2 - Maintain Loyalty,0.1,184.086
16881,67,1,432.0,600,3,2,2,322,Low Priority,P5 - Minimal Effort,0.0,0.0
16882,67,3,705.12,424,3,3,3,333,Growth Potential,P3 - Upsell Opportunity,0.15,105.768
16883,187,19,2396.59,1080,3,5,4,354,Growth Potential,P3 - Upsell Opportunity,0.15,359.4885
16884,38,4,1073.92,521,4,4,3,443,Growth Potential,P3 - Upsell Opportunity,0.15,161.088
16885,15,4,710.74,376,5,4,3,543,Growth Potential,P3 - Upsell Opportunity,0.15,106.611
16886,456,1,134.0,48,1,2,1,121,Low Priority,P5 - Minimal Effort,0.0,0.0
16887,35,3,660.72,424,4,3,3,433,Growth Potential,P3 - Upsell Opportunity,0.15,99.108
16888,401,3,437.15,147,2,3,2,232,Low Priority,P5 - Minimal Effort,0.0,0.0
16889,195,6,2530.9,1616,2,4,4,244,High Value At Risk,P1 - Immediate Retention,0.35,885.8149999999999
16890,477,3,285.41,243,1,3,1,131,Low Priority,P5 - Minimal Effort,0.0,0.0
16891,2,11,2056.82,774,5,5,4,554,VIP Loyal,P2 - Maintain Loyalty,0.1,205.68200000000002
16892,1,7,762.1,370,5,4,3,543,Growth Potential,P3 - Upsell Opportunity,0.15,114.315
16893,367,2,401.77,182,2,3,2,232,Low Priority,P5 - Minimal Effort,0.0,0.0
16894,502,3,1324.06,507,1,3,4,134,High Value At Risk,P1 - Immediate Retention,0.35,463.42099999999994
16895,65,5,1121.42,433,3,4,3,343,Growth Potential,P3 - Upsell Opportunity,0.15,168.213
16896,555,1,103.95,18,1,2,1,121,Low Priority,P5 - Minimal Effort,0.0,0.0
16897,299,2,289.78,73,2,3,1,231,Low Priority,P5 - Minimal Effort,0.0,0.0
16898,26,5,1016.37,805,4,4,3,443,Growth Potential,P3 - Upsell Opportunity,0.15,152.4555
16899,8,8,1721.02,818,5,5,4,554,VIP Loyal,P2 - Maintain Loyalty,0.1,172.102
16900,17,3,887.11,833,5,3,3,533,Growth Potential,P3 - Upsell Opportunity,0.15,133.0665
16901,729,1,204.26,42,1,2,1,121,Low Priority,P5 - Minimal Effort,0.0,0.0
16902,116,1,1706.88,629,3,2,4,324,Low Priority,P5 - Minimal Effort,0.0,0.0
16903,29,3,1062.28,747,4,3,3,433,Growth Potential,P3 - Upsell Opportunity,0.15,159.34199999999998
16904,4,21,5132.37,2809,5,5,5,555,VIP Loyal,P2 - Maintain Loyalty,0.1,513.237
16905,5,17,5034.15,2059,5,5,5,555,VIP Loyal,P2 - Maintain Loyalty,0.1,503.41499999999996
16906,82,7,1448.8,613,3,4,4,344,Growth Potential,P3 - Upsell Opportunity,0.15,217.32
16907,29,9,1707.9,532,4,5,4,454,VIP Loyal,P2 - Maintain Loyalty,0.1,170.79000000000002
16908,722,1,252.59,61,1,2,1,121,Low Priority,P5 - Minimal Effort,0.0,0.0
16909,72,1,379.14,436,3,2,2,322,Low Priority,P5 - Minimal Effort,0.0,0.0
16910,4,8,1510.06,886,5,5,4,554,VIP Loyal,P2 - Maintain Loyalty,0.1,151.006
16911,636,2,255.25,161,1,3,1,131,Low Priority,P5 - Minimal Effort,0.0,0.0
16912,29,15,4480.31,1693,4,5,5,455,VIP Loyal,P2 - Maintain Loyalty,0.1,448.03100000000006
16913,290,3,423.90999999999997,229,2,3,2,232,Low Priority,P5 - Minimal Effort,0.0,0.0
16914,36,1,208.46,121,4,2,1,421,New/Low Spend Active,P4 - Nurture,0.05,10.423000000000002
16915,9,11,1543.18,190,5,5,4,554,VIP Loyal,P2 - Maintain Loyalty,0.1,154.318
16916,24,4,1123.4,764,4,4,3,443,Growth Potential,P3 - Upsell Opportunity,0.15,168.51000000000002
16917,277,2,1857.83,793,2,3,4,234,High Value At Risk,P1 - Immediate Retention,0.35,650.2404999999999
16918,50,16,3213.29,2069,4,5,5,455,VIP Loyal,P2 - Maintain Loyalty,0.1,321.329
16919,156,24,5125.91,2425,3,5,5,355,Growth Potential,P3 - Upsell Opportunity,0.15,768.8865
16920,411,1,355.45,81,1,2,2,122,Low Priority,P5 - Minimal Effort,0.0,0.0
16921,61,3,446.67,299,3,3,2,332,Low Priority,P5 - Minimal Effort,0.0,0.0
16922,573,1,611.08,281,1,2,2,122,Low Priority,P5 - Minimal Effort,0.0,0.0
16923,12,32,13378.36,6269,5,5,5,555,VIP Loyal,P2 - Maintain Loyalty,0.1,1337.8360000000002
16924,21,3,846.75,493,4,3,3,433,Growth Potential,P3 - Upsell Opportunity,0.15,127.01249999999999
16925,540,1,125.65,123,1,2,1,121,Low Priority,P5 - Minimal Effort,0.0,0.0
16926,371,5,1421.35,237,2,4,4,244,High Value At Risk,P1 - Immediate Retention,0.35,497.4724999999999
16927,116,3,543.05,993,3,3,2,332,Low Priority,P5 - Minimal Effort,0.0,0.0
16928,80,29,4113.23,2755,3,5,5,355,Growth Potential,P3 - Upsell Opportunity,0.15,616.9844999999999
16929,4,7,1295.39,929,5,4,4,544,VIP Loyal,P2 - Maintain Loyalty,0.1,129.53900000000002
16930,26,3,380.55,341,4,3,2,432,New/Low Spend Active,P4 - Nurture,0.05,19.0275
16931,5,23,5233.62,3463,5,5,5,555,VIP Loyal,P2 - Maintain Loyalty,0.1,523.362
16932,53,3,440.71,229,4,3,2,432,New/Low Spend Active,P4 - Nurture,0.05,22.0355
16933,1,9,3181.25,1547,5,5,5,555,VIP Loyal,P2 - Maintain Loyalty,0.1,318.125
16934,55,6,2110.9900000000002,939,4,4,4,444,VIP Loyal,P2 - Maintain Loyalty,0.1,211.09900000000005
16935,382,3,535.1,278,2,3,2,232,Low Priority,P5 - Minimal Effort,0.0,0.0
16936,26,2,551.17,342,4,3,2,432,New/Low Spend Active,P4 - Nurture,0.05,27.5585
16937,499,1,202.1,126,1,2,1,121,Low Priority,P5 - Minimal Effort,0.0,0.0
16938,9,9,7043.18,5084,5,5,5,555,VIP Loyal,P2 - Maintain Loyalty,0.1,704.3180000000001
16939,489,3,449.0,232,1,3,2,132,Low Priority,P5 - Minimal Effort,0.0,0.0
16940,52,8,6427.66,4503,4,5,5,455,VIP Loyal,P2 - Maintain Loyalty,0.1,642.7660000000001
16941,612,1,33.0,12,1,2,1,121,Low Priority,P5 - Minimal Effort,0.0,0.0
16942,13,9,1920.59,811,5,5,4,554,VIP Loyal,P2 - Maintain Loyalty,0.1,192.059
16943,212,5,1299.49,147,2,4,4,244,High Value At Risk,P1 - Immediate Retention,0.35,454.82149999999996
16944,610,1,101.36,27,1,2,1,121,Low Priority,P5 - Minimal Effort,0.0,0.0
16945,22,33,8548.16,5889,4,5,5,455,VIP Loyal,P2 - Maintain Loyalty,0.1,854.816
16946,383,5,1222.04,509,2,4,3,243,Growth Potential,P3 - Upsell Opportunity,0.15,183.30599999999998
16947,236,5,955.21,655,2,4,3,243,Growth Potential,P3 - Upsell Opportunity,0.15,143.2815
16948,139,7,868.77,2091,3,4,3,343,Growth Potential,P3 - Upsell Opportunity,0.15,130.3155
16949,4,6,1286.27,791,5,4,4,544,VIP Loyal,P2 - Maintain Loyalty,0.1,128.627
16950,57,10,3784.37,2492,4,5,5,455,VIP Loyal,P2 - Maintain Loyalty,0.1,378.437
16951,135,3,1277.75,1318,3,3,4,334,Growth Potential,P3 - Upsell Opportunity,0.15,191.6625
16952,109,5,798.78,344,3,4,3,343,Growth Potential,P3 - Upsell Opportunity,0.15,119.817
16953,30,1,20.8,10,4,2,1,421,New/Low Spend Active,P4 - Nurture,0.05,1.04
16954,1,20,6081.88,4086,5,5,5,555,VIP Loyal,P2 - Maintain Loyalty,0.1,608.188
16955,185,6,1309.41,823,3,4,4,344,Growth Potential,P3 - Upsell Opportunity,0.15,196.41150000000002
16956,18,1,308.74,114,5,2,2,522,New/Low Spend Active,P4 - Nurture,0.05,15.437000000000001
16957,239,2,416.64,172,2,3,2,232,Low Priority,P5 - Minimal Effort,0.0,0.0
16958,435,1,809.44,561,1,2,3,123,Low Priority,P5 - Minimal Effort,0.0,0.0
16959,87,1,117.35000000000001,49,3,2,1,321,Low Priority,P5 - Minimal Effort,0.0,0.0
16960,39,8,2043.43,1515,4,5,4,454,VIP Loyal,P2 - Maintain Loyalty,0.1,204.34300000000002
16961,116,3,794.56,482,3,3,3,333,Growth Potential,P3 - Upsell Opportunity,0.15,119.18399999999998
16962,410,1,251.04,158,2,2,1,221,Low Priority,P5 - Minimal Effort,0.0,0.0
16963,187,1,110.55000000000001,35,3,2,1,321,Low Priority,P5 - Minimal Effort,0.0,0.0
16964,733,2,207.85,49,1,3,1,131,Low Priority,P5 - Minimal Effort,0.0,0.0
16965,227,1,201.19,291,2,2,1,221,Low Priority,P5 - Minimal Effort,0.0,0.0
16966,8,7,2154.97,1981,5,4,4,544,VIP Loyal,P2 - Maintain Loyalty,0.1,215.49699999999999
16967,189,1,319.02,333,3,2,2,322,Low Priority,P5 - Minimal Effort,0.0,0.0
16968,4,2,439.43,326,5,3,2,532,New/Low Spend Active,P4 - Nurture,0.05,21.971500000000002
16969,39,3,650.41,816,4,3,3,433,Growth Potential,P3 - Upsell Opportunity,0.15,97.5615
16970,626,1,71.4,12,1,2,1,121,Low Priority,P5 - Minimal Effort,0.0,0.0
16971,38,1,357.21,72,4,2,2,422,New/Low Spend Active,P4 - Nurture,0.05,17.8605
16972,383,2,786.25,190,2,3,3,233,Growth Potential,P3 - Upsell Opportunity,0.15,117.9375
16973,386,1,127.0,60,2,2,1,221,Low Priority,P5 - Minimal Effort,0.0,0.0
16974,523,2,365.5,70,1,3,2,132,Low Priority,P5 - Minimal Effort,0.0,0.0
16975,423,3,926.12,586,1,3,3,133,Growth Potential,P3 - Upsell Opportunity,0.15,138.918
16976,267,1,251.51999999999998,88,2,2,1,221,Low Priority,P5 - Minimal Effort,0.0,0.0
16977,395,4,496.0,142,2,4,2,242,Low Priority,P5 - Minimal Effort,0.0,0.0
16978,78,3,768.88,285,3,3,3,333,Growth Potential,P3 - Upsell Opportunity,0.15,115.332
16979,4,9,2859.74,1451,5,5,4,554,VIP Loyal,P2 - Maintain Loyalty,0.1,285.974
16980,255,3,1473.3300000000002,1039,2,3,4,234,High Value At Risk,P1 - Immediate Retention,0.35,515.6655000000001
16982,61,1,384.06,182,3,2,2,322,Low Priority,P5 - Minimal Effort,0.0,0.0
16983,13,11,3710.22,2508,5,5,5,555,VIP Loyal,P2 - Maintain Loyalty,0.1,371.022
16984,88,9,10754.8,5330,3,5,5,355,Growth Potential,P3 - Upsell Opportunity,0.15,1613.2199999999998
16985,17,23,10923.16,3103,5,5,5,555,VIP Loyal,P2 - Maintain Loyalty,0.1,1092.316
16986,30,11,4888.75,2539,4,5,5,455,VIP Loyal,P2 - Maintain Loyalty,0.1,488.875
16987,3,11,2535.9,679,5,5,4,554,VIP Loyal,P2 - Maintain Loyalty,0.1,253.59000000000003
16988,5,2,382.67,158,5,3,2,532,New/Low Spend Active,P4 - Nurture,0.05,19.1335
16989,7,6,1133.25,1233,5,4,3,543,Growth Potential,P3 - Upsell Opportunity,0.15,169.98749999999998
16990,219,2,344.0,200,2,3,2,232,Low Priority,P5 - Minimal Effort,0.0,0.0
16991,421,1,1041.21,793,1,2,3,123,Low Priority,P5 - Minimal Effort,0.0,0.0
16992,11,13,5476.5,2061,5,5,5,555,VIP Loyal,P2 - Maintain Loyalty,0.1,547.65
16993,464,2,1950.9499999999998,285,1,3,4,134,High Value At Risk,P1 - Immediate Retention,0.35,682.8324999999999
16996,30,9,2123.61,919,4,5,4,454,VIP Loyal,P2 - Maintain Loyalty,0.1,212.36100000000002
16997,288,3,702.0,360,2,3,3,233,Growth Potential,P3 - Upsell Opportunity,0.15,105.3
16998,150,5,402.0,104,3,4,2,342,Low Priority,P5 - Minimal Effort,0.0,0.0
16999,23,2,484.82,294,4,3,2,432,New/Low Spend Active,P4 - Nurture,0.05,24.241
17000,396,2,406.3,305,2,3,2,232,Low Priority,P5 - Minimal Effort,0.0,0.0
17001,1,19,6640.8,3782,5,5,5,555,VIP Loyal,P2 - Maintain Loyalty,0.1,664.08
17002,86,7,2571.55,1265,3,4,4,344,Growth Potential,P3 - Upsell Opportunity,0.15,385.7325
17003,402,4,830.16,495,2,4,3,243,Growth Potential,P3 - Upsell Opportunity,0.15,124.52399999999999
17004,46,4,2425.16,1281,4,4,4,444,VIP Loyal,P2 - Maintain Loyalty,0.1,242.516
17005,471,2,742.36,787,1,3,3,133,Growth Potential,P3 - Upsell Opportunity,0.15,111.354
17006,5,8,1636.32,573,5,5,4,554,VIP Loyal,P2 - Maintain Loyalty,0.1,163.632
17007,51,7,1120.1,717,4,4,3,443,Growth Potential,P3 - Upsell Opportunity,0.15,168.015
17008,429,1,81.36,24,1,2,1,121,Low Priority,P5 - Minimal Effort,0.0,0.0
17009,551,1,242.06,336,1,2,1,121,Low Priority,P5 - Minimal Effort,0.0,0.0
17010,18,1,195.36,118,5,2,1,521,New/Low Spend Active,P4 - Nurture,0.05,9.768
17011,30,3,671.7,792,4,3,3,433,Growth Potential,P3 - Upsell Opportunity,0.15,100.75500000000001
17012,725,1,384.16,268,1,2,2,122,Low Priority,P5 - Minimal Effort,0.0,0.0
17014,8,3,586.33,245,5,3,2,532,New/Low Spend Active,P4 - Nurture,0.05,29.316500000000005
17015,29,3,1842.56,1981,4,3,4,434,VIP Loyal,P2 - Maintain Loyalty,0.1,184.256
17016,577,1,552.4,309,1,2,2,122,Low Priority,P5 - Minimal Effort,0.0,0.0
17017,3,29,14110.61,10591,5,5,5,555,VIP Loyal,P2 - Maintain Loyalty,0.1,1411.0610000000001
17018,41,6,2287.7,456,4,4,4,444,VIP Loyal,P2 - Maintain Loyalty,0.1,228.76999999999998
17019,11,11,4012.2,2643,5,5,5,555,VIP Loyal,P2 - Maintain Loyalty,0.1,401.22
17020,542,2,935.62,860,1,3,3,133,Growth Potential,P3 - Upsell Opportunity,0.15,140.343
17021,442,6,1182.22,992,1,4,3,143,Growth Potential,P3 - Upsell Opportunity,0.15,177.333
17022,31,2,260.0,180,4,3,1,431,New/Low Spend Active,P4 - Nurture,0.05,13.0
17023,417,3,800.18,530,1,3,3,133,Growth Potential,P3 - Upsell Opportunity,0.15,120.02699999999999
17024,45,3,95.85,69,4,3,1,431,New/Low Spend Active,P4 - Nurture,0.05,4.7924999999999995
17025,61,5,1510.6399999999999,1024,3,4,4,344,Growth Potential,P3 - Upsell Opportunity,0.15,226.59599999999998
17026,185,3,208.98,132,3,3,1,331,Low Priority,P5 - Minimal Effort,0.0,0.0
17027,79,9,1327.1100000000001,653,3,5,4,354,Growth Potential,P3 - Upsell Opportunity,0.15,199.06650000000002
17028,581,3,1593.83,856,1,3,4,134,High Value At Risk,P1 - Immediate Retention,0.35,557.8404999999999
17029,111,7,2137.3,1265,3,4,4,344,Growth Potential,P3 - Upsell Opportunity,0.15,320.595
17030,64,1,146.87,146,3,2,1,321,Low Priority,P5 - Minimal Effort,0.0,0.0
17031,12,6,2773.85,1595,5,4,4,544,VIP Loyal,P2 - Maintain Loyalty,0.1,277.385
17032,548,8,3004.6,1695,1,5,5,155,High Value At Risk,P1 - Immediate Retention,0.35,1051.61
17033,86,4,1332.79,871,3,4,4,344,Growth Potential,P3 - Upsell Opportunity,0.15,199.9185
17034,16,5,1283.92,700,5,4,4,544,VIP Loyal,P2 - Maintain Loyalty,0.1,128.39200000000002
17035,246,4,613.59,327,2,4,2,242,Low Priority,P5 - Minimal Effort,0.0,0.0
17036,383,1,176.9,76,2,2,1,221,Low Priority,P5 - Minimal Effort,0.0,0.0
17037,88,1,1267.32,656,3,2,4,324,Low Priority,P5 - Minimal Effort,0.0,0.0
17038,30,2,743.17,535,4,3,3,433,Growth Potential,P3 - Upsell Opportunity,0.15,111.4755
17039,604,1,1954.99,689,1,2,4,124,High Value At Risk,P1 - Immediate Retention,0.35,684.2465
17040,138,2,463.25,189,3,3,2,332,Low Priority,P5 - Minimal Effort,0.0,0.0
17041,27,6,1686.28,1337,4,4,4,444,VIP Loyal,P2 - Maintain Loyalty,0.1,168.62800000000001
17042,3,5,1044.3799999999999,994,5,4,3,543,Growth Potential,P3 - Upsell Opportunity,0.15,156.65699999999998
17043,32,8,2616.55,1624,4,5,4,454,VIP Loyal,P2 - Maintain Loyalty,0.1,261.65500000000003
17044,25,12,11962.3,5722,4,5,5,455,VIP Loyal,P2 - Maintain Loyalty,0.1,1196.23
17045,113,5,827.6800000000001,294,3,4,3,343,Growth Potential,P3 - Upsell Opportunity,0.15,124.152
17046,157,5,1906.07,1636,3,4,4,344,Growth Potential,P3 - Upsell Opportunity,0.15,285.91049999999996
17047,85,6,2289.23,1184,3,4,4,344,Growth Potential,P3 - Upsell Opportunity,0.15,343.3845
17048,118,7,2071.68,1068,3,4,4,344,Growth Potential,P3 - Upsell Opportunity,0.15,310.75199999999995
17049,3,19,9947.48,4276,5,5,5,555,VIP Loyal,P2 - Maintain Loyalty,0.1,994.748
17050,96,11,4691.79,2451,3,5,5,355,Growth Potential,P3 - Upsell Opportunity,0.15,703.7685
17051,194,4,714.39,513,2,4,3,243,Growth Potential,P3 - Upsell Opportunity,0.15,107.15849999999999
17052,28,1,413.75,261,4,2,2,422,New/Low Spend Active,P4 - Nurture,0.05,20.6875
17053,131,1,498.48,122,3,2,2,322,Low Priority,P5 - Minimal Effort,0.0,0.0
17054,28,5,1356.33,804,4,4,4,444,VIP Loyal,P2 - Maintain Loyalty,0.1,135.633
17055,446,1,239.55,87,1,2,1,121,Low Priority,P5 - Minimal Effort,0.0,0.0
17056,738,1,128.60000000000002,26,1,2,1,121,Low Priority,P5 - Minimal Effort,0.0,0.0
17057,596,1,294.74,129,1,2,2,122,Low Priority,P5 - Minimal Effort,0.0,0.0
17058,82,3,1179.89,592,3,3,3,333,Growth Potential,P3 - Upsell Opportunity,0.15,176.98350000000002
17059,30,9,5602.53,3584,4,5,5,455,VIP Loyal,P2 - Maintain Loyalty,0.1,560.253
17060,266,1,234.24,216,2,2,1,221,Low Priority,P5 - Minimal Effort,0.0,0.0
17061,74,11,5232.2300000000005,1526,3,5,5,355,Growth Potential,P3 - Upsell Opportunity,0.15,784.8345
17062,314,6,1208.22,922,2,4,3,243,Growth Potential,P3 - Upsell Opportunity,0.15,181.233
17063,21,13,3638.53,1899,4,5,5,455,VIP Loyal,P2 - Maintain Loyalty,0.1,363.85300000000007
17064,59,3,859.35,318,4,3,3,433,Growth Potential,P3 - Upsell Opportunity,0.15,128.9025
17065,638,2,194.7,82,1,3,1,131,Low Priority,P5 - Minimal Effort,0.0,0.0
17066,726,1,228.34,93,1,2,1,121,Low Priority,P5 - Minimal Effort,0.0,0.0
17067,725,3,454.54,322,1,3,2,132,Low Priority,P5 - Minimal Effort,0.0,0.0
17068,12,47,9161.08,4435,5,5,5,555,VIP Loyal,P2 - Maintain Loyalty,0.1,916.1080000000001
17069,28,14,5794.28,3333,4,5,5,455,VIP Loyal,P2 - Maintain Loyalty,0.1,579.428
17070,114,2,445.32,234,3,3,2,332,Low Priority,P5 - Minimal Effort,0.0,0.0
17071,28,13,3801.2000000000003,1935,4,5,5,455,VIP Loyal,P2 - Maintain Loyalty,0.1,380.12000000000006
17072,625,1,282.05,218,1,2,1,121,Low Priority,P5 - Minimal Effort,0.0,0.0
17073,18,4,1446.09,759,5,4,4,544,VIP Loyal,P2 - Maintain Loyalty,0.1,144.609
17074,563,1,203.05,19,1,2,1,121,Low Priority,P5 - Minimal Effort,0.0,0.0
17075,18,10,2241.73,787,5,5,4,554,VIP Loyal,P2 - Maintain Loyalty,0.1,224.173
17076,36,6,1242.75,514,4,4,3,443,Growth Potential,P3 - Upsell Opportunity,0.15,186.4125
17077,578,1,306.0,36,1,2,2,122,Low Priority,P5 - Minimal Effort,0.0,0.0
17078,36,2,378.2,788,4,3,2,432,New/Low Spend Active,P4 - Nurture,0.05,18.91
17079,78,1,118.80000000000001,24,3,2,1,321,Low Priority,P5 - Minimal Effort,0.0,0.0
17080,22,7,957.53,569,4,4,3,443,Growth Potential,P3 - Upsell Opportunity,0.15,143.62949999999998
17081,25,6,964.39,389,4,4,3,443,Growth Potential,P3 - Upsell Opportunity,0.15,144.6585
17082,33,6,4732.03,2526,4,4,5,445,VIP Loyal,P2 - Maintain Loyalty,0.1,473.203
17083,109,9,4049.79,1955,3,5,5,355,Growth Potential,P3 - Upsell Opportunity,0.15,607.4685
17084,35,3,5202.97,3292,4,3,5,435,VIP Loyal,P2 - Maintain Loyalty,0.1,520.297
17085,123,28,7891.41,3603,3,5,5,355,Growth Potential,P3 - Upsell Opportunity,0.15,1183.7115
17086,7,6,2050.08,1859,5,4,4,544,VIP Loyal,P2 - Maintain Loyalty,0.1,205.008
17087,738,1,221.53,113,1,2,1,121,Low Priority,P5 - Minimal Effort,0.0,0.0
17088,28,4,1991.01,868,4,4,4,444,VIP Loyal,P2 - Maintain Loyalty,0.1,199.101
17089,386,1,128.45,35,2,2,1,221,Low Priority,P5 - Minimal Effort,0.0,0.0
17090,4,13,3149.48,1362,5,5,5,555,VIP Loyal,P2 - Maintain Loyalty,0.1,314.94800000000004
17091,3,19,7811.1,3845,5,5,5,555,VIP Loyal,P2 - Maintain Loyalty,0.1,781.1100000000001
17092,50,11,5594.96,3801,4,5,5,455,VIP Loyal,P2 - Maintain Loyalty,0.1,559.496
17093,593,1,235.88,114,1,2,1,121,Low Priority,P5 - Minimal Effort,0.0,0.0
17094,322,2,402.20000000000005,212,2,3,2,232,Low Priority,P5 - Minimal Effort,0.0,0.0
17095,23,7,2572.25,1695,4,4,4,444,VIP Loyal,P2 - Maintain Loyalty,0.1,257.225
17096,15,11,3759.18,1571,5,5,5,555,VIP Loyal,P2 - Maintain Loyalty,0.1,375.918
17097,2,9,1340.45,660,5,5,4,554,VIP Loyal,P2 - Maintain Loyalty,0.1,134.04500000000002
17098,382,3,591.0699999999999,125,2,3,2,232,Low Priority,P5 - Minimal Effort,0.0,0.0
17099,533,1,582.17,317,1,2,2,122,Low Priority,P5 - Minimal Effort,0.0,0.0
17100,18,2,971.74,800,5,3,3,533,Growth Potential,P3 - Upsell Opportunity,0.15,145.761
17101,10,7,2507.05,1175,5,4,4,544,VIP Loyal,P2 - Maintain Loyalty,0.1,250.70500000000004
17102,262,1,25.5,2,2,2,1,221,Low Priority,P5 - Minimal Effort,0.0,0.0
17103,722,1,424.3,471,1,2,2,122,Low Priority,P5 - Minimal Effort,0.0,0.0
17104,424,1,474.03,149,1,2,2,122,Low Priority,P5 - Minimal Effort,0.0,0.0
17105,159,2,665.78,693,3,3,3,333,Growth Potential,P3 - Upsell Opportunity,0.15,99.86699999999999
17106,389,1,491.23,156,2,2,2,222,Low Priority,P5 - Minimal Effort,0.0,0.0
17107,33,10,16075.42,7544,4,5,5,455,VIP Loyal,P2 - Maintain Loyalty,0.1,1607.5420000000001
17108,664,1,174.95,31,1,2,1,121,Low Priority,P5 - Minimal Effort,0.0,0.0
17109,29,8,1295.46,789,4,5,4,454,VIP Loyal,P2 - Maintain Loyalty,0.1,129.54600000000002
17110,165,3,510.7,142,3,3,2,332,Low Priority,P5 - Minimal Effort,0.0,0.0
17111,47,2,476.58,601,4,3,2,432,New/Low Spend Active,P4 - Nurture,0.05,23.829
17112,503,1,205.17,134,1,2,1,121,Low Priority,P5 - Minimal Effort,0.0,0.0
17113,574,6,2322.59,915,1,4,4,144,High Value At Risk,P1 - Immediate Retention,0.35,812.9065
17114,6,8,808.62,219,5,5,3,553,Growth Potential,P3 - Upsell Opportunity,0.15,121.29299999999999
17115,8,7,2761.4900000000002,885,5,4,4,544,VIP Loyal,P2 - Maintain Loyalty,0.1,276.14900000000006
17116,648,1,389.78,392,1,2,2,122,Low Priority,P5 - Minimal Effort,0.0,0.0
17117,288,1,116.19999999999999,68,2,2,1,221,Low Priority,P5 - Minimal Effort,0.0,0.0
17118,318,1,157.02,154,2,2,1,221,Low Priority,P5 - Minimal Effort,0.0,0.0
17119,3,2,606.91,334,5,3,2,532,New/Low Spend Active,P4 - Nurture,0.05,30.3455
17120,233,1,307.46,120,2,2,2,222,Low Priority,P5 - Minimal Effort,0.0,0.0
17121,403,1,314.74,106,2,2,2,222,Low Priority,P5 - Minimal Effort,0.0,0.0
17122,119,4,570.5,368,3,4,2,342,Low Priority,P5 - Minimal Effort,0.0,0.0
17123,162,3,977.17,676,3,3,3,333,Growth Potential,P3 - Upsell Opportunity,0.15,146.57549999999998
17124,185,1,298.89,130,3,2,2,322,Low Priority,P5 - Minimal Effort,0.0,0.0
17125,50,1,259.35,291,4,2,1,421,New/Low Spend Active,P4 - Nurture,0.05,12.967500000000001
17126,152,9,2070.44,1468,3,5,4,354,Growth Potential,P3 - Upsell Opportunity,0.15,310.566
17127,429,5,1155.0300000000002,340,1,4,3,143,Growth Potential,P3 - Upsell Opportunity,0.15,173.25450000000004
17128,335,1,157.09,76,2,2,1,221,Low Priority,P5 - Minimal Effort,0.0,0.0
17129,520,1,31.85,5,1,2,1,121,Low Priority,P5 - Minimal Effort,0.0,0.0
17131,5,5,2463.17,983,5,4,4,544,VIP Loyal,P2 - Maintain Loyalty,0.1,246.317
17132,452,2,1272.8,980,1,3,4,134,High Value At Risk,P1 - Immediate Retention,0.35,445.47999999999996
17133,16,12,14622.33,10107,5,5,5,555,VIP Loyal,P2 - Maintain Loyalty,0.1,1462.2330000000002
17134,107,3,637.1,148,3,3,3,333,Growth Potential,P3 - Upsell Opportunity,0.15,95.565
17135,16,10,1954.16,1922,5,5,4,554,VIP Loyal,P2 - Maintain Loyalty,0.1,195.41600000000003
17136,662,1,231.68,256,1,2,1,121,Low Priority,P5 - Minimal Effort,0.0,0.0
17137,416,6,1133.63,697,1,4,3,143,Growth Potential,P3 - Upsell Opportunity,0.15,170.0445
17138,276,7,4417.27,2024,2,4,5,245,High Value At Risk,P1 - Immediate Retention,0.35,1546.0445
17139,16,25,19584.46,9859,5,5,5,555,VIP Loyal,P2 - Maintain Loyalty,0.1,1958.446
17140,247,1,465.32,302,2,2,2,222,Low Priority,P5 - Minimal Effort,0.0,0.0
17141,418,4,754.33,436,1,4,3,143,Growth Potential,P3 - Upsell Opportunity,0.15,113.1495
17142,239,4,1283.75,323,2,4,4,244,High Value At Risk,P1 - Immediate Retention,0.35,449.31249999999994
17143,417,2,924.11,330,1,3,3,133,Growth Potential,P3 - Upsell Opportunity,0.15,138.6165
17144,1,2,984.57,483,5,3,3,533,Growth Potential,P3 - Upsell Opportunity,0.15,147.6855
17145,513,4,3120.91,2591,1,4,5,145,High Value At Risk,P1 - Immediate Retention,0.35,1092.3184999999999
17146,106,13,5860.24,2192,3,5,5,355,Growth Potential,P3 - Upsell Opportunity,0.15,879.036
17147,23,9,3199.95,1308,4,5,5,455,VIP Loyal,P2 - Maintain Loyalty,0.1,319.995
17148,52,1,124.88,82,4,2,1,421,New/Low Spend Active,P4 - Nurture,0.05,6.244
17149,451,1,143.10000000000002,18,1,2,1,121,Low Priority,P5 - Minimal Effort,0.0,0.0
17150,377,6,1375.65,403,2,4,4,244,High Value At Risk,P1 - Immediate Retention,0.35,481.4775
17151,735,1,231.90000000000003,42,1,2,1,121,Low Priority,P5 - Minimal Effort,0.0,0.0
17152,195,4,2016.5,577,2,4,4,244,High Value At Risk,P1 - Immediate Retention,0.35,705.775
17153,24,1,213.78,104,4,2,1,421,New/Low Spend Active,P4 - Nurture,0.05,10.689
17154,75,1,329.34,490,3,2,2,322,Low Priority,P5 - Minimal Effort,0.0,0.0
17155,18,7,892.46,987,5,4,3,543,Growth Potential,P3 - Upsell Opportunity,0.15,133.869
17156,492,1,591.87,391,1,2,2,122,Low Priority,P5 - Minimal Effort,0.0,0.0
17157,8,19,5151.9,2092,5,5,5,555,VIP Loyal,P2 - Maintain Loyalty,0.1,515.1899999999999
17158,32,5,1980.0,1147,4,4,4,444,VIP Loyal,P2 - Maintain Loyalty,0.1,198.0
17159,22,5,2099.59,1348,4,4,4,444,VIP Loyal,P2 - Maintain Loyalty,0.1,209.95900000000003
17160,31,17,10209.16,8390,4,5,5,455,VIP Loyal,P2 - Maintain Loyalty,0.1,1020.916
17161,444,1,856.01,537,1,2,3,123,Low Priority,P5 - Minimal Effort,0.0,0.0
17162,29,10,1715.46,1001,4,5,4,454,VIP Loyal,P2 - Maintain Loyalty,0.1,171.54600000000002
17163,22,4,699.78,531,4,4,3,443,Growth Potential,P3 - Upsell Opportunity,0.15,104.967
17164,33,7,2467.35,1501,4,4,4,444,VIP Loyal,P2 - Maintain Loyalty,0.1,246.735
17165,284,6,1794.32,788,2,4,4,244,High Value At Risk,P1 - Immediate Retention,0.35,628.012
17166,39,2,206.34,78,4,3,1,431,New/Low Spend Active,P4 - Nurture,0.05,10.317
17167,380,3,867.11,429,2,3,3,233,Growth Potential,P3 - Upsell Opportunity,0.15,130.0665
17168,499,1,400.2,220,1,2,2,122,Low Priority,P5 - Minimal Effort,0.0,0.0
17169,58,3,1156.73,671,4,3,3,433,Growth Potential,P3 - Upsell Opportunity,0.15,173.5095
17170,374,2,178.68,152,2,3,1,231,Low Priority,P5 - Minimal Effort,0.0,0.0
17171,289,2,384.59,225,2,3,2,232,Low Priority,P5 - Minimal Effort,0.0,0.0
17172,79,3,956.5699999999999,1215,3,3,3,333,Growth Potential,P3 - Upsell Opportunity,0.15,143.48549999999997
17173,5,8,3766.6,1122,5,5,5,555,VIP Loyal,P2 - Maintain Loyalty,0.1,376.66
17174,218,1,59.9,41,2,2,1,221,Low Priority,P5 - Minimal Effort,0.0,0.0
17175,44,4,1443.69,866,4,4,4,444,VIP Loyal,P2 - Maintain Loyalty,0.1,144.369
17176,202,3,902.3199999999999,576,2,3,3,233,Growth Potential,P3 - Upsell Opportunity,0.15,135.34799999999998
17177,505,1,119.5,40,1,2,1,121,Low Priority,P5 - Minimal Effort,0.0,0.0
17178,731,1,436.71,101,1,2,2,122,Low Priority,P5 - Minimal Effort,0.0,0.0
17179,178,6,1507.26,625,3,4,4,344,Growth Potential,P3 - Upsell Opportunity,0.15,226.089
17180,56,11,2256.98,1828,4,5,4,454,VIP Loyal,P2 - Maintain Loyalty,0.1,225.698
17181,57,3,465.37,484,4,3,2,432,New/Low Spend Active,P4 - Nurture,0.05,23.268500000000003
17182,423,2,321.3,54,1,3,2,132,Low Priority,P5 - Minimal Effort,0.0,0.0
17183,8,6,3347.31,1296,5,4,5,545,VIP Loyal,P2 - Maintain Loyalty,0.1,334.731
17184,569,2,198.41000000000003,73,1,3,1,131,Low Priority,P5 - Minimal Effort,0.0,0.0
17185,592,3,229.46,119,1,3,1,131,Low Priority,P5 - Minimal Effort,0.0,0.0
17186,47,2,144.0,200,4,3,1,431,New/Low Spend Active,P4 - Nurture,0.05,7.2
17187,227,2,467.71,426,2,3,2,232,Low Priority,P5 - Minimal Effort,0.0,0.0
17188,11,13,4592.93,2569,5,5,5,555,VIP Loyal,P2 - Maintain Loyalty,0.1,459.29300000000006
17189,106,5,957.63,604,3,4,3,343,Growth Potential,P3 - Upsell Opportunity,0.15,143.6445
17190,59,7,1743.04,2225,4,4,4,444,VIP Loyal,P2 - Maintain Loyalty,0.1,174.304
17191,28,15,4836.05,2536,4,5,5,455,VIP Loyal,P2 - Maintain Loyalty,0.1,483.605
17192,536,1,77.83,46,1,2,1,121,Low Priority,P5 - Minimal Effort,0.0,0.0
17193,36,9,2310.04,1668,4,5,4,454,VIP Loyal,P2 - Maintain Loyalty,0.1,231.00400000000002
17194,274,3,812.5,420,2,3,3,233,Growth Potential,P3 - Upsell Opportunity,0.15,121.875
17195,655,1,562.98,486,1,2,2,122,Low Priority,P5 - Minimal Effort,0.0,0.0
17196,428,1,352.9,168,1,2,2,122,Low Priority,P5 - Minimal Effort,0.0,0.0
17197,30,1,1013.01,191,4,2,3,423,Low Priority,P5 - Minimal Effort,0.0,0.0
17198,24,3,1213.88,599,4,3,3,433,Growth Potential,P3 - Upsell Opportunity,0.15,182.08200000000002
17199,582,1,145.12,304,1,2,1,121,Low Priority,P5 - Minimal Effort,0.0,0.0
17200,387,4,356.71,367,2,4,2,242,Low Priority,P5 - Minimal Effort,0.0,0.0
17201,54,4,1242.04,1075,4,4,3,443,Growth Potential,P3 - Upsell Opportunity,0.15,186.30599999999998
17202,421,1,160.65,55,1,2,1,121,Low Priority,P5 - Minimal Effort,0.0,0.0
17203,36,10,5575.88,4606,4,5,5,455,VIP Loyal,P2 - Maintain Loyalty,0.1,557.5880000000001
17204,175,9,5504.6900000000005,2651,3,5,5,355,Growth Potential,P3 - Upsell Opportunity,0.15,825.7035000000001
17205,54,3,999.35,2214,4,3,3,433,Growth Potential,P3 - Upsell Opportunity,0.15,149.9025
17206,53,1,204.24,76,4,2,1,421,New/Low Spend Active,P4 - Nurture,0.05,10.212000000000002
17207,652,1,303.21999999999997,241,1,2,2,122,Low Priority,P5 - Minimal Effort,0.0,0.0
17208,396,1,115.35,103,2,2,1,221,Low Priority,P5 - Minimal Effort,0.0,0.0
17209,649,3,611.6,731,1,3,2,132,Low Priority,P5 - Minimal Effort,0.0,0.0
17210,393,1,253.37,243,2,2,1,221,Low Priority,P5 - Minimal Effort,0.0,0.0
17211,27,13,4046.65,2345,4,5,5,455,VIP Loyal,P2 - Maintain Loyalty,0.1,404.665
17212,253,3,794.41,727,2,3,3,233,Growth Potential,P3 - Upsell Opportunity,0.15,119.16149999999999
17213,40,13,5182.3,2179,4,5,5,455,VIP Loyal,P2 - Maintain Loyalty,0.1,518.23
17214,60,6,1069.1200000000001,276,3,4,3,343,Growth Potential,P3 - Upsell Opportunity,0.15,160.36800000000002
17215,464,1,186.15,104,1,2,1,121,Low Priority,P5 - Minimal Effort,0.0,0.0
17216,554,1,65.05,22,1,2,1,121,Low Priority,P5 - Minimal Effort,0.0,0.0
17217,234,2,218.0,95,2,3,1,231,Low Priority,P5 - Minimal Effort,0.0,0.0
17218,4,18,4192.68,2200,5,5,5,555,VIP Loyal,P2 - Maintain Loyalty,0.1,419.26800000000003
17219,32,2,259.13,188,4,3,1,431,New/Low Spend Active,P4 - Nurture,0.05,12.9565
17220,24,21,4481.75,2699,4,5,5,455,VIP Loyal,P2 - Maintain Loyalty,0.1,448.175
17221,7,5,978.52,715,5,4,3,543,Growth Potential,P3 - Upsell Opportunity,0.15,146.778
17222,65,6,1605.01,863,3,4,4,344,Growth Potential,P3 - Upsell Opportunity,0.15,240.7515
17223,310,3,873.53,222,2,3,3,233,Growth Potential,P3 - Upsell Opportunity,0.15,131.02949999999998
17224,501,1,100.86,65,1,2,1,121,Low Priority,P5 - Minimal Effort,0.0,0.0
17225,582,1,131.15,36,1,2,1,121,Low Priority,P5 - Minimal Effort,0.0,0.0
17226,309,3,900.12,855,2,3,3,233,Growth Potential,P3 - Upsell Opportunity,0.15,135.018
17227,19,12,2022.03,1774,5,5,4,554,VIP Loyal,P2 - Maintain Loyalty,0.1,202.203
17228,16,13,3177.24,2568,5,5,5,555,VIP Loyal,P2 - Maintain Loyalty,0.1,317.724
17229,96,2,318.76,185,3,3,2,332,Low Priority,P5 - Minimal Effort,0.0,0.0
17230,264,18,9924.95,3903,2,5,5,255,High Value At Risk,P1 - Immediate Retention,0.35,3473.7325
17231,12,25,7197.04,3738,5,5,5,555,VIP Loyal,P2 - Maintain Loyalty,0.1,719.7040000000001
17232,3,2,421.52,203,5,3,2,532,New/Low Spend Active,P4 - Nurture,0.05,21.076
17233,35,3,560.86,298,4,3,2,432,New/Low Spend Active,P4 - Nurture,0.05,28.043000000000003
17234,183,1,149.89000000000001,55,3,2,1,321,Low Priority,P5 - Minimal Effort,0.0,0.0
17235,25,8,1904.8799999999999,971,4,5,4,454,VIP Loyal,P2 - Maintain Loyalty,0.1,190.488
17236,13,12,1929.26,804,5,5,4,554,VIP Loyal,P2 - Maintain Loyalty,0.1,192.92600000000002
17237,11,4,1002.08,415,5,4,3,543,Growth Potential,P3 - Upsell Opportunity,0.15,150.312
17238,3,32,7783.1,3720,5,5,5,555,VIP Loyal,P2 - Maintain Loyalty,0.1,778.3100000000001
17239,313,4,1189.45,515,2,4,3,243,Growth Potential,P3 - Upsell Opportunity,0.15,178.4175
17240,596,1,130.6,108,1,2,1,121,Low Priority,P5 - Minimal Effort,0.0,0.0
17241,385,12,2744.14,865,2,5,4,254,High Value At Risk,P1 - Immediate Retention,0.35,960.4489999999998
17242,108,5,2889.28,1459,3,4,4,344,Growth Potential,P3 - Upsell Opportunity,0.15,433.392
17243,1,69,20889.86,8198,5,5,5,555,VIP Loyal,P2 - Maintain Loyalty,0.1,2088.9860000000003
17244,53,5,1826.04,1419,4,4,4,444,VIP Loyal,P2 - Maintain Loyalty,0.1,182.604
17245,205,2,371.63,307,2,3,2,232,Low Priority,P5 - Minimal Effort,0.0,0.0
17246,547,2,38.92,36,1,3,1,131,Low Priority,P5 - Minimal Effort,0.0,0.0
17247,15,1,282.19,106,5,2,1,521,New/Low Spend Active,P4 - Nurture,0.05,14.1095
17248,120,2,546.16,292,3,3,2,332,Low Priority,P5 - Minimal Effort,0.0,0.0
17249,429,1,68.03,79,1,2,1,121,Low Priority,P5 - Minimal Effort,0.0,0.0
17250,4,2,384.52,168,5,3,2,532,New/Low Spend Active,P4 - Nurture,0.05,19.226
17251,363,3,812.4300000000001,379,2,3,3,233,Growth Potential,P3 - Upsell Opportunity,0.15,121.8645
17252,117,2,353.86,193,3,3,2,332,Low Priority,P5 - Minimal Effort,0.0,0.0
17253,18,1,178.26,43,5,2,1,521,New/Low Spend Active,P4 - Nurture,0.05,8.913
17254,5,3,470.73,398,5,3,2,532,New/Low Spend Active,P4 - Nurture,0.05,23.536500000000004
17255,41,4,799.13,594,4,4,3,443,Growth Potential,P3 - Upsell Opportunity,0.15,119.86949999999999
17256,107,5,498.93,299,3,4,2,342,Low Priority,P5 - Minimal Effort,0.0,0.0
17257,436,2,192.73,188,1,3,1,131,Low Priority,P5 - Minimal Effort,0.0,0.0
17258,397,2,417.3,188,2,3,2,232,Low Priority,P5 - Minimal Effort,0.0,0.0
17259,148,6,1889.34,1158,3,4,4,344,Growth Potential,P3 - Upsell Opportunity,0.15,283.40099999999995
17260,411,1,120.95,23,1,2,1,121,Low Priority,P5 - Minimal Effort,0.0,0.0
17261,510,1,230.44,98,1,2,1,121,Low Priority,P5 - Minimal Effort,0.0,0.0
17262,52,11,2757.62,709,4,5,4,454,VIP Loyal,P2 - Maintain Loyalty,0.1,275.762
17263,208,1,63.440000000000005,36,2,2,1,221,Low Priority,P5 - Minimal Effort,0.0,0.0
17264,424,1,279.59,227,1,2,1,121,Low Priority,P5 - Minimal Effort,0.0,0.0
17265,139,2,562.9,394,3,3,2,332,Low Priority,P5 - Minimal Effort,0.0,0.0
17266,2,5,517.73,252,5,4,2,542,New/Low Spend Active,P4 - Nurture,0.05,25.8865
17267,127,2,317.62,159,3,3,2,332,Low Priority,P5 - Minimal Effort,0.0,0.0
17268,108,11,1733.8899999999999,1395,3,5,4,354,Growth Potential,P3 - Upsell Opportunity,0.15,260.08349999999996
17269,386,1,537.46,336,2,2,2,222,Low Priority,P5 - Minimal Effort,0.0,0.0
17270,469,2,604.4,421,1,3,2,132,Low Priority,P5 - Minimal Effort,0.0,0.0
17271,736,1,210.39,117,1,2,1,121,Low Priority,P5 - Minimal Effort,0.0,0.0
17272,42,4,2148.63,1778,4,4,4,444,VIP Loyal,P2 - Maintain Loyalty,0.1,214.86300000000003
17273,424,1,141.12,133,1,2,1,121,Low Priority,P5 - Minimal Effort,0.0,0.0
17274,35,2,577.38,273,4,3,2,432,New/Low Spend Active,P4 - Nurture,0.05,28.869
17275,383,1,114.52,72,2,2,1,221,Low Priority,P5 - Minimal Effort,0.0,0.0
17276,402,1,508.39,189,2,2,2,222,Low Priority,P5 - Minimal Effort,0.0,0.0
17277,228,2,1065.3500000000001,430,2,3,3,233,Growth Potential,P3 - Upsell Opportunity,0.15,159.8025
17278,241,2,271.24,195,2,3,1,231,Low Priority,P5 - Minimal Effort,0.0,0.0
17279,58,1,187.82999999999998,48,4,2,1,421,New/Low Spend Active,P4 - Nurture,0.05,9.391499999999999
17280,438,1,118.85999999999999,74,1,2,1,121,Low Priority,P5 - Minimal Effort,0.0,0.0
17281,374,6,797.8499999999999,295,2,4,3,243,Growth Potential,P3 - Upsell Opportunity,0.15,119.67749999999998
17282,130,5,2339.66,2351,3,4,4,344,Growth Potential,P3 - Upsell Opportunity,0.15,350.94899999999996
17283,379,1,188.46,179,2,2,1,221,Low Priority,P5 - Minimal Effort,0.0,0.0
17284,60,8,2793.16,2071,3,5,4,354,Growth Potential,P3 - Upsell Opportunity,0.15,418.974
17285,628,2,428.34,140,1,3,2,132,Low Priority,P5 - Minimal Effort,0.0,0.0
17286,22,3,395.48,371,4,3,2,432,New/Low Spend Active,P4 - Nurture,0.05,19.774
17287,26,21,4111.96,2101,4,5,5,455,VIP Loyal,P2 - Maintain Loyalty,0.1,411.196
17288,9,11,2499.98,1706,5,5,4,554,VIP Loyal,P2 - Maintain Loyalty,0.1,249.99800000000002
17289,32,9,2079.39,1260,4,5,4,454,VIP Loyal,P2 - Maintain Loyalty,0.1,207.939
17290,4,8,1501.44,1147,5,5,4,554,VIP Loyal,P2 - Maintain Loyalty,0.1,150.144
17291,308,1,550.8000000000001,72,2,2,2,222,Low Priority,P5 - Minimal Effort,0.0,0.0
17292,472,2,271.75,131,1,3,1,131,Low Priority,P5 - Minimal Effort,0.0,0.0
17293,8,17,3774.23,2234,5,5,5,555,VIP Loyal,P2 - Maintain Loyalty,0.1,377.423
17294,669,2,467.78999999999996,297,1,3,2,132,Low Priority,P5 - Minimal Effort,0.0,0.0
17295,29,3,556.95,294,4,3,2,432,New/Low Spend Active,P4 - Nurture,0.05,27.847500000000004
17296,730,1,338.13,216,1,2,2,122,Low Priority,P5 - Minimal Effort,0.0,0.0
17297,17,1,131.78,67,5,2,1,521,New/Low Spend Active,P4 - Nurture,0.05,6.589
17298,101,5,957.5600000000001,854,3,4,3,343,Growth Potential,P3 - Upsell Opportunity,0.15,143.63400000000001
17299,12,6,1016.08,934,5,4,3,543,Growth Potential,P3 - Upsell Opportunity,0.15,152.412
17300,391,2,393.64,467,2,3,2,232,Low Priority,P5 - Minimal Effort,0.0,0.0
17301,21,2,330.43,229,4,3,2,432,New/Low Spend Active,P4 - Nurture,0.05,16.5215
17302,15,5,1135.63,575,5,4,3,543,Growth Potential,P3 - Upsell Opportunity,0.15,170.3445
17303,361,1,250.04,144,2,2,1,221,Low Priority,P5 - Minimal Effort,0.0,0.0
17304,534,1,111.5,73,1,2,1,121,Low Priority,P5 - Minimal Effort,0.0,0.0
17305,649,1,2135.46,1006,1,2,4,124,High Value At Risk,P1 - Immediate Retention,0.35,747.411
17306,11,21,9782.35,13747,5,5,5,555,VIP Loyal,P2 - Maintain Loyalty,0.1,978.2350000000001
17307,395,11,3999.8900000000003,3667,2,5,5,255,High Value At Risk,P1 - Immediate Retention,0.35,1399.9615000000001
17308,393,2,4511.76,5148,2,3,5,235,High Value At Risk,P1 - Immediate Retention,0.35,1579.116
17309,95,3,330.59000000000003,193,3,3,2,332,Low Priority,P5 - Minimal Effort,0.0,0.0
17310,387,2,1025.1,402,2,3,3,233,Growth Potential,P3 - Upsell Opportunity,0.15,153.765
17311,78,6,3566.56,2755,3,4,5,345,Growth Potential,P3 - Upsell Opportunity,0.15,534.9839999999999
17312,139,3,644.3,372,3,3,3,333,Growth Potential,P3 - Upsell Opportunity,0.15,96.645
17313,31,1,2328.84,1402,4,2,4,424,VIP Loyal,P2 - Maintain Loyalty,0.1,232.88400000000001
17314,25,17,4904.43,3663,4,5,5,455,VIP Loyal,P2 - Maintain Loyalty,0.1,490.44300000000004
17315,2,43,9650.6,5124,5,5,5,555,VIP Loyal,P2 - Maintain Loyalty,0.1,965.0600000000001
17316,420,1,124.45,44,1,2,1,121,Low Priority,P5 - Minimal Effort,0.0,0.0
17317,46,3,2600.34,1146,4,3,4,434,VIP Loyal,P2 - Maintain Loyalty,0.1,260.03400000000005
17318,725,1,164.28,60,1,2,1,121,Low Priority,P5 - Minimal Effort,0.0,0.0
17319,669,1,29.1,14,1,2,1,121,Low Priority,P5 - Minimal Effort,0.0,0.0
17320,100,6,2895.77,1392,3,4,4,344,Growth Potential,P3 - Upsell Opportunity,0.15,434.3655
17321,8,6,1741.18,817,5,4,4,544,VIP Loyal,P2 - Maintain Loyalty,0.1,174.11800000000002
17322,376,5,922.59,631,2,4,3,243,Growth Potential,P3 - Upsell Opportunity,0.15,138.3885
17323,15,12,1565.59,1442,5,5,4,554,VIP Loyal,P2 - Maintain Loyalty,0.1,156.559
17324,18,12,2301.87,1537,5,5,4,554,VIP Loyal,P2 - Maintain Loyalty,0.1,230.187
17325,280,3,609.5699999999999,465,2,3,2,232,Low Priority,P5 - Minimal Effort,0.0,0.0
17326,408,2,321.95,140,2,3,2,232,Low Priority,P5 - Minimal Effort,0.0,0.0
17327,410,2,152.35,59,2,3,1,231,Low Priority,P5 - Minimal Effort,0.0,0.0
17328,673,1,104.7,86,1,2,1,121,Low Priority,P5 - Minimal Effort,0.0,0.0
17329,14,5,1004.4300000000001,432,5,4,3,543,Growth Potential,P3 - Upsell Opportunity,0.15,150.6645
17330,23,4,423.8,122,4,4,2,442,New/Low Spend Active,P4 - Nurture,0.05,21.19
17331,124,1,175.2,16,3,2,1,321,Low Priority,P5 - Minimal Effort,0.0,0.0
17332,528,5,838.27,794,1,4,3,143,Growth Potential,P3 - Upsell Opportunity,0.15,125.7405
17333,86,1,494.25,375,3,2,2,322,Low Priority,P5 - Minimal Effort,0.0,0.0
17334,302,3,635.15,566,2,3,3,233,Growth Potential,P3 - Upsell Opportunity,0.15,95.2725
17335,384,2,508.0,216,2,3,2,232,Low Priority,P5 - Minimal Effort,0.0,0.0
17336,472,1,81.12,48,1,2,1,121,Low Priority,P5 - Minimal Effort,0.0,0.0
17337,151,4,2027.8700000000001,1269,3,4,4,344,Growth Potential,P3 - Upsell Opportunity,0.15,304.1805
17338,17,17,12142.57,5879,5,5,5,555,VIP Loyal,P2 - Maintain Loyalty,0.1,1214.257
17339,94,3,362.36,188,3,3,2,332,Low Priority,P5 - Minimal Effort,0.0,0.0
17340,30,18,22404.82,11210,4,5,5,455,VIP Loyal,P2 - Maintain Loyalty,0.1,2240.482
17341,157,5,1889.83,1169,3,4,4,344,Growth Potential,P3 - Upsell Opportunity,0.15,283.4745
17342,380,4,1227.54,521,2,4,3,243,Growth Potential,P3 - Upsell Opportunity,0.15,184.131
17343,355,6,1259.94,454,2,4,4,244,High Value At Risk,P1 - Immediate Retention,0.35,440.979
17344,46,2,468.11,213,4,3,2,432,New/Low Spend Active,P4 - Nurture,0.05,23.405500000000004
17345,15,10,1604.68,2013,5,5,4,554,VIP Loyal,P2 - Maintain Loyalty,0.1,160.46800000000002
17346,4,26,5323.0,3653,5,5,5,555,VIP Loyal,P2 - Maintain Loyalty,0.1,532.3000000000001
17347,86,1,228.96,216,3,2,1,321,Low Priority,P5 - Minimal Effort,0.0,0.0
17348,15,9,2476.41,2793,5,5,4,554,VIP Loyal,P2 - Maintain Loyalty,0.1,247.641
17349,179,5,852.25,840,3,4,3,343,Growth Potential,P3 - Upsell Opportunity,0.15,127.83749999999999
17350,8,7,1906.041,1216,5,4,4,544,VIP Loyal,P2 - Maintain Loyalty,0.1,190.60410000000002
17351,36,12,1988.23,383,4,5,4,454,VIP Loyal,P2 - Maintain Loyalty,0.1,198.823
17352,696,1,36.25,15,1,2,1,121,Low Priority,P5 - Minimal Effort,0.0,0.0
17353,129,4,3242.0,2168,3,4,5,345,Growth Potential,P3 - Upsell Opportunity,0.15,486.29999999999995
17354,51,4,3143.46,2535,4,4,5,445,VIP Loyal,P2 - Maintain Loyalty,0.1,314.346
17355,386,1,285.11,257,2,2,1,221,Low Priority,P5 - Minimal Effort,0.0,0.0
17356,312,5,946.47,925,2,4,3,243,Growth Potential,P3 - Upsell Opportunity,0.15,141.9705
17357,24,2,388.14,153,4,3,2,432,New/Low Spend Active,P4 - Nurture,0.05,19.407
17358,303,5,866.05,442,2,4,3,243,Growth Potential,P3 - Upsell Opportunity,0.15,129.9075
17359,11,2,284.46,237,5,3,1,531,New/Low Spend Active,P4 - Nurture,0.05,14.222999999999999
17360,17,6,1231.3799999999999,636,5,4,3,543,Growth Potential,P3 - Upsell Opportunity,0.15,184.70699999999997
17361,49,5,880.64,383,4,4,3,443,Growth Potential,P3 - Upsell Opportunity,0.15,132.096
17362,239,7,1024.04,549,2,4,3,243,Growth Potential,P3 - Upsell Opportunity,0.15,153.606
17363,395,3,940.86,523,2,3,3,233,Growth Potential,P3 - Upsell Opportunity,0.15,141.129
17364,1,28,12070.42,7513,5,5,5,555,VIP Loyal,P2 - Maintain Loyalty,0.1,1207.0420000000001
17365,13,15,8224.98,8056,5,5,5,555,VIP Loyal,P2 - Maintain Loyalty,0.1,822.498
17366,432,2,1096.24,510,1,3,3,133,Growth Potential,P3 - Upsell Opportunity,0.15,164.436
17367,238,1,168.4,150,2,2,1,221,Low Priority,P5 - Minimal Effort,0.0,0.0
17368,23,14,2826.14,2343,4,5,4,454,VIP Loyal,P2 - Maintain Loyalty,0.1,282.614
17369,456,1,979.1999999999999,1152,1,2,3,123,Low Priority,P5 - Minimal Effort,0.0,0.0
17370,73,4,446.18,540,3,4,2,342,Low Priority,P5 - Minimal Effort,0.0,0.0
17371,17,6,662.55,283,5,4,3,543,Growth Potential,P3 - Upsell Opportunity,0.15,99.3825
17372,41,28,4377.56,1876,4,5,5,455,VIP Loyal,P2 - Maintain Loyalty,0.1,437.7560000000001
17373,40,7,1167.5,738,4,4,3,443,Growth Potential,P3 - Upsell Opportunity,0.15,175.125
17374,219,3,727.11,155,2,3,3,233,Growth Potential,P3 - Upsell Opportunity,0.15,109.0665
17375,199,4,660.55,480,2,4,3,243,Growth Potential,P3 - Upsell Opportunity,0.15,99.0825
17376,71,4,453.64,244,3,4,2,342,Low Priority,P5 - Minimal Effort,0.0,0.0
17377,24,78,18319.41,7589,4,5,5,455,VIP Loyal,P2 - Maintain Loyalty,0.1,1831.941
17378,374,1,10.95,1,2,2,1,221,Low Priority,P5 - Minimal Effort,0.0,0.0
17379,11,1,404.66,663,5,2,2,522,New/Low Spend Active,P4 - Nurture,0.05,20.233000000000004
17380,434,3,645.0,252,1,3,3,133,Growth Potential,P3 - Upsell Opportunity,0.15,96.75
17381,9,38,40002.37,45767,5,5,5,555,VIP Loyal,P2 - Maintain Loyalty,0.1,4000.2370000000005
17382,65,8,902.28,457,3,5,3,353,Growth Potential,P3 - Upsell Opportunity,0.15,135.34199999999998
17383,4,2,309.99,162,5,3,2,532,New/Low Spend Active,P4 - Nurture,0.05,15.499500000000001
17384,19,3,507.55,121,5,3,2,532,New/Low Spend Active,P4 - Nurture,0.05,25.3775
17385,15,1,261.11,201,5,2,1,521,New/Low Spend Active,P4 - Nurture,0.05,13.055500000000002
17386,8,7,2812.77,1955,5,4,4,544,VIP Loyal,P2 - Maintain Loyalty,0.1,281.277
17387,20,2,784.11,542,4,3,3,433,Growth Potential,P3 - Upsell Opportunity,0.15,117.6165
17388,78,11,2691.57,2567,3,5,4,354,Growth Potential,P3 - Upsell Opportunity,0.15,403.7355
17389,1,61,57224.68,17882,5,5,5,555,VIP Loyal,P2 - Maintain Loyalty,0.1,5722.468000000001
17390,421,1,149.3,49,1,2,1,121,Low Priority,P5 - Minimal Effort,0.0,0.0
17391,164,2,508.8,480,3,3,2,332,Low Priority,P5 - Minimal Effort,0.0,0.0
17392,307,3,626.56,493,2,3,3,233,Growth Potential,P3 - Upsell Opportunity,0.15,93.984
17393,411,2,381.15,238,1,3,2,132,Low Priority,P5 - Minimal Effort,0.0,0.0
17394,219,1,203.86999999999998,241,2,2,1,221,Low Priority,P5 - Minimal Effort,0.0,0.0
17395,508,1,97.5,66,1,2,1,121,Low Priority,P5 - Minimal Effort,0.0,0.0
17396,39,14,8807.1,2419,4,5,5,455,VIP Loyal,P2 - Maintain Loyalty,0.1,880.71
17397,22,3,1233.18,697,4,3,3,433,Growth Potential,P3 - Upsell Opportunity,0.15,184.977
17398,115,3,653.38,310,3,3,3,333,Growth Potential,P3 - Upsell Opportunity,0.15,98.00699999999999
17400,126,8,4677.05,2199,3,5,5,355,Growth Potential,P3 - Upsell Opportunity,0.15,701.5575
17401,541,1,114.85,34,1,2,1,121,Low Priority,P5 - Minimal Effort,0.0,0.0
17402,5,23,5096.18,1571,5,5,5,555,VIP Loyal,P2 - Maintain Loyalty,0.1,509.61800000000005
17403,36,2,400.57,194,4,3,2,432,New/Low Spend Active,P4 - Nurture,0.05,20.0285
17404,4,23,47781.12,50679,5,5,5,555,VIP Loyal,P2 - Maintain Loyalty,0.1,4778.112
17405,1,3,1031.41,726,5,3,3,533,Growth Potential,P3 - Upsell Opportunity,0.15,154.7115
17406,333,13,4905.05,2124,2,5,5,255,High Value At Risk,P1 - Immediate Retention,0.35,1716.7675
17407,412,1,552.9,426,1,2,2,122,Low Priority,P5 - Minimal Effort,0.0,0.0
17408,163,3,316.09000000000003,163,3,3,2,332,Low Priority,P5 - Minimal Effort,0.0,0.0
17409,185,10,7793.51,4089,3,5,5,355,Growth Potential,P3 - Upsell Opportunity,0.15,1169.0265
17410,16,5,1214.72,616,5,4,3,543,Growth Potential,P3 - Upsell Opportunity,0.15,182.208
17411,12,5,1425.38,608,5,4,4,544,VIP Loyal,P2 - Maintain Loyalty,0.1,142.538
17412,3,16,4417.52,2604,5,5,5,555,VIP Loyal,P2 - Maintain Loyalty,0.1,441.75200000000007
17413,405,2,560.14,302,2,3,2,232,Low Priority,P5 - Minimal Effort,0.0,0.0
17414,44,6,2249.52,6256,4,4,4,444,VIP Loyal,P2 - Maintain Loyalty,0.1,224.952
17415,80,1,507.84,114,3,2,2,322,Low Priority,P5 - Minimal Effort,0.0,0.0
17416,30,22,17298.45,8769,4,5,5,455,VIP Loyal,P2 - Maintain Loyalty,0.1,1729.8450000000003
17417,549,1,164.18,76,1,2,1,121,Low Priority,P5 - Minimal Effort,0.0,0.0
17418,42,3,670.0600000000001,521,4,3,3,433,Growth Potential,P3 - Upsell Opportunity,0.15,100.509
17419,11,18,6500.52,3087,5,5,5,555,VIP Loyal,P2 - Maintain Loyalty,0.1,650.0520000000001
17420,50,6,1084.43,499,4,4,3,443,Growth Potential,P3 - Upsell Opportunity,0.15,162.6645
17421,386,3,1059.41,807,2,3,3,233,Growth Potential,P3 - Upsell Opportunity,0.15,158.91150000000002
17422,16,11,3594.76,3538,5,5,5,555,VIP Loyal,P2 - Maintain Loyalty,0.1,359.47600000000006
17423,46,3,1118.95,790,4,3,3,433,Growth Potential,P3 - Upsell Opportunity,0.15,167.8425
17425,19,2,759.17,407,5,3,3,533,Growth Potential,P3 - Upsell Opportunity,0.15,113.87549999999999
17426,8,13,8077.77,5187,5,5,5,555,VIP Loyal,P2 - Maintain Loyalty,0.1,807.777
17427,72,1,100.8,34,3,2,1,321,Low Priority,P5 - Minimal Effort,0.0,0.0
17428,1,45,31819.760000000002,17504,5,5,5,555,VIP Loyal,P2 - Maintain Loyalty,0.1,3181.9760000000006
17429,128,5,1357.46,1286,3,4,4,344,Growth Potential,P3 - Upsell Opportunity,0.15,203.619
17430,33,4,735.17,515,4,4,3,443,Growth Potential,P3 - Upsell Opportunity,0.15,110.2755
17431,313,1,403.3,292,2,2,2,222,Low Priority,P5 - Minimal Effort,0.0,0.0
17432,18,9,1751.39,1016,5,5,4,554,VIP Loyal,P2 - Maintain Loyalty,0.1,175.139
17433,88,2,569.96,305,3,3,2,332,Low Priority,P5 - Minimal Effort,0.0,0.0
17434,2,7,2373.82,1693,5,4,4,544,VIP Loyal,P2 - Maintain Loyalty,0.1,237.38200000000003
17435,411,1,331.35,195,1,2,2,122,Low Priority,P5 - Minimal Effort,0.0,0.0
17436,2,5,534.06,178,5,4,2,542,New/Low Spend Active,P4 - Nurture,0.05,26.703
17437,530,1,373.17,284,1,2,2,122,Low Priority,P5 - Minimal Effort,0.0,0.0
17438,254,5,1422.77,553,2,4,4,244,High Value At Risk,P1 - Immediate Retention,0.35,497.9695
17439,656,1,325.74,370,1,2,2,122,Low Priority,P5 - Minimal Effort,0.0,0.0
17440,157,4,323.58,282,3,4,2,342,Low Priority,P5 - Minimal Effort,0.0,0.0
17441,732,1,293.35,245,1,2,2,122,Low Priority,P5 - Minimal Effort,0.0,0.0
17442,37,15,4620.3,3134,4,5,5,455,VIP Loyal,P2 - Maintain Loyalty,0.1,462.03000000000003
17443,220,1,534.24,504,2,2,2,222,Low Priority,P5 - Minimal Effort,0.0,0.0
17444,148,3,2940.04,2119,3,3,4,334,Growth Potential,P3 - Upsell Opportunity,0.15,441.006
17446,177,2,120.9,198,3,3,1,331,Low Priority,P5 - Minimal Effort,0.0,0.0
17447,40,2,541.53,443,4,3,2,432,New/Low Spend Active,P4 - Nurture,0.05,27.0765
17448,497,46,14556.97,11548,1,5,5,155,High Value At Risk,P1 - Immediate Retention,0.35,5094.9394999999995
17449,2,13,4951.15,2535,5,5,5,555,VIP Loyal,P2 - Maintain Loyalty,0.1,495.115
17450,8,51,246973.09,84720,5,5,5,555,VIP Loyal,P2 - Maintain Loyalty,0.1,24697.309
17451,1,7,1721.4,1203,5,4,4,544,VIP Loyal,P2 - Maintain Loyalty,0.1,172.14000000000001
17453,18,2,486.71999999999997,219,5,3,2,532,New/Low Spend Active,P4 - Nurture,0.05,24.336
17454,192,10,1547.94,727,2,5,4,254,High Value At Risk,P1 - Immediate Retention,0.35,541.779
17455,204,1,131.7,66,2,2,1,221,Low Priority,P5 - Minimal Effort,0.0,0.0
17456,365,2,1225.42,730,2,3,3,233,Growth Potential,P3 - Upsell Opportunity,0.15,183.81300000000002
17457,127,14,5984.8099999999995,2695,3,5,5,355,Growth Potential,P3 - Upsell Opportunity,0.15,897.7214999999999
17458,15,2,529.58,282,5,3,2,532,New/Low Spend Active,P4 - Nurture,0.05,26.479000000000003
17459,43,2,657.3,537,4,3,3,433,Growth Potential,P3 - Upsell Opportunity,0.15,98.59499999999998
17460,94,16,2228.27,980,3,5,4,354,Growth Potential,P3 - Upsell Opportunity,0.15,334.2405
17461,23,3,757.46,799,4,3,3,433,Growth Potential,P3 - Upsell Opportunity,0.15,113.619
17462,60,2,675.69,227,3,3,3,333,Growth Potential,P3 - Upsell Opportunity,0.15,101.35350000000001
17463,16,7,2557.91,1490,5,4,4,544,VIP Loyal,P2 - Maintain Loyalty,0.1,255.791
17464,158,3,1000.94,652,3,3,3,333,Growth Potential,P3 - Upsell Opportunity,0.15,150.141
17465,426,7,2542.79,1477,1,4,4,144,High Value At Risk,P1 - Immediate Retention,0.35,889.9765
17466,10,2,763.28,306,5,3,3,533,Growth Potential,P3 - Upsell Opportunity,0.15,114.49199999999999
17467,395,1,102.6,20,2,2,1,221,Low Priority,P5 - Minimal Effort,0.0,0.0
17468,10,3,194.8,184,5,3,1,531,New/Low Spend Active,P4 - Nurture,0.05,9.740000000000002
17469,16,17,5051.25,2304,5,5,5,555,VIP Loyal,P2 - Maintain Loyalty,0.1,505.125
17470,45,11,2804.87,2843,4,5,4,454,VIP Loyal,P2 - Maintain Loyalty,0.1,280.487
17471,475,1,321.65000000000003,153,1,2,2,122,Low Priority,P5 - Minimal Effort,0.0,0.0
17472,191,4,935.1,558,2,4,3,243,Growth Potential,P3 - Upsell Opportunity,0.15,140.265
17473,409,2,607.0,270,2,3,2,232,Low Priority,P5 - Minimal Effort,0.0,0.0
17474,600,1,1047.0,200,1,2,3,123,Low Priority,P5 - Minimal Effort,0.0,0.0
17475,79,1,194.37,178,3,2,1,321,Low Priority,P5 - Minimal Effort,0.0,0.0
17476,396,2,489.86,224,2,3,2,232,Low Priority,P5 - Minimal Effort,0.0,0.0
17477,613,2,1144.3,225,1,3,3,133,Growth Potential,P3 - Upsell Opportunity,0.15,171.64499999999998
17478,408,2,1272.8,516,2,3,4,234,High Value At Risk,P1 - Immediate Retention,0.35,445.47999999999996
17479,633,1,389.26000000000005,266,1,2,2,122,Low Priority,P5 - Minimal Effort,0.0,0.0
17480,78,2,902.03,593,3,3,3,333,Growth Potential,P3 - Upsell Opportunity,0.15,135.3045
17481,4,4,1255.59,1061,5,4,4,544,VIP Loyal,P2 - Maintain Loyalty,0.1,125.559
17482,487,2,778.19,241,1,3,3,133,Growth Potential,P3 - Upsell Opportunity,0.15,116.7285
17483,65,4,591.73,265,3,4,2,342,Low Priority,P5 - Minimal Effort,0.0,0.0
17484,576,2,209.57,339,1,3,1,131,Low Priority,P5 - Minimal Effort,0.0,0.0
17486,261,1,396.87,191,2,2,2,222,Low Priority,P5 - Minimal Effort,0.0,0.0
17487,728,1,160.55,37,1,2,1,121,Low Priority,P5 - Minimal Effort,0.0,0.0
17488,641,1,336.5,136,1,2,2,122,Low Priority,P5 - Minimal Effort,0.0,0.0
17489,59,2,376.64,428,4,3,2,432,New/Low Spend Active,P4 - Nurture,0.05,18.832
17490,1,9,2750.5,1531,5,5,4,554,VIP Loyal,P2 - Maintain Loyalty,0.1,275.05
17491,1,17,5981.07,3630,5,5,5,555,VIP Loyal,P2 - Maintain Loyalty,0.1,598.107
17492,248,3,1122.42,450,2,3,3,233,Growth Potential,P3 - Upsell Opportunity,0.15,168.363
17493,385,1,100.91000000000001,62,2,2,1,221,Low Priority,P5 - Minimal Effort,0.0,0.0
17494,502,1,54.699999999999996,26,1,2,1,121,Low Priority,P5 - Minimal Effort,0.0,0.0
17495,8,3,806.72,367,5,3,3,533,Growth Potential,P3 - Upsell Opportunity,0.15,121.008
17496,359,4,1412.89,675,2,4,4,244,High Value At Risk,P1 - Immediate Retention,0.35,494.5115
17497,390,2,287.25,59,2,3,1,231,Low Priority,P5 - Minimal Effort,0.0,0.0
17498,76,1,272.22,394,3,2,1,321,Low Priority,P5 - Minimal Effort,0.0,0.0
17499,290,2,1341.39,1086,2,3,4,234,High Value At Risk,P1 - Immediate Retention,0.35,469.4865
17500,17,3,1138.0,17,5,3,3,533,Growth Potential,P3 - Upsell Opportunity,0.15,170.7
17501,221,2,288.6,160,2,3,1,231,Low Priority,P5 - Minimal Effort,0.0,0.0
17502,9,4,689.1,376,5,4,3,543,Growth Potential,P3 - Upsell Opportunity,0.15,103.365
17503,3,2,558.96,486,5,3,2,532,New/Low Spend Active,P4 - Nurture,0.05,27.948000000000004
17504,206,18,9565.12,5517,2,5,5,255,High Value At Risk,P1 - Immediate Retention,0.35,3347.792
17505,162,5,2435.48,1242,3,4,4,344,Growth Potential,P3 - Upsell Opportunity,0.15,365.322
17506,76,1,302.2,139,3,2,2,322,Low Priority,P5 - Minimal Effort,0.0,0.0
17507,262,2,605.58,359,2,3,2,232,Low Priority,P5 - Minimal Effort,0.0,0.0
17508,281,8,4579.23,2891,2,5,5,255,High Value At Risk,P1 - Immediate Retention,0.35,1602.7304999999997
17509,58,8,6115.14,3534,4,5,5,455,VIP Loyal,P2 - Maintain Loyalty,0.1,611.514
17510,25,2,514.56,422,4,3,2,432,New/Low Spend Active,P4 - Nurture,0.05,25.727999999999998
17511,3,60,175603.55,119656,5,5,5,555,VIP Loyal,P2 - Maintain Loyalty,0.1,17560.355
17512,29,18,5467.820000000001,5434,4,5,5,455,VIP Loyal,P2 - Maintain Loyalty,0.1,546.782
17513,72,3,1158.8,440,3,3,3,333,Growth Potential,P3 - Upsell Opportunity,0.15,173.82
17514,128,2,542.83,295,3,3,2,332,Low Priority,P5 - Minimal Effort,0.0,0.0
17515,31,9,1617.46,528,4,5,4,454,VIP Loyal,P2 - Maintain Loyalty,0.1,161.746
17516,15,6,957.55,527,5,4,3,543,Growth Potential,P3 - Upsell Opportunity,0.15,143.6325
17517,309,1,153.94,102,2,2,1,221,Low Priority,P5 - Minimal Effort,0.0,0.0
17518,426,2,329.42,267,1,3,2,132,Low Priority,P5 - Minimal Effort,0.0,0.0
17519,17,15,5109.47,3414,5,5,5,555,VIP Loyal,P2 - Maintain Loyalty,0.1,510.94700000000006
17520,54,1,546.81,365,4,2,2,422,New/Low Spend Active,P4 - Nurture,0.05,27.3405
17521,30,5,1278.06,806,4,4,4,444,VIP Loyal,P2 - Maintain Loyalty,0.1,127.806
17522,2,5,1070.71,1034,5,4,3,543,Growth Potential,P3 - Upsell Opportunity,0.15,160.6065
17523,11,4,652.74,872,5,4,3,543,Growth Potential,P3 - Upsell Opportunity,0.15,97.911
17524,361,3,539.14,362,2,3,2,232,Low Priority,P5 - Minimal Effort,0.0,0.0
17525,360,3,1161.9,338,2,3,3,233,Growth Potential,P3 - Upsell Opportunity,0.15,174.285
17526,5,12,4166.04,1482,5,5,5,555,VIP Loyal,P2 - Maintain Loyalty,0.1,416.60400000000004
17527,54,4,939.37,488,4,4,3,443,Growth Potential,P3 - Upsell Opportunity,0.15,140.9055
17528,1,8,3628.5,2138,5,5,5,555,VIP Loyal,P2 - Maintain Loyalty,0.1,362.85
17529,610,2,1240.25,790,1,3,3,133,Growth Potential,P3 - Upsell Opportunity,0.15,186.0375
17530,1,12,3141.51,1965,5,5,5,555,VIP Loyal,P2 - Maintain Loyalty,0.1,314.15100000000007
17531,190,3,1266.82,472,2,3,4,234,High Value At Risk,P1 - Immediate Retention,0.35,443.38699999999994
17532,386,1,65.34,30,2,2,1,221,Low Priority,P5 - Minimal Effort,0.0,0.0
17533,435,1,34.8,24,1,2,1,121,Low Priority,P5 - Minimal Effort,0.0,0.0
17534,54,5,1668.83,860,4,4,4,444,VIP Loyal,P2 - Maintain Loyalty,0.1,166.883
17535,280,1,164.4,136,2,2,1,221,Low Priority,P5 - Minimal Effort,0.0,0.0
17536,177,3,364.83,201,3,3,2,332,Low Priority,P5 - Minimal Effort,0.0,0.0
17537,30,2,897.62,700,4,3,3,433,Growth Potential,P3 - Upsell Opportunity,0.15,134.643
17538,26,1,98.42,134,4,2,1,421,New/Low Spend Active,P4 - Nurture,0.05,4.921
17539,618,4,1226.57,747,1,4,3,143,Growth Potential,P3 - Upsell Opportunity,0.15,183.98549999999997
17540,25,6,1590.6000000000001,588,4,4,4,444,VIP Loyal,P2 - Maintain Loyalty,0.1,159.06000000000003
17541,510,1,124.46,46,1,2,1,121,Low Priority,P5 - Minimal Effort,0.0,0.0
17542,270,3,341.7,324,2,3,2,232,Low Priority,P5 - Minimal Effort,0.0,0.0
17543,550,1,120.05,62,1,2,1,121,Low Priority,P5 - Minimal Effort,0.0,0.0
17544,390,3,960.69,439,2,3,3,233,Growth Potential,P3 - Upsell Opportunity,0.15,144.1035
17545,43,6,1448.54,733,4,4,4,444,VIP Loyal,P2 - Maintain Loyalty,0.1,144.854
17547,376,2,727.85,223,2,3,3,233,Growth Potential,P3 - Upsell Opportunity,0.15,109.1775
17548,234,4,731.26,494,2,4,3,243,Growth Potential,P3 - Upsell Opportunity,0.15,109.689
17549,24,2,148.86,210,4,3,1,431,New/Low Spend Active,P4 - Nurture,0.05,7.443000000000001
17550,197,9,2547.64,989,2,5,4,254,High Value At Risk,P1 - Immediate Retention,0.35,891.6739999999999
17551,359,1,306.84,150,2,2,2,222,Low Priority,P5 - Minimal Effort,0.0,0.0
17552,60,12,3085.29,2095,3,5,5,355,Growth Potential,P3 - Upsell Opportunity,0.15,462.7935
17553,130,4,3757.6,2288,3,4,5,345,Growth Potential,P3 - Upsell Opportunity,0.15,563.64
17554,1,5,1952.45,1763,5,4,4,544,VIP Loyal,P2 - Maintain Loyalty,0.1,195.245
17555,20,5,1057.74,747,4,4,3,443,Growth Potential,P3 - Upsell Opportunity,0.15,158.661
17556,206,2,300.67,184,2,3,2,232,Low Priority,P5 - Minimal Effort,0.0,0.0
17557,14,4,575.46,310,5,4,2,542,New/Low Spend Active,P4 - Nurture,0.05,28.773000000000003
17558,393,1,259.17,54,2,2,1,221,Low Priority,P5 - Minimal Effort,0.0,0.0
17559,513,1,167.62,270,1,2,1,121,Low Priority,P5 - Minimal Effort,0.0,0.0
17560,95,8,1895.8,1588,3,5,4,354,Growth Potential,P3 - Upsell Opportunity,0.15,284.37
17561,19,4,722.34,396,5,4,3,543,Growth Potential,P3 - Upsell Opportunity,0.15,108.351
17562,14,7,1122.38,817,5,4,3,543,Growth Potential,P3 - Upsell Opportunity,0.15,168.357
17563,578,2,392.38,256,1,3,2,132,Low Priority,P5 - Minimal Effort,0.0,0.0
17564,24,3,454.01,146,4,3,2,432,New/Low Spend Active,P4 - Nurture,0.05,22.7005
17565,587,1,131.83,67,1,2,1,121,Low Priority,P5 - Minimal Effort,0.0,0.0
17566,8,2,901.21,518,5,3,3,533,Growth Potential,P3 - Upsell Opportunity,0.15,135.1815
17567,7,9,5356.03,3152,5,5,5,555,VIP Loyal,P2 - Maintain Loyalty,0.1,535.603
17568,633,1,382.79,283,1,2,2,122,Low Priority,P5 - Minimal Effort,0.0,0.0
17569,332,1,344.14,159,2,2,2,222,Low Priority,P5 - Minimal Effort,0.0,0.0
17570,382,1,100.0,1,2,2,1,221,Low Priority,P5 - Minimal Effort,0.0,0.0
17571,50,5,1703.75,1020,4,4,4,444,VIP Loyal,P2 - Maintain Loyalty,0.1,170.375
17572,71,10,723.01,351,3,5,3,353,Growth Potential,P3 - Upsell Opportunity,0.15,108.4515
17573,29,3,380.6,308,4,3,2,432,New/Low Spend Active,P4 - Nurture,0.05,19.03
17574,243,1,185.65,77,2,2,1,221,Low Priority,P5 - Minimal Effort,0.0,0.0
17575,667,1,171.7,72,1,2,1,121,Low Priority,P5 - Minimal Effort,0.0,0.0
17576,8,41,9056.81,4740,5,5,5,555,VIP Loyal,P2 - Maintain Loyalty,0.1,905.681
17577,645,2,348.75,179,1,3,2,132,Low Priority,P5 - Minimal Effort,0.0,0.0
17578,218,7,1047.33,529,2,4,3,243,Growth Potential,P3 - Upsell Opportunity,0.15,157.09949999999998
17579,5,4,753.28,375,5,4,3,543,Growth Potential,P3 - Upsell Opportunity,0.15,112.99199999999999
17580,253,5,545.27,224,2,4,2,242,Low Priority,P5 - Minimal Effort,0.0,0.0
17581,1,43,18757.75,9972,5,5,5,555,VIP Loyal,P2 - Maintain Loyalty,0.1,1875.775
17582,236,5,1450.7,606,2,4,4,244,High Value At Risk,P1 - Immediate Retention,0.35,507.745
17583,560,1,135.95,55,1,2,1,121,Low Priority,P5 - Minimal Effort,0.0,0.0
17584,7,6,5309.42,2464,5,4,5,545,VIP Loyal,P2 - Maintain Loyalty,0.1,530.942
17585,109,7,2093.3,2539,3,4,4,344,Growth Potential,P3 - Upsell Opportunity,0.15,313.995
17586,619,1,167.4,68,1,2,1,121,Low Priority,P5 - Minimal Effort,0.0,0.0
17587,628,1,181.66,68,1,2,1,121,Low Priority,P5 - Minimal Effort,0.0,0.0
17588,100,7,2939.55,1379,3,4,4,344,Growth Potential,P3 - Upsell Opportunity,0.15,440.9325
17589,60,18,14049.87,8788,3,5,5,355,Growth Potential,P3 - Upsell Opportunity,0.15,2107.4805
17590,2,3,1479.22,828,5,3,4,534,VIP Loyal,P2 - Maintain Loyalty,0.1,147.922
17591,73,8,2776.67,1173,3,5,4,354,Growth Potential,P3 - Upsell Opportunity,0.15,416.5005
17592,739,1,148.3,38,1,2,1,121,Low Priority,P5 - Minimal Effort,0.0,0.0
17593,4,11,8095.8,5607,5,5,5,555,VIP Loyal,P2 - Maintain Loyalty,0.1,809.58
17594,85,4,2497.88,1368,3,4,4,344,Growth Potential,P3 - Upsell Opportunity,0.15,374.682
17595,12,2,388.79,229,5,3,2,532,New/Low Spend Active,P4 - Nurture,0.05,19.439500000000002
17596,23,13,4920.67,7619,4,5,5,455,VIP Loyal,P2 - Maintain Loyalty,0.1,492.067
17597,214,5,3484.09,2215,2,4,5,245,High Value At Risk,P1 - Immediate Retention,0.35,1219.4315
17598,381,1,409.98,126,2,2,2,222,Low Priority,P5 - Minimal Effort,0.0,0.0
17599,478,1,52.05,11,1,2,1,121,Low Priority,P5 - Minimal Effort,0.0,0.0
17600,18,1,161.67000000000002,144,5,2,1,521,New/Low Spend Active,P4 - Nurture,0.05,8.0835
17601,239,2,421.48,299,2,3,2,232,Low Priority,P5 - Minimal Effort,0.0,0.0
17602,2,14,7451.13,5936,5,5,5,555,VIP Loyal,P2 - Maintain Loyalty,0.1,745.113
17603,78,4,1793.48,640,3,4,4,344,Growth Potential,P3 - Upsell Opportunity,0.15,269.022
17604,217,6,945.9300000000001,616,2,4,3,243,Growth Potential,P3 - Upsell Opportunity,0.15,141.8895
17605,590,1,160.75,71,1,2,1,121,Low Priority,P5 - Minimal Effort,0.0,0.0
17606,737,1,87.30000000000001,42,1,2,1,121,Low Priority,P5 - Minimal Effort,0.0,0.0
17607,376,1,333.81,269,2,2,2,222,Low Priority,P5 - Minimal Effort,0.0,0.0
17608,33,4,498.53,539,4,4,2,442,New/Low Spend Active,P4 - Nurture,0.05,24.9265
17609,41,11,1894.34,1325,4,5,4,454,VIP Loyal,P2 - Maintain Loyalty,0.1,189.434
17610,540,5,1529.49,902,1,4,4,144,High Value At Risk,P1 - Immediate Retention,0.35,535.3215
17611,7,28,8371.98,5356,5,5,5,555,VIP Loyal,P2 - Maintain Loyalty,0.1,837.198
17612,53,18,5394.86,3521,4,5,5,455,VIP Loyal,P2 - Maintain Loyalty,0.1,539.486
17613,23,14,4559.150000000001,2496,4,5,5,455,VIP Loyal,P2 - Maintain Loyalty,0.1,455.9150000000001
17614,57,1,390.07,238,4,2,2,422,New/Low Spend Active,P4 - Nurture,0.05,19.503500000000003
17615,130,6,733.2,386,3,4,3,343,Growth Potential,P3 - Upsell Opportunity,0.15,109.98
17616,174,4,1060.8,416,3,4,3,343,Growth Potential,P3 - Upsell Opportunity,0.15,159.11999999999998
17617,559,1,395.33,255,1,2,2,122,Low Priority,P5 - Minimal Effort,0.0,0.0
17618,6,11,4073.2400000000002,1820,5,5,5,555,VIP Loyal,P2 - Maintain Loyalty,0.1,407.32400000000007
17619,312,1,218.52,127,2,2,1,221,Low Priority,P5 - Minimal Effort,0.0,0.0
17620,60,1,81.44,60,3,2,1,321,Low Priority,P5 - Minimal Effort,0.0,0.0
17621,21,6,3175.12,1110,4,4,5,445,VIP Loyal,P2 - Maintain Loyalty,0.1,317.512
17622,598,2,1130.21,379,1,3,3,133,Growth Potential,P3 - Upsell Opportunity,0.15,169.5315
17623,33,7,2383.67,801,4,4,4,444,VIP Loyal,P2 - Maintain Loyalty,0.1,238.36700000000002
17624,15,4,1568.63,958,5,4,4,544,VIP Loyal,P2 - Maintain Loyalty,0.1,156.86300000000003
17625,18,8,6067.8,3551,5,5,5,555,VIP Loyal,P2 - Maintain Loyalty,0.1,606.7800000000001
17626,603,1,254.0,202,1,2,1,121,Low Priority,P5 - Minimal Effort,0.0,0.0
17627,479,1,296.36,676,1,2,2,122,Low Priority,P5 - Minimal Effort,0.0,0.0
17628,81,1,75.75,79,3,2,1,321,Low Priority,P5 - Minimal Effort,0.0,0.0
17629,6,10,2455.52,1903,5,5,4,554,VIP Loyal,P2 - Maintain Loyalty,0.1,245.55200000000002
17630,170,2,503.59999999999997,158,3,3,2,332,Low Priority,P5 - Minimal Effort,0.0,0.0
17631,2,7,998.49,591,5,4,3,543,Growth Potential,P3 - Upsell Opportunity,0.15,149.77349999999998
17633,31,7,2057.39,899,4,4,4,444,VIP Loyal,P2 - Maintain Loyalty,0.1,205.739
17634,36,9,2361.9700000000003,840,4,5,4,454,VIP Loyal,P2 - Maintain Loyalty,0.1,236.19700000000003
17635,424,3,1265.58,770,1,3,4,134,High Value At Risk,P1 - Immediate Retention,0.35,442.953
17636,19,1,285.56,182,5,2,1,521,New/Low Spend Active,P4 - Nurture,0.05,14.278
17637,31,2,547.0600000000001,280,4,3,2,432,New/Low Spend Active,P4 - Nurture,0.05,27.353000000000005
17638,647,2,842.4,432,1,3,3,133,Growth Potential,P3 - Upsell Opportunity,0.15,126.35999999999999
17639,276,6,615.17,576,2,4,2,242,Low Priority,P5 - Minimal Effort,0.0,0.0
17640,87,6,3168.94,1692,3,4,5,345,Growth Potential,P3 - Upsell Opportunity,0.15,475.341
17642,120,5,1824.49,1475,3,4,4,344,Growth Potential,P3 - Upsell Opportunity,0.15,273.6735
17643,373,2,541.25,297,2,3,2,232,Low Priority,P5 - Minimal Effort,0.0,0.0
17644,1,20,6028.6,3469,5,5,5,555,VIP Loyal,P2 - Maintain Loyalty,0.1,602.86
17646,219,12,4149.79,1418,2,5,5,255,High Value At Risk,P1 - Immediate Retention,0.35,1452.4264999999998
17647,65,3,331.65999999999997,82,3,3,2,332,Low Priority,P5 - Minimal Effort,0.0,0.0
17648,61,5,2216.37,954,3,4,4,344,Growth Potential,P3 - Upsell Opportunity,0.15,332.4555
17649,138,3,1578.89,723,3,3,4,334,Growth Potential,P3 - Upsell Opportunity,0.15,236.83350000000002
17650,21,1,166.08,150,4,2,1,421,New/Low Spend Active,P4 - Nurture,0.05,8.304
17651,12,16,5703.52,4086,5,5,5,555,VIP Loyal,P2 - Maintain Loyalty,0.1,570.3520000000001
17652,25,12,4867.72,2509,4,5,5,455,VIP Loyal,P2 - Maintain Loyalty,0.1,486.77200000000005
17653,37,4,1207.56,1409,4,4,3,443,Growth Potential,P3 - Upsell Opportunity,0.15,181.134
17654,277,1,117.55,41,2,2,1,221,Low Priority,P5 - Minimal Effort,0.0,0.0
17655,11,9,3652.48,1542,5,5,5,555,VIP Loyal,P2 - Maintain Loyalty,0.1,365.24800000000005
17656,73,5,1674.69,1399,3,4,4,344,Growth Potential,P3 - Upsell Opportunity,0.15,251.2035
17657,430,1,126.0,60,1,2,1,121,Low Priority,P5 - Minimal Effort,0.0,0.0
17658,26,2,595.42,616,4,3,2,432,New/Low Spend Active,P4 - Nurture,0.05,29.771
17659,17,14,3834.79,1816,5,5,5,555,VIP Loyal,P2 - Maintain Loyalty,0.1,383.47900000000004
17660,141,2,359.47,268,3,3,2,332,Low Priority,P5 - Minimal Effort,0.0,0.0
17662,662,2,412.92,184,1,3,2,132,Low Priority,P5 - Minimal Effort,0.0,0.0
17663,26,17,5175.83,2297,4,5,5,455,VIP Loyal,P2 - Maintain Loyalty,0.1,517.583
17664,19,4,1166.23,1058,5,4,3,543,Growth Potential,P3 - Upsell Opportunity,0.15,174.93449999999999
17665,493,1,563.1,690,1,2,2,122,Low Priority,P5 - Minimal Effort,0.0,0.0
17666,4,5,2047.8,1552,5,4,4,544,VIP Loyal,P2 - Maintain Loyalty,0.1,204.78
17667,66,9,3950.7,2192,3,5,5,355,Growth Potential,P3 - Upsell Opportunity,0.15,592.6049999999999
17668,1,2,347.75,93,5,3,2,532,New/Low Spend Active,P4 - Nurture,0.05,17.3875
17669,43,10,6142.35,3505,4,5,5,455,VIP Loyal,P2 - Maintain Loyalty,0.1,614.235
17670,228,1,205.7,110,2,2,1,221,Low Priority,P5 - Minimal Effort,0.0,0.0
17671,16,5,2403.34,1177,5,4,4,544,VIP Loyal,P2 - Maintain Loyalty,0.1,240.33400000000003
17672,50,7,5778.63,2758,4,4,5,445,VIP Loyal,P2 - Maintain Loyalty,0.1,577.863
17673,2,13,4233.58,3338,5,5,5,555,VIP Loyal,P2 - Maintain Loyalty,0.1,423.358
17674,74,2,851.7,1021,3,3,3,333,Growth Potential,P3 - Upsell Opportunity,0.15,127.755
17675,1,70,38259.6,16416,5,5,5,555,VIP Loyal,P2 - Maintain Loyalty,0.1,3825.96
17676,4,10,2765.84,1932,5,5,4,554,VIP Loyal,P2 - Maintain Loyalty,0.1,276.584
17677,2,54,36692.91,21936,5,5,5,555,VIP Loyal,P2 - Maintain Loyalty,0.1,3669.2910000000006
17678,264,2,599.76,368,2,3,2,232,Low Priority,P5 - Minimal Effort,0.0,0.0
17679,53,7,3577.61,1755,4,4,5,445,VIP Loyal,P2 - Maintain Loyalty,0.1,357.761
17680,24,3,497.45,155,4,3,2,432,New/Low Spend Active,P4 - Nurture,0.05,24.872500000000002
17681,597,5,731.2,450,1,4,3,143,Growth Potential,P3 - Upsell Opportunity,0.15,109.68
17682,10,11,4456.78,2491,5,5,5,555,VIP Loyal,P2 - Maintain Loyalty,0.1,445.678
17683,386,3,819.01,781,2,3,3,233,Growth Potential,P3 - Upsell Opportunity,0.15,122.85149999999999
17684,44,1,239.41,145,4,2,1,421,New/Low Spend Active,P4 - Nurture,0.05,11.970500000000001
17685,17,12,5943.17,3854,5,5,5,555,VIP Loyal,P2 - Maintain Loyalty,0.1,594.317
17686,7,9,8296.81,3583,5,5,5,555,VIP Loyal,P2 - Maintain Loyalty,0.1,829.681
17687,421,1,432.68,210,1,2,2,122,Low Priority,P5 - Minimal Effort,0.0,0.0
17688,394,1,304.2,114,2,2,2,222,Low Priority,P5 - Minimal Effort,0.0,0.0
17689,388,2,317.08,300,2,3,2,232,Low Priority,P5 - Minimal Effort,0.0,0.0
17690,30,20,7448.1,3126,4,5,5,455,VIP Loyal,P2 - Maintain Loyalty,0.1,744.8100000000001
17691,358,4,780.0500000000001,373,2,4,3,243,Growth Potential,P3 - Upsell Opportunity,0.15,117.00750000000001
17692,127,12,2975.8,2338,3,5,5,355,Growth Potential,P3 - Upsell Opportunity,0.15,446.37
17693,137,1,200.47,231,3,2,1,321,Low Priority,P5 - Minimal Effort,0.0,0.0
17694,142,3,1695.97,1493,3,3,4,334,Growth Potential,P3 - Upsell Opportunity,0.15,254.3955
17695,132,5,1746.04,1809,3,4,4,344,Growth Potential,P3 - Upsell Opportunity,0.15,261.906
17696,38,27,7679.59,5891,4,5,5,455,VIP Loyal,P2 - Maintain Loyalty,0.1,767.9590000000001
17697,236,1,338.95,93,2,2,2,222,Low Priority,P5 - Minimal Effort,0.0,0.0
17698,261,1,154.95,93,2,2,1,221,Low Priority,P5 - Minimal Effort,0.0,0.0
17699,477,2,442.0,208,1,3,2,132,Low Priority,P5 - Minimal Effort,0.0,0.0
17700,17,14,6679.97,3469,5,5,5,555,VIP Loyal,P2 - Maintain Loyalty,0.1,667.9970000000001
17701,253,1,417.95,109,2,2,2,222,Low Priority,P5 - Minimal Effort,0.0,0.0
17702,30,6,3144.04,2153,4,4,5,445,VIP Loyal,P2 - Maintain Loyalty,0.1,314.404
17703,35,4,1094.84,897,4,4,3,443,Growth Potential,P3 - Upsell Opportunity,0.15,164.22599999999997
17704,169,2,885.19,343,3,3,3,333,Growth Potential,P3 - Upsell Opportunity,0.15,132.7785
17705,3,11,2083.9,1301,5,5,4,554,VIP Loyal,P2 - Maintain Loyalty,0.1,208.39000000000001
17706,4,31,20749.98,8049,5,5,5,555,VIP Loyal,P2 - Maintain Loyalty,0.1,2074.998
17707,185,8,609.3000000000001,546,3,5,2,352,Low Priority,P5 - Minimal Effort,0.0,0.0
17708,188,4,887.9300000000001,388,3,4,3,343,Growth Potential,P3 - Upsell Opportunity,0.15,133.1895
17709,170,5,671.01,295,3,4,3,343,Growth Potential,P3 - Upsell Opportunity,0.15,100.6515
17710,424,1,293.5,158,1,2,2,122,Low Priority,P5 - Minimal Effort,0.0,0.0
17711,11,2,385.1,246,5,3,2,532,New/Low Spend Active,P4 - Nurture,0.05,19.255000000000003
17712,45,1,522.91,215,4,2,2,422,New/Low Spend Active,P4 - Nurture,0.05,26.1455
17713,382,4,1198.09,989,2,4,3,243,Growth Potential,P3 - Upsell Opportunity,0.15,179.71349999999998
17714,321,5,1410.18,608,2,4,4,244,High Value At Risk,P1 - Immediate Retention,0.35,493.563
17715,201,2,489.59999999999997,576,2,3,2,232,Low Priority,P5 - Minimal Effort,0.0,0.0
17716,23,24,15956.97,8819,4,5,5,455,VIP Loyal,P2 - Maintain Loyalty,0.1,1595.6970000000001
17717,421,1,376.92,344,1,2,2,122,Low Priority,P5 - Minimal Effort,0.0,0.0
17718,232,2,439.18,274,2,3,2,232,Low Priority,P5 - Minimal Effort,0.0,0.0
17719,38,15,5396.04,2466,4,5,5,455,VIP Loyal,P2 - Maintain Loyalty,0.1,539.604
17720,26,10,2768.91,1613,4,5,4,454,VIP Loyal,P2 - Maintain Loyalty,0.1,276.891
17721,659,1,307.21000000000004,107,1,2,2,122,Low Priority,P5 - Minimal Effort,0.0,0.0
17722,96,5,4430.36,2937,3,4,5,345,Growth Potential,P3 - Upsell Opportunity,0.15,664.554
17723,127,7,3378.4000000000005,912,3,4,5,345,Growth Potential,P3 - Upsell Opportunity,0.15,506.76000000000005
17724,71,3,1033.0,300,3,3,3,333,Growth Potential,P3 - Upsell Opportunity,0.15,154.95
17725,16,11,3439.08,2162,5,5,5,555,VIP Loyal,P2 - Maintain Loyalty,0.1,343.908
17726,395,7,1092.06,444,2,4,3,243,Growth Potential,P3 - Upsell Opportunity,0.15,163.809
17727,15,1,1060.25,645,5,2,3,523,Low Priority,P5 - Minimal Effort,0.0,0.0
17728,4,5,4238.76,2146,5,4,5,545,VIP Loyal,P2 - Maintain Loyalty,0.1,423.87600000000003
17729,596,1,438.65000000000003,247,1,2,2,122,Low Priority,P5 - Minimal Effort,0.0,0.0
17730,3,20,7773.8,5300,5,5,5,555,VIP Loyal,P2 - Maintain Loyalty,0.1,777.3800000000001
17731,79,6,1708.99,707,3,4,4,344,Growth Potential,P3 - Upsell Opportunity,0.15,256.3485
17732,373,8,2470.39,1151,2,5,4,254,High Value At Risk,P1 - Immediate Retention,0.35,864.6365
17733,39,2,692.19,463,4,3,3,433,Growth Potential,P3 - Upsell Opportunity,0.15,103.8285
17734,54,6,1442.32,741,4,4,4,444,VIP Loyal,P2 - Maintain Loyalty,0.1,144.232
17735,2,26,17244.93,10901,5,5,5,555,VIP Loyal,P2 - Maintain Loyalty,0.1,1724.4930000000002
17736,9,3,377.44,238,5,3,2,532,New/Low Spend Active,P4 - Nurture,0.05,18.872
17737,9,2,168.24,108,5,3,1,531,New/Low Spend Active,P4 - Nurture,0.05,8.412
17738,19,13,4183.56,2776,5,5,5,555,VIP Loyal,P2 - Maintain Loyalty,0.1,418.35600000000005
17739,12,18,7730.59,2335,5,5,5,555,VIP Loyal,P2 - Maintain Loyalty,0.1,773.0590000000001
17740,389,6,426.9,222,2,4,2,242,Low Priority,P5 - Minimal Effort,0.0,0.0
17741,407,2,101.1,114,2,3,1,231,Low Priority,P5 - Minimal Effort,0.0,0.0
17742,113,11,2098.48,653,3,5,4,354,Growth Potential,P3 - Upsell Opportunity,0.15,314.772
17743,448,1,229.2,96,1,2,1,121,Low Priority,P5 - Minimal Effort,0.0,0.0
17744,4,7,2649.14,3826,5,4,4,544,VIP Loyal,P2 - Maintain Loyalty,0.1,264.914
17745,478,2,600.34,164,1,3,2,132,Low Priority,P5 - Minimal Effort,0.0,0.0
17746,240,4,904.1800000000001,688,2,4,3,243,Growth Potential,P3 - Upsell Opportunity,0.15,135.627
17747,113,1,71.4,12,3,2,1,321,Low Priority,P5 - Minimal Effort,0.0,0.0
17748,527,1,358.15,111,1,2,2,122,Low Priority,P5 - Minimal Effort,0.0,0.0
17749,178,3,1026.18,446,3,3,3,333,Growth Potential,P3 - Upsell Opportunity,0.15,153.927
17750,5,9,1797.57,3957,5,5,4,554,VIP Loyal,P2 - Maintain Loyalty,0.1,179.757
17751,421,1,157.85999999999999,147,1,2,1,121,Low Priority,P5 - Minimal Effort,0.0,0.0
17752,359,1,80.64,192,2,2,1,221,Low Priority,P5 - Minimal Effort,0.0,0.0
17753,464,4,390.56,128,1,4,2,142,Low Priority,P5 - Minimal Effort,0.0,0.0
17754,1,13,4577.53,4441,5,5,5,555,VIP Loyal,P2 - Maintain Loyalty,0.1,457.753
17756,376,3,733.7,400,2,3,3,233,Growth Potential,P3 - Upsell Opportunity,0.15,110.055
17757,1,56,9422.45,5163,5,5,5,555,VIP Loyal,P2 - Maintain Loyalty,0.1,942.2450000000001
17758,19,12,5012.53,3236,5,5,5,555,VIP Loyal,P2 - Maintain Loyalty,0.1,501.253
17759,17,5,1276.91,976,5,4,4,544,VIP Loyal,P2 - Maintain Loyalty,0.1,127.69100000000002
17760,22,6,918.93,696,4,4,3,443,Growth Potential,P3 - Upsell Opportunity,0.15,137.8395
17761,33,1,712.78,398,4,2,3,423,Low Priority,P5 - Minimal Effort,0.0,0.0
17762,456,1,129.75,129,1,2,1,121,Low Priority,P5 - Minimal Effort,0.0,0.0
17763,263,4,86.15,41,2,4,1,241,Low Priority,P5 - Minimal Effort,0.0,0.0
17764,51,5,1623.64,729,4,4,4,444,VIP Loyal,P2 - Maintain Loyalty,0.1,162.36400000000003
17765,159,4,530.8,197,3,4,2,342,Low Priority,P5 - Minimal Effort,0.0,0.0
17766,381,2,299.61,155,2,3,2,232,Low Priority,P5 - Minimal Effort,0.0,0.0
17767,15,2,413.05,198,5,3,2,532,New/Low Spend Active,P4 - Nurture,0.05,20.652500000000003
17768,8,7,3509.51,2433,5,4,5,545,VIP Loyal,P2 - Maintain Loyalty,0.1,350.951
17769,13,17,7103.08,3176,5,5,5,555,VIP Loyal,P2 - Maintain Loyalty,0.1,710.308
17770,199,5,1143.27,365,2,4,3,243,Growth Potential,P3 - Upsell Opportunity,0.15,171.4905
17771,57,4,387.41,373,4,4,2,442,New/Low Spend Active,P4 - Nurture,0.05,19.370500000000003
17772,11,3,384.77,122,5,3,2,532,New/Low Spend Active,P4 - Nurture,0.05,19.238500000000002
17773,514,2,585.27,260,1,3,2,132,Low Priority,P5 - Minimal Effort,0.0,0.0
17774,97,9,3328.05,1609,3,5,5,355,Growth Potential,P3 - Upsell Opportunity,0.15,499.2075
17775,255,1,56.4,72,2,2,1,221,Low Priority,P5 - Minimal Effort,0.0,0.0
17776,387,2,338.56,277,2,3,2,232,Low Priority,P5 - Minimal Effort,0.0,0.0
17777,25,3,665.86,507,4,3,3,433,Growth Potential,P3 - Upsell Opportunity,0.15,99.879
17778,662,1,197.70000000000002,214,1,2,1,121,Low Priority,P5 - Minimal Effort,0.0,0.0
17779,21,3,658.57,397,4,3,3,433,Growth Potential,P3 - Upsell Opportunity,0.15,98.7855
17780,667,3,352.91,158,1,3,2,132,Low Priority,P5 - Minimal Effort,0.0,0.0
17781,159,2,188.02,34,3,3,1,331,Low Priority,P5 - Minimal Effort,0.0,0.0
17782,383,2,679.02,538,2,3,3,233,Growth Potential,P3 - Upsell Opportunity,0.15,101.853
17783,72,3,379.91,439,3,3,2,332,Low Priority,P5 - Minimal Effort,0.0,0.0
17784,550,1,112.86,72,1,2,1,121,Low Priority,P5 - Minimal Effort,0.0,0.0
17785,53,3,403.38,227,4,3,2,432,New/Low Spend Active,P4 - Nurture,0.05,20.169
17786,85,2,278.74,200,3,3,1,331,Low Priority,P5 - Minimal Effort,0.0,0.0
17787,153,4,2601.4700000000003,1266,3,4,4,344,Growth Potential,P3 - Upsell Opportunity,0.15,390.2205
17788,74,2,1117.9,211,3,3,3,333,Growth Potential,P3 - Upsell Opportunity,0.15,167.685
17789,281,2,397.15,199,2,3,2,232,Low Priority,P5 - Minimal Effort,0.0,0.0
17790,27,20,2783.61,1389,4,5,4,454,VIP Loyal,P2 - Maintain Loyalty,0.1,278.36100000000005
17791,30,1,106.1,46,4,2,1,421,New/Low Spend Active,P4 - Nurture,0.05,5.305
17792,467,2,370.05,151,1,3,2,132,Low Priority,P5 - Minimal Effort,0.0,0.0
17793,25,1,323.04,232,4,2,2,422,New/Low Spend Active,P4 - Nurture,0.05,16.152
17794,687,2,147.3,46,1,3,1,131,Low Priority,P5 - Minimal Effort,0.0,0.0
17795,180,2,350.39,341,3,3,2,332,Low Priority,P5 - Minimal Effort,0.0,0.0
17796,40,7,1361.99,379,4,4,4,444,VIP Loyal,P2 - Maintain Loyalty,0.1,136.199
17797,22,8,1985.87,1090,4,5,4,454,VIP Loyal,P2 - Maintain Loyalty,0.1,198.587
17798,582,1,183.09,142,1,2,1,121,Low Priority,P5 - Minimal Effort,0.0,0.0
17799,22,20,6341.89,3707,4,5,5,455,VIP Loyal,P2 - Maintain Loyalty,0.1,634.1890000000001
17800,37,9,1199.01,736,4,5,3,453,Growth Potential,P3 - Upsell Opportunity,0.15,179.8515
17801,451,3,798.3299999999999,838,1,3,3,133,Growth Potential,P3 - Upsell Opportunity,0.15,119.74949999999998
17802,82,10,5053.12,2786,3,5,5,355,Growth Potential,P3 - Upsell Opportunity,0.15,757.968
17803,392,1,184.66,98,2,2,1,221,Low Priority,P5 - Minimal Effort,0.0,0.0
17804,376,3,385.23,195,2,3,2,232,Low Priority,P5 - Minimal Effort,0.0,0.0
17805,74,2,927.03,1126,3,3,3,333,Growth Potential,P3 - Upsell Opportunity,0.15,139.0545
17806,11,1,546.04,727,5,2,2,522,New/Low Spend Active,P4 - Nurture,0.05,27.302
17807,395,3,437.87,262,2,3,2,232,Low Priority,P5 - Minimal Effort,0.0,0.0
17808,549,4,262.64,143,1,4,1,141,Low Priority,P5 - Minimal Effort,0.0,0.0
17809,16,20,11337.39,3353,5,5,5,555,VIP Loyal,P2 - Maintain Loyalty,0.1,1133.739
17810,669,2,374.81,119,1,3,2,132,Low Priority,P5 - Minimal Effort,0.0,0.0
17811,4,47,9609.8,5327,5,5,5,555,VIP Loyal,P2 - Maintain Loyalty,0.1,960.98
17812,13,7,1165.8899999999999,612,5,4,3,543,Growth Potential,P3 - Upsell Opportunity,0.15,174.88349999999997
17813,14,5,1770.8799999999999,790,5,4,4,544,VIP Loyal,P2 - Maintain Loyalty,0.1,177.088
17814,375,2,1617.32,1440,2,3,4,234,High Value At Risk,P1 - Immediate Retention,0.35,566.0619999999999
17815,393,1,591.96,612,2,2,2,222,Low Priority,P5 - Minimal Effort,0.0,0.0
17816,37,6,112.32,96,4,4,1,441,New/Low Spend Active,P4 - Nurture,0.05,5.616
17817,4,6,807.85,365,5,4,3,543,Growth Potential,P3 - Upsell Opportunity,0.15,121.1775
17818,738,1,130.18,90,1,2,1,121,Low Priority,P5 - Minimal Effort,0.0,0.0
17819,72,12,6612.5199999999995,1849,3,5,5,355,Growth Potential,P3 - Upsell Opportunity,0.15,991.8779999999999
17820,374,1,183.56,112,2,2,1,221,Low Priority,P5 - Minimal Effort,0.0,0.0
17821,406,1,334.62,162,2,2,2,222,Low Priority,P5 - Minimal Effort,0.0,0.0
17822,420,5,2188.5,1389,1,4,4,144,High Value At Risk,P1 - Immediate Retention,0.35,765.9749999999999
17823,421,2,494.25,262,1,3,2,132,Low Priority,P5 - Minimal Effort,0.0,0.0
17824,51,1,298.4,408,4,2,2,422,New/Low Spend Active,P4 - Nurture,0.05,14.92
17825,599,4,731.96,540,1,4,3,143,Growth Potential,P3 - Upsell Opportunity,0.15,109.794
17826,374,1,134.59,85,2,2,1,221,Low Priority,P5 - Minimal Effort,0.0,0.0
17827,5,6,2388.05,1592,5,4,4,544,VIP Loyal,P2 - Maintain Loyalty,0.1,238.80500000000004
17828,23,4,1820.09,667,4,4,4,444,VIP Loyal,P2 - Maintain Loyalty,0.1,182.00900000000001
17829,299,5,4756.74,3009,2,4,5,245,High Value At Risk,P1 - Immediate Retention,0.35,1664.859
17830,2,3,398.7,92,5,3,2,532,New/Low Spend Active,P4 - Nurture,0.05,19.935000000000002
17831,33,1,35.400000000000006,12,4,2,1,421,New/Low Spend Active,P4 - Nurture,0.05,1.7700000000000005
17832,50,1,155.37,208,4,2,1,421,New/Low Spend Active,P4 - Nurture,0.05,7.7685
17833,723,1,342.36,145,1,2,2,122,Low Priority,P5 - Minimal Effort,0.0,0.0
17834,415,2,730.47,687,1,3,3,133,Growth Potential,P3 - Upsell Opportunity,0.15,109.5705
17835,3,3,350.64,348,5,3,2,532,New/Low Spend Active,P4 - Nurture,0.05,17.532
17836,47,1,110.21000000000001,88,4,2,1,421,New/Low Spend Active,P4 - Nurture,0.05,5.5105
17837,42,8,1593.38,518,4,5,4,454,VIP Loyal,P2 - Maintain Loyalty,0.1,159.33800000000002
17838,27,13,6722.900000000001,4149,4,5,5,455,VIP Loyal,P2 - Maintain Loyalty,0.1,672.2900000000001
17839,42,1,338.8,285,4,2,2,422,New/Low Spend Active,P4 - Nurture,0.05,16.94
17840,444,1,185.72,138,1,2,1,121,Low Priority,P5 - Minimal Effort,0.0,0.0
17841,2,211,70884.07,37558,5,5,5,555,VIP Loyal,P2 - Maintain Loyalty,0.1,7088.407000000001
17842,602,1,430.69,89,1,2,2,122,Low Priority,P5 - Minimal Effort,0.0,0.0
17843,303,2,326.23,276,2,3,2,232,Low Priority,P5 - Minimal Effort,0.0,0.0
17844,107,1,51.559999999999995,52,3,2,1,321,Low Priority,P5 - Minimal Effort,0.0,0.0
17845,555,4,598.19,196,1,4,2,142,Low Priority,P5 - Minimal Effort,0.0,0.0
17846,85,1,2033.1,1,3,2,4,324,Low Priority,P5 - Minimal Effort,0.0,0.0
17847,516,2,129.69,29,1,3,1,131,Low Priority,P5 - Minimal Effort,0.0,0.0
17848,81,30,3650.9,1438,3,5,5,355,Growth Potential,P3 - Upsell Opportunity,0.15,547.635
17849,218,8,1063.76,224,2,5,3,253,Growth Potential,P3 - Upsell Opportunity,0.15,159.564
17850,372,155,56600.08,22785,2,5,5,255,High Value At Risk,P1 - Immediate Retention,0.35,19810.028
17851,422,6,1563.34,938,1,4,4,144,High Value At Risk,P1 - Immediate Retention,0.35,547.169
17852,12,5,663.21,376,5,4,3,543,Growth Potential,P3 - Upsell Opportunity,0.15,99.4815
17853,407,3,1608.19,627,2,3,4,234,High Value At Risk,P1 - Immediate Retention,0.35,562.8665
17854,185,6,1071.45,610,3,4,3,343,Growth Potential,P3 - Upsell Opportunity,0.15,160.7175
17855,373,1,417.94,394,2,2,2,222,Low Priority,P5 - Minimal Effort,0.0,0.0
17856,2,4,1418.03,842,5,4,4,544,VIP Loyal,P2 - Maintain Loyalty,0.1,141.803
17857,4,24,28682.24,22060,5,5,5,555,VIP Loyal,P2 - Maintain Loyalty,0.1,2868.224
17858,6,30,12797.65,5483,5,5,5,555,VIP Loyal,P2 - Maintain Loyalty,0.1,1279.765
17859,305,1,148.21,127,2,2,1,221,Low Priority,P5 - Minimal Effort,0.0,0.0
17860,369,4,1015.54,817,2,4,3,243,Growth Potential,P3 - Upsell Opportunity,0.15,152.331
17861,3,18,5127.69,4574,5,5,5,555,VIP Loyal,P2 - Maintain Loyalty,0.1,512.769
17862,324,4,1279.09,443,2,4,4,244,High Value At Risk,P1 - Immediate Retention,0.35,447.68149999999997
17863,59,12,5745.2,4952,4,5,5,455,VIP Loyal,P2 - Maintain Loyalty,0.1,574.52
17864,13,5,924.32,1121,5,4,3,543,Growth Potential,P3 - Upsell Opportunity,0.15,138.648
17865,31,46,26374.39,12985,4,5,5,455,VIP Loyal,P2 - Maintain Loyalty,0.1,2637.4390000000003
17866,143,3,1134.95,535,3,3,3,333,Growth Potential,P3 - Upsell Opportunity,0.15,170.2425
17867,30,15,1621.2800000000002,672,4,5,4,454,VIP Loyal,P2 - Maintain Loyalty,0.1,162.12800000000004
17868,386,1,234.65,91,2,2,1,221,Low Priority,P5 - Minimal Effort,0.0,0.0
17869,107,7,1036.16,560,3,4,3,343,Growth Potential,P3 - Upsell Opportunity,0.15,155.424
17870,2,13,3108.15,1877,5,5,5,555,VIP Loyal,P2 - Maintain Loyalty,0.1,310.81500000000005
17871,205,5,1118.99,713,2,4,3,243,Growth Potential,P3 - Upsell Opportunity,0.15,167.8485
17872,382,1,235.87,176,2,2,1,221,Low Priority,P5 - Minimal Effort,0.0,0.0
17873,80,18,6515.88,4312,3,5,5,355,Growth Potential,P3 - Upsell Opportunity,0.15,977.382
17874,185,6,683.46,221,3,4,3,343,Growth Potential,P3 - Upsell Opportunity,0.15,102.519
17875,688,1,167.1,98,1,2,1,121,Low Priority,P5 - Minimal Effort,0.0,0.0
17876,400,3,3424.02,1958,2,3,5,235,High Value At Risk,P1 - Immediate Retention,0.35,1198.407
17877,170,1,237.61,98,3,2,1,321,Low Priority,P5 - Minimal Effort,0.0,0.0
17878,44,3,1412.33,1038,4,3,4,434,VIP Loyal,P2 - Maintain Loyalty,0.1,141.233
17879,174,1,178.51999999999998,45,3,2,1,321,Low Priority,P5 - Minimal Effort,0.0,0.0
17880,365,3,824.9200000000001,466,2,3,3,233,Growth Potential,P3 - Upsell Opportunity,0.15,123.738
17881,304,1,133.35000000000002,32,2,2,1,221,Low Priority,P5 - Minimal Effort,0.0,0.0
17882,379,2,313.46,134,2,3,2,232,Low Priority,P5 - Minimal Effort,0.0,0.0
17883,3,7,995.85,481,5,4,3,543,Growth Potential,P3 - Upsell Opportunity,0.15,149.3775
17884,4,20,3072.89,3088,5,5,5,555,VIP Loyal,P2 - Maintain Loyalty,0.1,307.289
17885,12,1,190.19,167,5,2,1,521,New/Low Spend Active,P4 - Nurture,0.05,9.509500000000001
17886,32,6,1608.38,725,4,4,4,444,VIP Loyal,P2 - Maintain Loyalty,0.1,160.83800000000002
17887,129,1,111.35,30,3,2,1,321,Low Priority,P5 - Minimal Effort,0.0,0.0
17888,21,25,1820.44,1544,4,5,4,454,VIP Loyal,P2 - Maintain Loyalty,0.1,182.044
17889,212,7,774.87,417,2,4,3,243,Growth Potential,P3 - Upsell Opportunity,0.15,116.23049999999999
17890,323,2,602.09,416,2,3,2,232,Low Priority,P5 - Minimal Effort,0.0,0.0
17891,162,1,203.85999999999999,393,3,2,1,321,Low Priority,P5 - Minimal Effort,0.0,0.0
17892,56,3,244.1,109,4,3,1,431,New/Low Spend Active,P4 - Nurture,0.05,12.205
17893,225,1,112.25,161,2,2,1,221,Low Priority,P5 - Minimal Effort,0.0,0.0
17894,72,18,2453.38,1020,3,5,4,354,Growth Potential,P3 - Upsell Opportunity,0.15,368.007
17895,44,1,98.0,130,4,2,1,421,New/Low Spend Active,P4 - Nurture,0.05,4.9
17896,23,1,256.32,288,4,2,1,421,New/Low Spend Active,P4 - Nurture,0.05,12.816
17897,173,9,2585.0,1043,3,5,4,354,Growth Potential,P3 - Upsell Opportunity,0.15,387.75
17898,85,4,299.18,251,3,4,2,342,Low Priority,P5 - Minimal Effort,0.0,0.0
17899,159,1,155.8,171,3,2,1,321,Low Priority,P5 - Minimal Effort,0.0,0.0
17900,190,2,112.19999999999999,73,2,3,1,231,Low Priority,P5 - Minimal Effort,0.0,0.0
17901,29,3,260.08,38,4,3,1,431,New/Low Spend Active,P4 - Nurture,0.05,13.004
17902,547,1,216.39999999999998,526,1,2,1,121,Low Priority,P5 - Minimal Effort,0.0,0.0
17903,394,1,381.09000000000003,142,2,2,2,222,Low Priority,P5 - Minimal Effort,0.0,0.0
17904,21,1,191.67,63,4,2,1,421,New/Low Spend Active,P4 - Nurture,0.05,9.583499999999999
17905,71,13,2383.52,1373,3,5,4,354,Growth Potential,P3 - Upsell Opportunity,0.15,357.52799999999996
17906,247,1,72.9,26,2,2,1,221,Low Priority,P5 - Minimal Effort,0.0,0.0
17907,641,1,291.76,1046,1,2,2,122,Low Priority,P5 - Minimal Effort,0.0,0.0
17908,374,5,1411.54,856,2,4,4,244,High Value At Risk,P1 - Immediate Retention,0.35,494.03899999999993
17909,737,1,132.55,41,1,2,1,121,Low Priority,P5 - Minimal Effort,0.0,0.0
17910,726,1,261.7,121,1,2,1,121,Low Priority,P5 - Minimal Effort,0.0,0.0
17911,9,1,366.23,223,5,2,2,522,New/Low Spend Active,P4 - Nurture,0.05,18.311500000000002
17912,310,6,375.5,216,2,4,2,242,Low Priority,P5 - Minimal Effort,0.0,0.0
17913,59,14,3479.64,1745,4,5,5,455,VIP Loyal,P2 - Maintain Loyalty,0.1,347.964
17914,4,1,336.43,473,5,2,2,522,New/Low Spend Active,P4 - Nurture,0.05,16.8215
17915,551,1,242.13,191,1,2,1,121,Low Priority,P5 - Minimal Effort,0.0,0.0
17916,629,2,43.87,90,1,3,1,131,Low Priority,P5 - Minimal Effort,0.0,0.0
17917,45,3,341.28,187,4,3,2,432,New/Low Spend Active,P4 - Nurture,0.05,17.064
17918,501,3,396.39,352,1,3,2,132,Low Priority,P5 - Minimal Effort,0.0,0.0
17919,88,2,1840.32,1452,3,3,4,334,Growth Potential,P3 - Upsell Opportunity,0.15,276.048
17920,4,54,24516.46,12666,5,5,5,555,VIP Loyal,P2 - Maintain Loyalty,0.1,2451.646
17921,64,10,2423.5,1002,3,5,4,354,Growth Potential,P3 - Upsell Opportunity,0.15,363.525
17922,543,1,170.4,49,1,2,1,121,Low Priority,P5 - Minimal Effort,0.0,0.0
17923,282,3,497.0,140,2,3,2,232,Low Priority,P5 - Minimal Effort,0.0,0.0
17924,12,8,3536.7000000000003,1268,5,5,5,555,VIP Loyal,P2 - Maintain Loyalty,0.1,353.6700000000001
17925,373,1,488.16,144,2,2,2,222,Low Priority,P5 - Minimal Effort,0.0,0.0
17926,133,5,1035.49,572,3,4,3,343,Growth Potential,P3 - Upsell Opportunity,0.15,155.3235
17927,722,1,294.0,108,1,2,2,122,Low Priority,P5 - Minimal Effort,0.0,0.0
17928,45,3,341.24,222,4,3,2,432,New/Low Spend Active,P4 - Nurture,0.05,17.062
17929,11,12,3082.1,434,5,5,5,555,VIP Loyal,P2 - Maintain Loyalty,0.1,308.21000000000004
17930,36,13,4275.22,3795,4,5,5,455,VIP Loyal,P2 - Maintain Loyalty,0.1,427.52200000000005
17931,134,14,3437.29,1937,3,5,5,355,Growth Potential,P3 - Upsell Opportunity,0.15,515.5935
17932,29,3,1331.57,789,4,3,4,434,VIP Loyal,P2 - Maintain Loyalty,0.1,133.157
17933,632,1,114.69,63,1,2,1,121,Low Priority,P5 - Minimal Effort,0.0,0.0
17934,52,3,1049.15,628,4,3,3,433,Growth Potential,P3 - Upsell Opportunity,0.15,157.3725
17935,138,7,686.14,244,3,4,3,343,Growth Potential,P3 - Upsell Opportunity,0.15,102.92099999999999
17936,5,1,389.84,262,5,2,2,522,New/Low Spend Active,P4 - Nurture,0.05,19.492
17937,9,7,4301.22,1754,5,4,5,545,VIP Loyal,P2 - Maintain Loyalty,0.1,430.12200000000007
17938,420,1,144.29,53,1,2,1,121,Low Priority,P5 - Minimal Effort,0.0,0.0
17939,160,1,99.14,40,3,2,1,321,Low Priority,P5 - Minimal Effort,0.0,0.0
17940,49,16,30393.19,85580,4,5,5,455,VIP Loyal,P2 - Maintain Loyalty,0.1,3039.319
17941,131,4,1433.28,1108,3,4,4,344,Growth Potential,P3 - Upsell Opportunity,0.15,214.992
17942,8,1,77.50000000000001,38,5,2,1,521,New/Low Spend Active,P4 - Nurture,0.05,3.875000000000001
17944,423,1,75.41,85,1,2,1,121,Low Priority,P5 - Minimal Effort,0.0,0.0
17945,697,3,360.35,244,1,3,2,132,Low Priority,P5 - Minimal Effort,0.0,0.0
17946,233,2,149.57999999999998,75,2,3,1,231,Low Priority,P5 - Minimal Effort,0.0,0.0
17947,37,1,176.68,168,4,2,1,421,New/Low Spend Active,P4 - Nurture,0.05,8.834000000000001
17948,147,1,358.56000000000006,144,3,2,2,322,Low Priority,P5 - Minimal Effort,0.0,0.0
17949,1,118,118628.08,60658,5,5,5,555,VIP Loyal,P2 - Maintain Loyalty,0.1,11862.808
17950,72,7,1432.81,847,3,4,4,344,Growth Potential,P3 - Upsell Opportunity,0.15,214.92149999999998
17951,40,4,1636.0800000000002,898,4,4,4,444,VIP Loyal,P2 - Maintain Loyalty,0.1,163.60800000000003
17952,378,4,819.61,504,2,4,3,243,Growth Potential,P3 - Upsell Opportunity,0.15,122.94149999999999
17953,540,1,160.82,99,1,2,1,121,Low Priority,P5 - Minimal Effort,0.0,0.0
17954,5,19,3966.05,3265,5,5,5,555,VIP Loyal,P2 - Maintain Loyalty,0.1,396.605
17955,199,6,949.9,681,2,4,3,243,Growth Potential,P3 - Upsell Opportunity,0.15,142.48499999999999
17956,249,1,12.75,1,2,2,1,221,Low Priority,P5 - Minimal Effort,0.0,0.0
17957,66,1,111.68,287,3,2,1,321,Low Priority,P5 - Minimal Effort,0.0,0.0
17958,117,2,973.88,284,3,3,3,333,Growth Potential,P3 - Upsell Opportunity,0.15,146.082
17959,592,1,140.75,49,1,2,1,121,Low Priority,P5 - Minimal Effort,0.0,0.0
17960,171,3,135.08,60,3,3,1,331,Low Priority,P5 - Minimal Effort,0.0,0.0
17961,21,100,2995.54,1537,4,5,5,455,VIP Loyal,P2 - Maintain Loyalty,0.1,299.55400000000003
17962,142,4,687.42,651,3,4,3,343,Growth Potential,P3 - Upsell Opportunity,0.15,103.11299999999999
17963,471,4,651.51,344,1,4,3,143,Growth Potential,P3 - Upsell Opportunity,0.15,97.7265
17964,32,2,733.46,496,4,3,3,433,Growth Potential,P3 - Upsell Opportunity,0.15,110.019
17965,38,29,7240.9800000000005,4525,4,5,5,455,VIP Loyal,P2 - Maintain Loyalty,0.1,724.0980000000001
17966,38,10,1974.42,3943,4,5,4,454,VIP Loyal,P2 - Maintain Loyalty,0.1,197.442
17967,372,2,357.28999999999996,198,2,3,2,232,Low Priority,P5 - Minimal Effort,0.0,0.0
17968,374,4,888.04,525,2,4,3,243,Growth Potential,P3 - Upsell Opportunity,0.15,133.206
17969,166,20,2369.94,1017,3,5,4,354,Growth Potential,P3 - Upsell Opportunity,0.15,355.491
17970,211,1,582.59,525,2,2,2,222,Low Priority,P5 - Minimal Effort,0.0,0.0
17971,548,1,161.94,62,1,2,1,121,Low Priority,P5 - Minimal Effort,0.0,0.0
17972,242,1,136.04,37,2,2,1,221,Low Priority,P5 - Minimal Effort,0.0,0.0
17973,52,1,337.04,176,4,2,2,422,New/Low Spend Active,P4 - Nurture,0.05,16.852
17974,25,6,1858.06,1243,4,4,4,444,VIP Loyal,P2 - Maintain Loyalty,0.1,185.806
17975,15,24,7028.83,2271,5,5,5,555,VIP Loyal,P2 - Maintain Loyalty,0.1,702.883
17976,372,1,706.38,212,2,2,3,223,Low Priority,P5 - Minimal Effort,0.0,0.0
17977,29,2,1565.6299999999999,2062,4,3,4,434,VIP Loyal,P2 - Maintain Loyalty,0.1,156.563
17978,365,4,1461.76,1797,2,4,4,244,High Value At Risk,P1 - Immediate Retention,0.35,511.616
17979,36,4,757.71,397,4,4,3,443,Growth Potential,P3 - Upsell Opportunity,0.15,113.65650000000001
17980,166,4,1033.42,782,3,4,3,343,Growth Potential,P3 - Upsell Opportunity,0.15,155.013
17981,411,1,239.12,260,1,2,1,121,Low Priority,P5 - Minimal Effort,0.0,0.0
17982,681,1,138.18,117,1,2,1,121,Low Priority,P5 - Minimal Effort,0.0,0.0
17983,395,1,171.71,108,2,2,1,221,Low Priority,P5 - Minimal Effort,0.0,0.0
17984,145,5,1191.27,973,3,4,3,343,Growth Potential,P3 - Upsell Opportunity,0.15,178.6905
17985,22,1,634.95,183,4,2,3,423,Low Priority,P5 - Minimal Effort,0.0,0.0
17986,56,1,20.8,10,4,2,1,421,New/Low Spend Active,P4 - Nurture,0.05,1.04
17987,185,5,1003.64,1015,3,4,3,343,Growth Potential,P3 - Upsell Opportunity,0.15,150.546
17988,12,14,489.54,186,5,5,2,552,New/Low Spend Active,P4 - Nurture,0.05,24.477000000000004
17989,379,1,228.82999999999998,329,2,2,1,221,Low Priority,P5 - Minimal Effort,0.0,0.0
17990,237,6,1527.6100000000001,777,2,4,4,244,High Value At Risk,P1 - Immediate Retention,0.35,534.6635
17991,225,3,320.55,100,2,3,2,232,Low Priority,P5 - Minimal Effort,0.0,0.0
17992,389,1,254.13,131,2,2,1,221,Low Priority,P5 - Minimal Effort,0.0,0.0
17993,617,1,235.19,112,1,2,1,121,Low Priority,P5 - Minimal Effort,0.0,0.0
17994,122,11,2313.32,2194,3,5,4,354,Growth Potential,P3 - Upsell Opportunity,0.15,346.998
17995,282,3,495.48,263,2,3,2,232,Low Priority,P5 - Minimal Effort,0.0,0.0
17996,380,3,482.33,587,2,3,2,232,Low Priority,P5 - Minimal Effort,0.0,0.0
17997,74,8,1970.6699999999998,2298,3,5,4,354,Growth Potential,P3 - Upsell Opportunity,0.15,295.60049999999995
17998,380,3,639.24,561,2,3,3,233,Growth Potential,P3 - Upsell Opportunity,0.15,95.886
17999,37,3,730.9,395,4,3,3,433,Growth Potential,P3 - Upsell Opportunity,0.15,109.63499999999999
18000,564,1,124.25,109,1,2,1,121,Low Priority,P5 - Minimal Effort,0.0,0.0
18001,12,6,953.84,893,5,4,3,543,Growth Potential,P3 - Upsell Opportunity,0.15,143.076
18002,376,4,249.92,72,2,4,1,241,Low Priority,P5 - Minimal Effort,0.0,0.0
18003,376,1,358.61,299,2,2,2,222,Low Priority,P5 - Minimal Effort,0.0,0.0
18004,362,1,169.47,78,2,2,1,221,Low Priority,P5 - Minimal Effort,0.0,0.0
18005,4,2,249.72,93,5,3,1,531,New/Low Spend Active,P4 - Nurture,0.05,12.486
18006,23,4,997.86,403,4,4,3,443,Growth Potential,P3 - Upsell Opportunity,0.15,149.679
18007,393,1,220.32,252,2,2,1,221,Low Priority,P5 - Minimal Effort,0.0,0.0
18008,70,23,19787.13,7830,3,5,5,355,Growth Potential,P3 - Upsell Opportunity,0.15,2968.0695
18009,235,8,2155.83,653,2,5,4,254,High Value At Risk,P1 - Immediate Retention,0.35,754.5405
18010,257,1,174.8,60,2,2,1,221,Low Priority,P5 - Minimal Effort,0.0,0.0
18011,373,2,527.03,198,2,3,2,232,Low Priority,P5 - Minimal Effort,0.0,0.0
18012,723,1,115.3,63,1,2,1,121,Low Priority,P5 - Minimal Effort,0.0,0.0
18013,155,2,187.29,285,3,3,1,331,Low Priority,P5 - Minimal Effort,0.0,0.0
18014,28,1,166.42,68,4,2,1,421,New/Low Spend Active,P4 - Nurture,0.05,8.321
18015,4,1,120.03,157,5,2,1,521,New/Low Spend Active,P4 - Nurture,0.05,6.0015
18016,32,7,1960.46,1209,4,4,4,444,VIP Loyal,P2 - Maintain Loyalty,0.1,196.04600000000002
18017,81,4,688.0,400,3,4,3,343,Growth Potential,P3 - Upsell Opportunity,0.15,103.2
18018,108,4,297.99,186,3,4,2,342,Low Priority,P5 - Minimal Effort,0.0,0.0
18019,52,1,38.45,7,4,2,1,421,New/Low Spend Active,P4 - Nurture,0.05,1.9225000000000003
18020,544,1,190.48000000000002,67,1,2,1,121,Low Priority,P5 - Minimal Effort,0.0,0.0
18021,510,2,227.06,169,1,3,1,131,Low Priority,P5 - Minimal Effort,0.0,0.0
18022,36,5,1651.79,1390,4,4,4,444,VIP Loyal,P2 - Maintain Loyalty,0.1,165.179
18024,153,2,389.78,184,3,3,2,332,Low Priority,P5 - Minimal Effort,0.0,0.0
18025,380,6,1177.72,1053,2,4,3,243,Growth Potential,P3 - Upsell Opportunity,0.15,176.658
18026,501,2,2074.07,530,1,3,4,134,High Value At Risk,P1 - Immediate Retention,0.35,725.9245
18027,99,1,115.31,78,3,2,1,321,Low Priority,P5 - Minimal Effort,0.0,0.0
18028,583,1,192.05,133,1,2,1,121,Low Priority,P5 - Minimal Effort,0.0,0.0
18029,642,1,433.77,253,1,2,2,122,Low Priority,P5 - Minimal Effort,0.0,0.0
18030,4,2,230.64999999999998,67,5,3,1,531,New/Low Spend Active,P4 - Nurture,0.05,11.532499999999999
18031,379,1,462.09999999999997,300,2,2,2,222,Low Priority,P5 - Minimal Effort,0.0,0.0
18032,334,1,73.5,42,2,2,1,221,Low Priority,P5 - Minimal Effort,0.0,0.0
18033,65,1,97.97,253,3,2,1,321,Low Priority,P5 - Minimal Effort,0.0,0.0
18034,22,3,793.7,992,4,3,3,433,Growth Potential,P3 - Upsell Opportunity,0.15,119.055
18035,36,5,1276.74,1161,4,4,4,444,VIP Loyal,P2 - Maintain Loyalty,0.1,127.674
18036,32,11,1563.6399999999999,748,4,5,4,454,VIP Loyal,P2 - Maintain Loyalty,0.1,156.364
18037,154,15,167.42,37,3,5,1,351,Low Priority,P5 - Minimal Effort,0.0,0.0
18038,556,1,149.41,85,1,2,1,121,Low Priority,P5 - Minimal Effort,0.0,0.0
18039,374,4,579.17,570,2,4,2,242,Low Priority,P5 - Minimal Effort,0.0,0.0
18040,19,2,357.20000000000005,148,5,3,2,532,New/Low Spend Active,P4 - Nurture,0.05,17.860000000000003
18041,12,38,8752.38,7859,5,5,5,555,VIP Loyal,P2 - Maintain Loyalty,0.1,875.2379999999999
18042,54,2,281.15,69,4,3,1,431,New/Low Spend Active,P4 - Nurture,0.05,14.0575
18043,25,3,875.97,454,4,3,3,433,Growth Potential,P3 - Upsell Opportunity,0.15,131.3955
18044,4,18,3505.61,1598,5,5,5,555,VIP Loyal,P2 - Maintain Loyalty,0.1,350.56100000000004
18045,45,1,189.4,142,4,2,1,421,New/Low Spend Active,P4 - Nurture,0.05,9.47
18046,650,1,189.63,44,1,2,1,121,Low Priority,P5 - Minimal Effort,0.0,0.0
18047,381,2,342.69,138,2,3,2,232,Low Priority,P5 - Minimal Effort,0.0,0.0
18048,203,3,401.73,258,2,3,2,232,Low Priority,P5 - Minimal Effort,0.0,0.0
18049,437,2,556.52,425,1,3,2,132,Low Priority,P5 - Minimal Effort,0.0,0.0
18050,359,2,412.06,250,2,3,2,232,Low Priority,P5 - Minimal Effort,0.0,0.0
18051,634,7,2282.28,1661,1,4,4,144,High Value At Risk,P1 - Immediate Retention,0.35,798.798
18052,565,1,10877.18,17766,1,2,5,125,High Value At Risk,P1 - Immediate Retention,0.35,3807.013
18053,71,3,571.07,409,3,3,2,332,Low Priority,P5 - Minimal Effort,0.0,0.0
18054,393,1,176.5,96,2,2,1,221,Low Priority,P5 - Minimal Effort,0.0,0.0
18055,7,14,11195.57,3839,5,5,5,555,VIP Loyal,P2 - Maintain Loyalty,0.1,1119.557
18056,288,2,554.6,334,2,3,2,232,Low Priority,P5 - Minimal Effort,0.0,0.0
18057,393,3,1203.56,978,2,3,3,233,Growth Potential,P3 - Upsell Opportunity,0.15,180.534
18058,10,3,774.06,394,5,3,3,533,Growth Potential,P3 - Upsell Opportunity,0.15,116.10899999999998
18059,23,3,306.46,258,4,3,2,432,New/Low Spend Active,P4 - Nurture,0.05,15.323
18060,408,2,1185.46,902,2,3,3,233,Growth Potential,P3 - Upsell Opportunity,0.15,177.819
18061,22,28,6488.97,3607,4,5,5,455,VIP Loyal,P2 - Maintain Loyalty,0.1,648.897
18062,173,6,1632.67,831,3,4,4,344,Growth Potential,P3 - Upsell Opportunity,0.15,244.9005
18063,391,2,186.60000000000002,48,2,3,1,231,Low Priority,P5 - Minimal Effort,0.0,0.0
18064,133,11,4495.03,2709,3,5,5,355,Growth Potential,P3 - Upsell Opportunity,0.15,674.2544999999999
18065,6,29,5866.63,2265,5,5,5,555,VIP Loyal,P2 - Maintain Loyalty,0.1,586.663
18066,75,3,1440.4,535,3,3,4,334,Growth Potential,P3 - Upsell Opportunity,0.15,216.06
18067,40,1,396.33,189,4,2,2,422,New/Low Spend Active,P4 - Nurture,0.05,19.8165
18068,289,1,101.69999999999999,6,2,2,1,221,Low Priority,P5 - Minimal Effort,0.0,0.0
18069,26,11,4540.56,3227,4,5,5,455,VIP Loyal,P2 - Maintain Loyalty,0.1,454.05600000000004
18070,669,1,314.1,86,1,2,2,122,Low Priority,P5 - Minimal Effort,0.0,0.0
18071,258,6,1428.63,835,2,4,4,244,High Value At Risk,P1 - Immediate Retention,0.35,500.0205
18072,186,1,247.44,288,3,2,1,321,Low Priority,P5 - Minimal Effort,0.0,0.0
18073,114,12,3877.5200000000004,3108,3,5,5,355,Growth Potential,P3 - Upsell Opportunity,0.15,581.628
18074,374,2,1509.04,551,2,3,4,234,High Value At Risk,P1 - Immediate Retention,0.35,528.164
18075,23,20,5783.29,3281,4,5,5,455,VIP Loyal,P2 - Maintain Loyalty,0.1,578.3290000000001
18076,380,1,151.49,164,2,2,1,221,Low Priority,P5 - Minimal Effort,0.0,0.0
18077,8,18,4338.56,3233,5,5,5,555,VIP Loyal,P2 - Maintain Loyalty,0.1,433.85600000000005
18078,217,4,844.6,431,2,4,3,243,Growth Potential,P3 - Upsell Opportunity,0.15,126.69
18079,45,5,4242.75,8815,4,4,5,445,VIP Loyal,P2 - Maintain Loyalty,0.1,424.27500000000003
18080,19,2,1231.5,642,5,3,3,533,Growth Potential,P3 - Upsell Opportunity,0.15,184.725
18081,36,3,343.45,195,4,3,2,432,New/Low Spend Active,P4 - Nurture,0.05,17.1725
18082,26,1,703.37,621,4,2,3,423,Low Priority,P5 - Minimal Effort,0.0,0.0
18083,398,1,470.72999999999996,270,2,2,2,222,Low Priority,P5 - Minimal Effort,0.0,0.0
18084,16,3,812.93,761,5,3,3,533,Growth Potential,P3 - Upsell Opportunity,0.15,121.93949999999998
18085,330,4,1645.75,585,2,4,4,244,High Value At Risk,P1 - Immediate Retention,0.35,576.0124999999999
18086,274,1,101.34,106,2,2,1,221,Low Priority,P5 - Minimal Effort,0.0,0.0
18087,98,17,14761.519999999999,7775,3,5,5,355,Growth Potential,P3 - Upsell Opportunity,0.15,2214.2279999999996
18088,61,1,167.67000000000002,109,3,2,1,321,Low Priority,P5 - Minimal Effort,0.0,0.0
18089,447,1,428.45,95,1,2,2,122,Low Priority,P5 - Minimal Effort,0.0,0.0
18090,422,1,349.4,321,1,2,2,122,Low Priority,P5 - Minimal Effort,0.0,0.0
18091,593,1,360.85,539,1,2,2,122,Low Priority,P5 - Minimal Effort,0.0,0.0
18092,2,18,16179.44,8830,5,5,5,555,VIP Loyal,P2 - Maintain Loyalty,0.1,1617.9440000000002
18093,93,8,4452.71,3429,3,5,5,355,Growth Potential,P3 - Upsell Opportunity,0.15,667.9064999999999
18094,82,13,6391.52,4164,3,5,5,355,Growth Potential,P3 - Upsell Opportunity,0.15,958.7280000000001
18095,313,5,2303.09,1623,2,4,4,244,High Value At Risk,P1 - Immediate Retention,0.35,806.0815
18096,12,6,1805.28,1483,5,4,4,544,VIP Loyal,P2 - Maintain Loyalty,0.1,180.52800000000002
18097,8,11,4663.32,2740,5,5,5,555,VIP Loyal,P2 - Maintain Loyalty,0.1,466.332
18098,396,1,550.84,217,2,2,2,222,Low Priority,P5 - Minimal Effort,0.0,0.0
18099,127,1,168.31,149,3,2,1,321,Low Priority,P5 - Minimal Effort,0.0,0.0
18100,550,1,451.56,440,1,2,2,122,Low Priority,P5 - Minimal Effort,0.0,0.0
18101,11,5,629.16,250,5,4,3,543,Growth Potential,P3 - Upsell Opportunity,0.15,94.374
18102,1,145,608821.65,188340,5,5,5,555,VIP Loyal,P2 - Maintain Loyalty,0.1,60882.16500000001
18103,549,1,105.8,23,1,2,1,121,Low Priority,P5 - Minimal Effort,0.0,0.0
18104,37,1,754.64,362,4,2,3,423,Low Priority,P5 - Minimal Effort,0.0,0.0
18105,38,1,113.48000000000002,46,4,2,1,421,New/Low Spend Active,P4 - Nurture,0.05,5.674000000000001
18106,330,6,1461.46,512,2,4,4,244,High Value At Risk,P1 - Immediate Retention,0.35,511.51099999999997
18107,442,1,167.13,66,1,2,1,121,Low Priority,P5 - Minimal Effort,0.0,0.0
18108,254,3,848.8100000000001,261,2,3,3,233,Growth Potential,P3 - Upsell Opportunity,0.15,127.3215
18109,2,38,9893.96,4885,5,5,5,555,VIP Loyal,P2 - Maintain Loyalty,0.1,989.396
18110,20,2,435.43,186,4,3,2,432,New/Low Spend Active,P4 - Nurture,0.05,21.771500000000003
18111,589,1,405.85,232,1,2,2,122,Low Priority,P5 - Minimal Effort,0.0,0.0
18112,12,4,775.96,447,5,4,3,543,Growth Potential,P3 - Upsell Opportunity,0.15,116.394
18113,369,1,152.64000000000001,144,2,2,1,221,Low Priority,P5 - Minimal Effort,0.0,0.0
18114,290,1,220.1,55,2,2,1,221,Low Priority,P5 - Minimal Effort,0.0,0.0
18115,698,1,9.700000000000001,3,1,2,1,121,Low Priority,P5 - Minimal Effort,0.0,0.0
18116,68,13,2154.3,1281,3,5,4,354,Growth Potential,P3 - Upsell Opportunity,0.15,323.14500000000004
18117,26,1,320.72,618,4,2,2,422,New/Low Spend Active,P4 - Nurture,0.05,16.036
18118,11,29,6733.22,3417,5,5,5,555,VIP Loyal,P2 - Maintain Loyalty,0.1,673.3220000000001
18119,368,1,362.24,250,2,2,2,222,Low Priority,P5 - Minimal Effort,0.0,0.0
18120,214,1,111.15,31,2,2,1,221,Low Priority,P5 - Minimal Effort,0.0,0.0
18121,149,2,673.1,450,3,3,3,333,Growth Potential,P3 - Upsell Opportunity,0.15,100.965
18122,8,6,1826.21,1234,5,4,4,544,VIP Loyal,P2 - Maintain Loyalty,0.1,182.621
18123,24,3,684.59,629,4,3,3,433,Growth Potential,P3 - Upsell Opportunity,0.15,102.6885
18124,472,1,111.53,51,1,2,1,121,Low Priority,P5 - Minimal Effort,0.0,0.0
18125,30,4,1142.99,804,4,4,3,443,Growth Potential,P3 - Upsell Opportunity,0.15,171.4485
18126,61,1,206.82999999999998,144,3,2,1,321,Low Priority,P5 - Minimal Effort,0.0,0.0
18127,19,4,561.53,252,5,4,2,542,New/Low Spend Active,P4 - Nurture,0.05,28.0765
18128,537,1,420.04,221,1,2,2,122,Low Priority,P5 - Minimal Effort,0.0,0.0
18129,243,1,112.55000000000001,48,2,2,1,221,Low Priority,P5 - Minimal Effort,0.0,0.0
18130,15,3,1059.39,824,5,3,3,533,Growth Potential,P3 - Upsell Opportunity,0.15,158.9085
18131,632,1,222.95999999999998,552,1,2,1,121,Low Priority,P5 - Minimal Effort,0.0,0.0
18132,504,1,226.9,216,1,2,1,121,Low Priority,P5 - Minimal Effort,0.0,0.0
18133,212,1,931.4999999999999,1350,2,2,3,223,Low Priority,P5 - Minimal Effort,0.0,0.0
18134,598,2,445.0,128,1,3,2,132,Low Priority,P5 - Minimal Effort,0.0,0.0
18135,29,10,1249.6200000000001,753,4,5,4,454,VIP Loyal,P2 - Maintain Loyalty,0.1,124.96200000000002
18136,63,5,1631.3600000000001,860,3,4,4,344,Growth Potential,P3 - Upsell Opportunity,0.15,244.704
18137,551,2,145.99,59,1,3,1,131,Low Priority,P5 - Minimal Effort,0.0,0.0
18138,295,1,152.65,38,2,2,1,221,Low Priority,P5 - Minimal Effort,0.0,0.0
18139,18,6,8438.34,5557,5,4,5,545,VIP Loyal,P2 - Maintain Loyalty,0.1,843.8340000000001
18140,474,1,536.41,395,1,2,2,122,Low Priority,P5 - Minimal Effort,0.0,0.0
18141,402,2,882.47,433,2,3,3,233,Growth Potential,P3 - Upsell Opportunity,0.15,132.3705
18142,157,2,1019.52,1276,3,3,3,333,Growth Potential,P3 - Upsell Opportunity,0.15,152.928
18143,117,2,1000.16,570,3,3,3,333,Growth Potential,P3 - Upsell Opportunity,0.15,150.024
18144,8,19,5058.0,2239,5,5,5,555,VIP Loyal,P2 - Maintain Loyalty,0.1,505.8
18145,13,11,5617.79,5107,5,5,5,555,VIP Loyal,P2 - Maintain Loyalty,0.1,561.779
18146,141,2,160.35000000000002,153,3,3,1,331,Low Priority,P5 - Minimal Effort,0.0,0.0
18147,46,2,179.33999999999997,203,4,3,1,431,New/Low Spend Active,P4 - Nurture,0.05,8.966999999999999
18148,647,1,114.10000000000001,64,1,2,1,121,Low Priority,P5 - Minimal Effort,0.0,0.0
18149,51,7,1624.71,918,4,4,4,444,VIP Loyal,P2 - Maintain Loyalty,0.1,162.471
18150,32,3,566.58,332,4,3,2,432,New/Low Spend Active,P4 - Nurture,0.05,28.329000000000004
18151,135,6,1879.44,986,3,4,4,344,Growth Potential,P3 - Upsell Opportunity,0.15,281.916
18152,646,1,426.69,75,1,2,2,122,Low Priority,P5 - Minimal Effort,0.0,0.0
18153,659,1,246.22,200,1,2,1,121,Low Priority,P5 - Minimal Effort,0.0,0.0
18154,3,5,932.6,626,5,4,3,543,Growth Potential,P3 - Upsell Opportunity,0.15,139.89
18155,75,3,371.62,266,3,3,2,332,Low Priority,P5 - Minimal Effort,0.0,0.0
18156,13,2,941.1700000000001,374,5,3,3,533,Growth Potential,P3 - Upsell Opportunity,0.15,141.1755
18157,571,1,215.35,146,1,2,1,121,Low Priority,P5 - Minimal Effort,0.0,0.0
18158,9,2,453.4,354,5,3,2,532,New/Low Spend Active,P4 - Nurture,0.05,22.67
18159,301,1,530.15,139,2,2,2,222,Low Priority,P5 - Minimal Effort,0.0,0.0
18160,57,3,1003.88,519,4,3,3,433,Growth Potential,P3 - Upsell Opportunity,0.15,150.582
18161,15,6,1803.1000000000001,965,5,4,4,544,VIP Loyal,P2 - Maintain Loyalty,0.1,180.31000000000003
18162,732,1,379.16,335,1,2,2,122,Low Priority,P5 - Minimal Effort,0.0,0.0
18163,584,1,728.84,452,1,2,3,123,Low Priority,P5 - Minimal Effort,0.0,0.0
18164,37,1,399.65000000000003,184,4,2,2,422,New/Low Spend Active,P4 - Nurture,0.05,19.9825
18165,177,1,302.46000000000004,254,3,2,2,322,Low Priority,P5 - Minimal Effort,0.0,0.0
18166,624,1,175.5,90,1,2,1,121,Low Priority,P5 - Minimal Effort,0.0,0.0
18167,23,3,1384.8600000000001,382,4,3,4,434,VIP Loyal,P2 - Maintain Loyalty,0.1,138.48600000000002
18168,176,16,3770.27,2177,3,5,5,355,Growth Potential,P3 - Upsell Opportunity,0.15,565.5405
18169,61,1,202.65,61,3,2,1,321,Low Priority,P5 - Minimal Effort,0.0,0.0
18170,33,9,2878.0,1184,4,5,4,454,VIP Loyal,P2 - Maintain Loyalty,0.1,287.8
18171,59,9,2437.31,991,4,5,4,454,VIP Loyal,P2 - Maintain Loyalty,0.1,243.731
18172,15,52,17479.84,7413,5,5,5,555,VIP Loyal,P2 - Maintain Loyalty,0.1,1747.9840000000002
18173,87,5,2696.36,1730,3,4,4,344,Growth Potential,P3 - Upsell Opportunity,0.15,404.454
18174,7,2,162.5,80,5,3,1,531,New/Low Spend Active,P4 - Nurture,0.05,8.125
18175,676,1,176.1,70,1,2,1,121,Low Priority,P5 - Minimal Effort,0.0,0.0
18176,358,1,476.35,283,2,2,2,222,Low Priority,P5 - Minimal Effort,0.0,0.0
18177,31,9,2216.87,1239,4,5,4,454,VIP Loyal,P2 - Maintain Loyalty,0.1,221.687
18178,129,11,6103.74,3850,3,5,5,355,Growth Potential,P3 - Upsell Opportunity,0.15,915.5609999999999
18179,9,8,2547.55,1811,5,5,4,554,VIP Loyal,P2 - Maintain Loyalty,0.1,254.75500000000002
18180,5,6,1843.75,1721,5,4,4,544,VIP Loyal,P2 - Maintain Loyalty,0.1,184.375
18181,24,5,1205.94,524,4,4,3,443,Growth Potential,P3 - Upsell Opportunity,0.15,180.891
18182,463,1,291.13,167,1,2,1,121,Low Priority,P5 - Minimal Effort,0.0,0.0
18183,227,2,632.07,371,2,3,3,233,Growth Potential,P3 - Upsell Opportunity,0.15,94.8105
18184,15,1,49.8,60,5,2,1,521,New/Low Spend Active,P4 - Nurture,0.05,2.49
18185,249,1,304.25,183,2,2,2,222,Low Priority,P5 - Minimal Effort,0.0,0.0
18186,723,1,329.58,338,1,2,2,122,Low Priority,P5 - Minimal Effort,0.0,0.0
18187,632,1,724.89,310,1,2,3,123,Low Priority,P5 - Minimal Effort,0.0,0.0
18188,15,6,3280.59,1888,5,4,5,545,VIP Loyal,P2 - Maintain Loyalty,0.1,328.059
18189,78,3,1403.73,836,3,3,4,334,Growth Potential,P3 - Upsell Opportunity,0.15,210.55949999999999
18190,192,5,745.62,490,2,4,3,243,Growth Potential,P3 - Upsell Opportunity,0.15,111.843
18191,262,2,529.4,332,2,3,2,232,Low Priority,P5 - Minimal Effort,0.0,0.0
18192,72,1,957.97,339,3,2,3,323,Low Priority,P5 - Minimal Effort,0.0,0.0
18193,165,3,1207.35,926,3,3,3,333,Growth Potential,P3 - Upsell Opportunity,0.15,181.1025
18194,82,6,4162.04,1774,3,4,5,345,Growth Potential,P3 - Upsell Opportunity,0.15,624.3059999999999
18195,387,1,101.16,60,2,2,1,221,Low Priority,P5 - Minimal Effort,0.0,0.0
18196,95,4,1464.31,1047,3,4,4,344,Growth Potential,P3 - Upsell Opportunity,0.15,219.64649999999997
18197,576,1,230.1,166,1,2,1,121,Low Priority,P5 - Minimal Effort,0.0,0.0
18198,4,17,5425.56,4074,5,5,5,555,VIP Loyal,P2 - Maintain Loyalty,0.1,542.556
18199,684,1,344.75,99,1,2,2,122,Low Priority,P5 - Minimal Effort,0.0,0.0
18200,106,1,163.8,111,3,2,1,321,Low Priority,P5 - Minimal Effort,0.0,0.0
18201,723,1,447.53000000000003,191,1,2,2,122,Low Priority,P5 - Minimal Effort,0.0,0.0
18202,200,3,1396.99,581,2,3,4,234,High Value At Risk,P1 - Immediate Retention,0.35,488.94649999999996
18203,157,4,504.42,113,3,4,2,342,Low Priority,P5 - Minimal Effort,0.0,0.0
18204,71,3,1993.7,1200,3,3,4,334,Growth Potential,P3 - Upsell Opportunity,0.15,299.055
18205,36,2,517.36,192,4,3,2,432,New/Low Spend Active,P4 - Nurture,0.05,25.868000000000002
18206,553,1,314.65999999999997,246,1,2,2,122,Low Priority,P5 - Minimal Effort,0.0,0.0
18207,499,1,544.47,325,1,2,2,122,Low Priority,P5 - Minimal Effort,0.0,0.0
18208,566,1,360.08,82,1,2,2,122,Low Priority,P5 - Minimal Effort,0.0,0.0
18209,29,1,139.10000000000002,58,4,2,1,421,New/Low Spend Active,P4 - Nurture,0.05,6.955000000000002
18210,2,7,2768.83,1499,5,4,4,544,VIP Loyal,P2 - Maintain Loyalty,0.1,276.883
18211,26,5,600.07,359,4,4,2,442,New/Low Spend Active,P4 - Nurture,0.05,30.003500000000003
18212,326,2,546.72,167,2,3,2,232,Low Priority,P5 - Minimal Effort,0.0,0.0
18213,237,1,232.48000000000002,232,2,2,1,221,Low Priority,P5 - Minimal Effort,0.0,0.0
18214,531,4,1780.34,989,1,4,4,144,High Value At Risk,P1 - Immediate Retention,0.35,623.1189999999999
18215,89,5,2247.4900000000002,1143,3,4,4,344,Growth Potential,P3 - Upsell Opportunity,0.15,337.12350000000004
18216,31,1,481.75,200,4,2,2,422,New/Low Spend Active,P4 - Nurture,0.05,24.087500000000002
18217,29,4,945.04,740,4,4,3,443,Growth Potential,P3 - Upsell Opportunity,0.15,141.756
18218,211,4,1142.0,1076,2,4,3,243,Growth Potential,P3 - Upsell Opportunity,0.15,171.29999999999998
18219,3,17,3562.89,1653,5,5,5,555,VIP Loyal,P2 - Maintain Loyalty,0.1,356.289
18220,227,6,1921.76,1352,2,4,4,244,High Value At Risk,P1 - Immediate Retention,0.35,672.616
18221,22,6,1424.94,1000,4,4,4,444,VIP Loyal,P2 - Maintain Loyalty,0.1,142.494
18222,93,1,443.0,335,3,2,2,322,Low Priority,P5 - Minimal Effort,0.0,0.0
18223,5,26,14000.85,6644,5,5,5,555,VIP Loyal,P2 - Maintain Loyalty,0.1,1400.085
18224,264,1,158.95000000000002,69,2,2,1,221,Low Priority,P5 - Minimal Effort,0.0,0.0
18225,3,26,13054.26,7304,5,5,5,555,VIP Loyal,P2 - Maintain Loyalty,0.1,1305.4260000000002
18226,44,26,11878.88,7883,4,5,5,455,VIP Loyal,P2 - Maintain Loyalty,0.1,1187.888
18227,218,2,388.75,22,2,3,2,232,Low Priority,P5 - Minimal Effort,0.0,0.0
18228,57,2,779.9,238,4,3,3,433,Growth Potential,P3 - Upsell Opportunity,0.15,116.98499999999999
18229,12,28,10803.710000000001,3183,5,5,5,555,VIP Loyal,P2 - Maintain Loyalty,0.1,1080.371
18230,9,9,4291.06,1996,5,5,5,555,VIP Loyal,P2 - Maintain Loyalty,0.1,429.10600000000005
18231,192,28,6880.97,2923,2,5,5,255,High Value At Risk,P1 - Immediate Retention,0.35,2408.3395
18232,82,4,592.97,302,3,4,2,342,Low Priority,P5 - Minimal Effort,0.0,0.0
18233,326,1,440.0,4,2,2,2,222,Low Priority,P5 - Minimal Effort,0.0,0.0
18234,552,1,179.6,80,1,2,1,121,Low Priority,P5 - Minimal Effort,0.0,0.0
18235,72,3,1796.48,1578,3,3,4,334,Growth Potential,P3 - Upsell Opportunity,0.15,269.472
18236,30,12,1795.3500000000001,696,4,5,4,454,VIP Loyal,P2 - Maintain Loyalty,0.1,179.53500000000003
18237,3,5,987.1,622,5,4,3,543,Growth Potential,P3 - Upsell Opportunity,0.15,148.065
18238,515,1,270.92,114,1,2,1,121,Low Priority,P5 - Minimal Effort,0.0,0.0
18239,219,6,2150.36,1052,2,4,4,244,High Value At Risk,P1 - Immediate Retention,0.35,752.626
18240,46,1,422.58,126,4,2,2,422,New/Low Spend Active,P4 - Nurture,0.05,21.129
18241,10,21,2986.9900000000002,1471,5,5,5,555,VIP Loyal,P2 - Maintain Loyalty,0.1,298.699
18242,72,8,3605.21,2021,3,5,5,355,Growth Potential,P3 - Upsell Opportunity,0.15,540.7814999999999
18243,414,1,515.78,221,1,2,2,122,Low Priority,P5 - Minimal Effort,0.0,0.0
18244,431,2,568.64,856,1,3,2,132,Low Priority,P5 - Minimal Effort,0.0,0.0
18245,7,20,6324.9800000000005,5098,5,5,5,555,VIP Loyal,P2 - Maintain Loyalty,0.1,632.498
18246,24,3,758.8199999999999,214,4,3,3,433,Growth Potential,P3 - Upsell Opportunity,0.15,113.823
18247,415,3,839.73,335,1,3,3,133,Growth Potential,P3 - Upsell Opportunity,0.15,125.95949999999999
18248,123,2,804.02,511,3,3,3,333,Growth Potential,P3 - Upsell Opportunity,0.15,120.603
18249,17,1,95.34,128,5,2,1,521,New/Low Spend Active,P4 - Nurture,0.05,4.767
18250,310,1,349.27,199,2,2,2,222,Low Priority,P5 - Minimal Effort,0.0,0.0
18251,87,9,26278.86,39639,3,5,5,355,Growth Potential,P3 - Upsell Opportunity,0.15,3941.8289999999997
18252,51,7,1542.09,937,4,4,4,444,VIP Loyal,P2 - Maintain Loyalty,0.1,154.209
18253,643,1,317.88,128,1,2,2,122,Low Priority,P5 - Minimal Effort,0.0,0.0
18254,581,1,267.9,188,1,2,1,121,Low Priority,P5 - Minimal Effort,0.0,0.0
18255,89,2,303.15,201,3,3,2,332,Low Priority,P5 - Minimal Effort,0.0,0.0
18256,388,1,110.7,180,2,2,1,221,Low Priority,P5 - Minimal Effort,0.0,0.0
18257,39,12,4600.15,2369,4,5,5,455,VIP Loyal,P2 - Maintain Loyalty,0.1,460.015
18258,464,6,2059.67,1981,1,4,4,144,High Value At Risk,P1 - Immediate Retention,0.35,720.8845
18259,25,7,4318.200000000001,1390,4,4,5,445,VIP Loyal,P2 - Maintain Loyalty,0.1,431.8200000000001
18260,173,23,9962.11,5247,3,5,5,355,Growth Potential,P3 - Upsell Opportunity,0.15,1494.3165000000001
18261,43,2,324.24,146,4,3,2,432,New/Low Spend Active,P4 - Nurture,0.05,16.212
18262,140,3,577.54,552,3,3,2,332,Low Priority,P5 - Minimal Effort,0.0,0.0
18263,26,3,1213.1599999999999,1468,4,3,3,433,Growth Potential,P3 - Upsell Opportunity,0.15,181.97399999999996
18264,499,1,603.25,241,1,2,2,122,Low Priority,P5 - Minimal Effort,0.0,0.0
18265,72,2,801.51,311,3,3,3,333,Growth Potential,P3 - Upsell Opportunity,0.15,120.22649999999999
18266,434,1,251.1,138,1,2,1,121,Low Priority,P5 - Minimal Effort,0.0,0.0
18267,673,1,269.37,135,1,2,1,121,Low Priority,P5 - Minimal Effort,0.0,0.0
18268,134,6,1490.23,711,3,4,4,344,Growth Potential,P3 - Upsell Opportunity,0.15,223.5345
18269,366,1,337.2,152,2,2,2,222,Low Priority,P5 - Minimal Effort,0.0,0.0
18270,38,3,444.55,209,4,3,2,432,New/Low Spend Active,P4 - Nurture,0.05,22.227500000000003
18271,610,2,680.85,319,1,3,3,133,Growth Potential,P3 - Upsell Opportunity,0.15,102.1275
18272,3,9,4385.9800000000005,2880,5,5,5,555,VIP Loyal,P2 - Maintain Loyalty,0.1,438.59800000000007
18273,2,4,357.0,140,5,4,2,542,New/Low Spend Active,P4 - Nurture,0.05,17.85
18274,30,1,175.92,88,4,2,1,421,New/Low Spend Active,P4 - Nurture,0.05,8.796
18275,578,2,741.85,417,1,3,3,133,Growth Potential,P3 - Upsell Opportunity,0.15,111.2775
18276,44,6,1656.52,1246,4,4,4,444,VIP Loyal,P2 - Maintain Loyalty,0.1,165.65200000000002
18277,58,5,1180.05,449,4,4,3,443,Growth Potential,P3 - Upsell Opportunity,0.15,177.0075
18278,74,2,414.20000000000005,140,3,3,2,332,Low Priority,P5 - Minimal Effort,0.0,0.0
18279,519,1,231.33999999999997,630,1,2,1,121,Low Priority,P5 - Minimal Effort,0.0,0.0
18280,278,2,488.15000000000003,194,2,3,2,232,Low Priority,P5 - Minimal Effort,0.0,0.0
18281,181,2,201.14,146,3,3,1,331,Low Priority,P5 - Minimal Effort,0.0,0.0
18282,8,2,178.05,103,5,3,1,531,New/Low Spend Active,P4 - Nurture,0.05,8.902500000000002
18283,4,22,2736.65,1733,5,5,4,554,VIP Loyal,P2 - Maintain Loyalty,0.1,273.665
18284,432,1,461.68,494,1,2,2,122,Low Priority,P5 - Minimal Effort,0.0,0.0
18285,661,1,427.0,145,1,2,2,122,Low Priority,P5 - Minimal Effort,0.0,0.0
18286,477,2,1296.43,608,1,3,4,134,High Value At Risk,P1 - Immediate Retention,0.35,453.7505
18287,43,7,4182.99,3013,4,4,5,445,VIP Loyal,P2 - Maintain Loyalty,0.1,418.299
